ID,stress_score,oof_seed_42,oof_seed_77,oof_seed_2026
TRAIN_0000,0.63,0.4591268573054962,0.4966199592428935,0.4968647039340473
TRAIN_0001,0.83,0.8301746083729726,0.829699165442874,0.5511578728290515
TRAIN_0002,0.7,0.6332711335219012,0.6029082004316607,0.632700260541585
TRAIN_0003,0.17,0.16955579407948107,0.1698994489513797,0.1700032670017672
TRAIN_0004,0.36,0.46473776402704237,0.3797534637669887,0.3612476196059974
TRAIN_0005,0.83,0.8299757634712229,0.8302737346329758,0.830048577483098
TRAIN_0006,0.63,0.5174111700039847,0.5208211310737023,0.4910630557349458
TRAIN_0007,0.41,0.48226616976501074,0.4376111502567682,0.46701517744559645
TRAIN_0008,0.18,0.4527714223768285,0.4925175989734906,0.40086352541622194
TRAIN_0009,0.85,0.8490172695633688,0.8494563823947926,0.8498491425667369
TRAIN_0010,0.18,0.5097818707611437,0.5402505277310584,0.5023912157129358
TRAIN_0011,0.45,0.4819692915114475,0.5708452015714441,0.5748827489366443
TRAIN_0012,0.59,0.3942619143965773,0.3961078290591383,0.40041092245898935
TRAIN_0013,0.5,0.3711542285253762,0.3903610838186664,0.3850843075719289
TRAIN_0014,0.04,0.04215149716330857,0.04172042967569506,0.048065807184226705
TRAIN_0015,0.11,0.22778792700614392,0.47372062650317087,0.23988243453567493
TRAIN_0016,0.55,0.4106666046374553,0.31551740090237956,0.31886818913376813
TRAIN_0017,0.3,0.30000013830151195,0.3001459368487211,0.3002082871971884
TRAIN_0018,0.7,0.5075532896712301,0.5109478768542333,0.5069613283415616
TRAIN_0019,0.3,0.6270089694955285,0.6600215067244058,0.5866571519237473
TRAIN_0020,0.98,0.5098269001867495,0.5177568876005159,0.5289550212222991
TRAIN_0021,0.56,0.5625052822284541,0.5015084757847511,0.5620534612857062
TRAIN_0022,0.12,0.5134007536688165,0.4948873856423366,0.5636044370774933
TRAIN_0023,0.38,0.33934638957014196,0.33401632680065985,0.37132127550381533
TRAIN_0024,0.51,0.3052346577676741,0.303313835107204,0.3435309407984576
TRAIN_0025,0.54,0.5166370831466668,0.5152816042961083,0.5383828814632164
TRAIN_0026,0.89,0.4384703472692357,0.40057982767231043,0.36030903035652195
TRAIN_0027,0.26,0.23540119792728348,0.2410882305119016,0.23834276061430154
TRAIN_0028,0.91,0.7993886014181439,0.7432441253473203,0.7854201617257106
TRAIN_0029,0.29,0.28800049018278945,0.2912567540368284,0.2883191300102738
TRAIN_0030,0.5,0.53766653020671,0.5241787185281815,0.5534257238026197
TRAIN_0031,0.67,0.6390809798564564,0.5031450387037004,0.5325898971291697
TRAIN_0032,0.32,0.2817792122348316,0.2648659583894799,0.2429166557902966
TRAIN_0033,0.86,0.48810781694005856,0.48140393010120514,0.4877769117872781
TRAIN_0034,0.43,0.35502801737071166,0.3591505758783533,0.39580320607376585
TRAIN_0035,0.4,0.5135217791914584,0.39495738668819735,0.3975423768305961
TRAIN_0036,0.55,0.49349810915970893,0.5481722765154232,0.580686725804466
TRAIN_0037,0.84,0.7208955783087281,0.6955259796134509,0.7247690631694408
TRAIN_0038,0.97,0.7517245034210587,0.46457654959315925,0.7837766072856547
TRAIN_0039,0.73,0.7270715347817853,0.7288239614067332,0.7272825752433972
TRAIN_0040,0.57,0.5671091010711916,0.5696519421614179,0.5673886484593706
TRAIN_0041,0.39,0.38522380453299687,0.43803193408287694,0.43134710079971894
TRAIN_0042,0.12,0.1484340896504025,0.13433565303441541,0.14179915285458605
TRAIN_0043,0.82,0.8254439319881715,0.8251293184976474,0.6137392141096991
TRAIN_0044,0.09,0.47330944016839277,0.48247856770185243,0.47994483330332177
TRAIN_0045,0.72,0.5082192438726307,0.5012182139720321,0.5067391366721283
TRAIN_0046,0.62,0.34019055841839396,0.33127347094923576,0.34450086833172083
TRAIN_0047,0.53,0.5771712762444173,0.497524707240373,0.5443206412102305
TRAIN_0048,0.36,0.42258098335313343,0.4707994840214388,0.4680246704339415
TRAIN_0049,0.79,0.5742404617838722,0.5556982165830133,0.5327439395883876
TRAIN_0050,0.76,0.36105478866991547,0.36595740192187043,0.35952177620207226
TRAIN_0051,0.12,0.15138786152426364,0.1485572918977548,0.1465699615578402
TRAIN_0052,0.07,0.09282554857964714,0.4622699590592363,0.3605539693593152
TRAIN_0053,0.44,0.36546406230434003,0.3640753342997294,0.37192981277616566
TRAIN_0054,0.82,0.4861680250640539,0.5576011299204481,0.5149534124686361
TRAIN_0055,0.05,0.11073185792750595,0.12847868314237698,0.11453889425659824
TRAIN_0056,0.72,0.5934228089040108,0.631802842661396,0.6386146001857869
TRAIN_0057,0.59,0.33164639791148276,0.48431309665622707,0.46908241230218595
TRAIN_0058,0.8,0.8028791280972145,0.5015432597851321,0.80604690872156
TRAIN_0059,0.08,0.3632182882417633,0.4765118539526204,0.15013112567925158
TRAIN_0060,0.36,0.3510471955367614,0.5315358080217075,0.5488729026749078
TRAIN_0061,0.52,0.5547379726469337,0.5687044215175945,0.5590734794479574
TRAIN_0062,0.55,0.4867902077403245,0.5026490319499916,0.5202230529798352
TRAIN_0063,0.19,0.5311584949504491,0.4968631092218778,0.5920334474778334
TRAIN_0064,0.9,0.4377167421241538,0.41690238876736474,0.40099425587592463
TRAIN_0065,0.59,0.5930163949211263,0.36494583386705826,0.5877251518784995
TRAIN_0066,0.18,0.4072614197317264,0.4013467962204617,0.3993894641652651
TRAIN_0067,1.0,0.9994750542335618,0.999281586283872,0.99972691719346
TRAIN_0068,0.07,0.11483727059850973,0.41075659446251334,0.11448846338647783
TRAIN_0069,0.02,0.08389389774543715,0.08208543377760291,0.06536756514197917
TRAIN_0070,0.43,0.5060712873106338,0.5096262562267936,0.501096493175396
TRAIN_0071,0.05,0.3442043003721978,0.3528770069860464,0.34378863896721573
TRAIN_0072,0.92,0.9195094310923406,0.48403772441336357,0.9196471623681102
TRAIN_0073,0.99,0.9890586794012475,0.9865460449645331,0.988280172243392
TRAIN_0074,0.27,0.2710657410146661,0.2741052757796604,0.5539674108562463
TRAIN_0075,0.13,0.510978662717089,0.4697890841985819,0.42420474443275286
TRAIN_0076,0.64,0.6398509121384847,0.6388473028343586,0.6394434680182126
TRAIN_0077,0.29,0.3718424056961779,0.33823828006609014,0.3282047303699258
TRAIN_0078,0.48,0.4091520922253489,0.492856249448096,0.3709764925361888
TRAIN_0079,0.9,0.8908469902368539,0.891857037569018,0.5090630027187973
TRAIN_0080,0.39,0.3959873769215425,0.39693747466376705,0.39658550482033206
TRAIN_0081,0.33,0.4731504495092413,0.43189071503999205,0.44392803215448756
TRAIN_0082,0.8,0.49944961334760163,0.513928844441745,0.5062683736692626
TRAIN_0083,0.98,0.9813080805676815,0.9809062525213943,0.6551964045346643
TRAIN_0084,0.53,0.6551931075498363,0.5792873310700287,0.6374147562577093
TRAIN_0085,0.74,0.5171632805112869,0.5166722708954046,0.531838252916205
TRAIN_0086,0.81,0.5162820739676972,0.5224642316786156,0.623942944467671
TRAIN_0087,0.47,0.4942713289737663,0.5095473280118049,0.491574648089335
TRAIN_0088,0.71,0.6102743455809931,0.6566152242154952,0.6112073782967593
TRAIN_0089,0.2,0.45206421613806647,0.522220610550936,0.48889065812708205
TRAIN_0090,0.52,0.38334763926891435,0.530230690699348,0.5193118853384324
TRAIN_0091,0.81,0.5304958991699209,0.5212639468062171,0.5323245820466044
TRAIN_0092,0.12,0.48804091540509564,0.5553341113608958,0.5615219527035487
TRAIN_0093,0.8,0.48271829513000786,0.8005047861498014,0.807546209418597
TRAIN_0094,0.27,0.43227147834179935,0.4255150932369571,0.43255061835339864
TRAIN_0095,0.9,0.895506803622426,0.8983688389640443,0.5108307101836095
TRAIN_0096,0.49,0.46772779309781987,0.48152816182090996,0.4954687844828829
TRAIN_0097,0.15,0.13878074099326332,0.14318423091465682,0.14211066188537724
TRAIN_0098,0.53,0.5016625556720528,0.4967532692788292,0.5049563100993776
TRAIN_0099,0.6,0.44844807037538525,0.4629977919916939,0.4835155145370246
TRAIN_0100,0.65,0.6498862575860141,0.6500936729886486,0.6501298352072201
TRAIN_0101,0.2,0.24644855445410246,0.2396043625848816,0.24022616383867995
TRAIN_0102,0.6,0.5824828331091587,0.5973874659751047,0.58136692602005
TRAIN_0103,0.03,0.41913231161001036,0.4474730963898947,0.40199116217498526
TRAIN_0104,0.93,0.3901987706708707,0.23521699867396278,0.33004131731489605
TRAIN_0105,0.71,0.4314320125752367,0.4089229578984699,0.4307670199191989
TRAIN_0106,0.19,0.20096492987330367,0.19801756997238706,0.4932761446197302
TRAIN_0107,0.66,0.5563632520430785,0.5661844688470916,0.4879110846439502
TRAIN_0108,0.15,0.1688321605899113,0.20134941796544642,0.18020580856142748
TRAIN_0109,0.52,0.47385392720049707,0.41133171305871336,0.49011026867744295
TRAIN_0110,0.48,0.4636383399293761,0.45603192063780096,0.5214353426388392
TRAIN_0111,0.59,0.5886650584823907,0.5884201574282503,0.5643184187839194
TRAIN_0112,0.97,0.6238718115350106,0.5175796188959186,0.48572511621910536
TRAIN_0113,0.87,0.5200338235140722,0.39069785302555443,0.4393747132456915
TRAIN_0114,0.47,0.5295607470888365,0.49124789230901245,0.49990164977380586
TRAIN_0115,0.36,0.361483662879417,0.5869172752742232,0.3607207581116753
TRAIN_0116,0.83,0.4446229180056703,0.8240326819912104,0.8267175113018745
TRAIN_0117,0.77,0.4448403337301068,0.760317916651031,0.7433933054518465
TRAIN_0118,0.13,0.2768659950375948,0.2595975929538616,0.2745550482366064
TRAIN_0119,0.71,0.5080560643391702,0.4880839979539484,0.5605756423387893
TRAIN_0120,0.63,0.630050670338332,0.6305868801043972,0.6299093469432827
TRAIN_0121,0.78,0.7785908088492031,0.7766768681164071,0.777464941981705
TRAIN_0122,0.54,0.5374301098302262,0.539938756448432,0.5393319317378176
TRAIN_0123,0.44,0.5329702159060699,0.5601383024819923,0.5842812672642583
TRAIN_0124,0.17,0.43196541982509273,0.4479305402349904,0.44611245857401316
TRAIN_0125,0.37,0.42793806205838625,0.5771643279887804,0.45064432339182214
TRAIN_0126,0.29,0.4999634123228044,0.4205949352649757,0.5023113595212835
TRAIN_0127,0.71,0.6232165413011276,0.6994206881008235,0.6846527458657135
TRAIN_0128,0.62,0.45725350715943386,0.46292116363803343,0.4787585743749004
TRAIN_0129,0.41,0.5384475165086057,0.5236627911680203,0.5283233868760737
TRAIN_0130,0.59,0.2812296824704155,0.36008728493379205,0.2739093922129353
TRAIN_0131,0.55,0.43499950001581605,0.5449581908583796,0.5461230122164007
TRAIN_0132,0.94,0.5009354458570348,0.4852500908827734,0.510305584088083
TRAIN_0133,0.09,0.09483004990649313,0.1010035669366684,0.5748352702694932
TRAIN_0134,0.64,0.5849869787284254,0.5912317690692992,0.5945223453726038
TRAIN_0135,0.15,0.29062683675766343,0.27860477394857297,0.2842009057353269
TRAIN_0136,0.72,0.42596291066603525,0.42469511678915783,0.4506919418275145
TRAIN_0137,0.53,0.45641313391897365,0.454355397121016,0.40281219096900656
TRAIN_0138,0.21,0.3480731044280776,0.355144472457608,0.38849957827474846
TRAIN_0139,0.58,0.5522292145506562,0.49866241404035716,0.5287025277804037
TRAIN_0140,0.48,0.5364239747413377,0.5810667364451535,0.4635456004875261
TRAIN_0141,0.77,0.6409773792057077,0.6120553552778667,0.6076338204528925
TRAIN_0142,0.59,0.5125501158663732,0.5135689797901303,0.47088240225048367
TRAIN_0143,0.77,0.47375815192199855,0.4963459811107704,0.6634850338004895
TRAIN_0144,0.26,0.5635814140271012,0.3477928311491942,0.3588745303817584
TRAIN_0145,0.76,0.45616071557738497,0.4577706643375217,0.46282772286177193
TRAIN_0146,0.8,0.599062233522959,0.5826621242269164,0.5995160667819003
TRAIN_0147,0.12,0.4912414028047227,0.50909957429391,0.5022763424427928
TRAIN_0148,0.02,0.018604386591406064,0.37258346303196566,0.019030370925063045
TRAIN_0149,0.91,0.3483756667978017,0.4007577879724939,0.43694252011933865
TRAIN_0150,0.24,0.5115984644440228,0.5295596803923676,0.554043209346446
TRAIN_0151,0.3,0.56004351104481,0.5170823493465493,0.5302069010562529
TRAIN_0152,0.55,0.5861252167274171,0.5641783245006105,0.5740814354195611
TRAIN_0153,0.7,0.48199832396145814,0.4962032544063544,0.46968984120783264
TRAIN_0154,0.38,0.37014809111029745,0.3749672363491029,0.4291330067171924
TRAIN_0155,0.46,0.5031191288266289,0.5384473634627716,0.5717894367388238
TRAIN_0156,0.24,0.4167767230155934,0.5058810963883299,0.5022784819083301
TRAIN_0157,0.9,0.8898807417951055,0.8709812712780972,0.8913473410359609
TRAIN_0158,0.12,0.23638728865131126,0.4349108349443971,0.2507512705261328
TRAIN_0159,0.18,0.45824719456756113,0.4676136464839533,0.4438396511314884
TRAIN_0160,0.11,0.5144209331458877,0.5417904356206099,0.4944756043229981
TRAIN_0161,0.67,0.6694354311288417,0.6704227280573879,0.670356915169895
TRAIN_0162,0.09,0.4648271316416255,0.43899907722991094,0.4421388764445836
TRAIN_0163,0.66,0.6670856967831797,0.6631996408311045,0.43700024547844185
TRAIN_0164,0.25,0.2717548952149329,0.2774470296383803,0.27950626670157364
TRAIN_0165,0.59,0.5114707237139605,0.578376517748914,0.5843490261082527
TRAIN_0166,0.75,0.5426353351135095,0.4761628427791856,0.498911216584677
TRAIN_0167,0.39,0.5538647485268703,0.5136256780186712,0.5359934130922603
TRAIN_0168,0.82,0.4157885758156018,0.5518366424801939,0.5562384672539843
TRAIN_0169,0.0,0.1694740225927649,0.2054433183624857,0.16276290476614202
TRAIN_0170,0.63,0.5468630732285553,0.5468090252974905,0.5612384490003302
TRAIN_0171,0.43,0.4293113767889144,0.44447295950814764,0.44740505265108965
TRAIN_0172,0.79,0.7090917203074822,0.7096751170413959,0.7143493564429034
TRAIN_0173,0.13,0.13471169490507712,0.12937263017241418,0.5745500711975933
TRAIN_0174,0.18,0.1798098564518783,0.19032207864648815,0.535684215232881
TRAIN_0175,0.8,0.47588738412753157,0.7921532426670406,0.7913885047216578
TRAIN_0176,0.03,0.24032329923417256,0.2076509876245901,0.19676135437747178
TRAIN_0177,0.0,0.5031631978828587,0.5043649673269128,0.5026714864189211
TRAIN_0178,0.61,0.5836683762742287,0.6091320972113736,0.6351154823256016
TRAIN_0179,0.98,0.7496432458555656,0.7576487048949812,0.8353090911724625
TRAIN_0180,0.35,0.3809582832810102,0.3983089576551234,0.41424344375847605
TRAIN_0181,0.83,0.8336120061002671,0.8331404763231335,0.832377652496137
TRAIN_0182,0.17,0.4836618212423479,0.4806462104943062,0.42065964579793136
TRAIN_0183,0.45,0.44277208064354606,0.43881612045981455,0.43943197775009335
TRAIN_0184,0.55,0.4846098295065161,0.48601651420466335,0.5091123436203548
TRAIN_0185,0.06,0.06984169239217586,0.1032693167456517,0.0911847900192489
TRAIN_0186,0.44,0.5023065684415746,0.5491350266152001,0.49631214989672384
TRAIN_0187,0.39,0.5155771733424256,0.5372089017691267,0.5551510847763201
TRAIN_0188,0.03,0.32966771649218163,0.3923758959091338,0.2788654031875124
TRAIN_0189,0.73,0.5294265620544769,0.5402588498263248,0.4656133535391239
TRAIN_0190,0.62,0.6171420759963073,0.616426067582424,0.6123098994984506
TRAIN_0191,0.83,0.4547561872786226,0.4529549427827023,0.39206728154474374
TRAIN_0192,0.36,0.5152544595372914,0.36210820588786996,0.5292604266936145
TRAIN_0193,0.27,0.2918806881313605,0.2655037539823347,0.2737800873303755
TRAIN_0194,0.35,0.3390837064175076,0.33441953356191323,0.3382560362989998
TRAIN_0195,0.12,0.12195200539066853,0.12175561119806971,0.5832011327773243
TRAIN_0196,0.99,0.31253823876536535,0.3461177510381004,0.3152561117588025
TRAIN_0197,0.86,0.4785199150285364,0.47394404900959486,0.4867003832886391
TRAIN_0198,0.73,0.45366835555549456,0.5293016214542199,0.5559389845454968
TRAIN_0199,0.54,0.5013749569537578,0.4901905176567861,0.49945903147871457
TRAIN_0200,0.05,0.432658527245296,0.06479254568646176,0.06418723920862685
TRAIN_0201,0.64,0.44699168280032686,0.5678840278788533,0.5623376492894796
TRAIN_0202,0.54,0.5706518257040952,0.5888671867042404,0.5939867653459243
TRAIN_0203,0.35,0.36451645089409057,0.49952073550914083,0.36827865478635136
TRAIN_0204,0.21,0.20646454697169137,0.20761535396116731,0.20736442563388557
TRAIN_0205,0.08,0.4390549212806642,0.41650794106690864,0.4198418620212679
TRAIN_0206,0.53,0.45916355128781455,0.43443781143864274,0.4394516721850686
TRAIN_0207,0.19,0.5950294250034136,0.6225745339043346,0.6337647503129381
TRAIN_0208,0.9,0.39759620447694344,0.4491852361816288,0.41662170337213084
TRAIN_0209,0.73,0.5347128387493127,0.5509178921899945,0.5276017788927493
TRAIN_0210,0.56,0.5199209441731746,0.44424749754340004,0.47267977845137854
TRAIN_0211,0.77,0.5579356721839147,0.5056276289958505,0.5578600175298662
TRAIN_0212,0.96,0.9353406347801738,0.9179085106073501,0.9081620437658127
TRAIN_0213,0.46,0.5891828738444943,0.5147151310400794,0.588463342978626
TRAIN_0214,0.99,0.9887777515136518,0.989773256777627,0.9899285765537036
TRAIN_0215,0.1,0.11064260221523747,0.10510978832194023,0.4311149223920163
TRAIN_0216,0.36,0.5717091569215793,0.605844419566557,0.5533907243015561
TRAIN_0217,0.1,0.5375103900383975,0.6027860213698409,0.5659962212864024
TRAIN_0218,0.91,0.9110356161264659,0.45528811865953533,0.49693624619823445
TRAIN_0219,0.21,0.4578166145618556,0.4635688261282556,0.4435339030985256
TRAIN_0220,0.96,0.5340149095099853,0.5352834079592207,0.856444119443154
TRAIN_0221,0.74,0.5574190022297371,0.5520266664460892,0.5379060509442803
TRAIN_0222,0.49,0.5407471929451074,0.5475722972572807,0.5553302344639544
TRAIN_0223,0.46,0.4989065825634557,0.5043895340337078,0.5084321273325949
TRAIN_0224,0.83,0.5837648725885664,0.8292443986511713,0.8273935484679428
TRAIN_0225,0.88,0.4794384481070915,0.452355998106116,0.47475582904846414
TRAIN_0226,0.03,0.3627451093754286,0.40829399935087307,0.4184956234388806
TRAIN_0227,0.37,0.421839223050635,0.5044848486837413,0.470853573747169
TRAIN_0228,0.94,0.3797072150900696,0.9395045117698566,0.48542847087642677
TRAIN_0229,0.07,0.07134600145541081,0.07144730174062863,0.5294191416251651
TRAIN_0230,0.48,0.5819842323254145,0.5033288661343825,0.5211525062966573
TRAIN_0231,0.44,0.4404231015416204,0.4441618129403737,0.4470592660454328
TRAIN_0232,0.71,0.48517998789319206,0.47155837339198337,0.4456178663773097
TRAIN_0233,0.22,0.5158627730393283,0.2841075358558589,0.3305276142162635
TRAIN_0234,0.78,0.4373034521818016,0.46714933862641317,0.4706782878670808
TRAIN_0235,0.46,0.45683241774336686,0.4564861624919309,0.44263476055282036
TRAIN_0236,0.85,0.525016179645231,0.5274490247950362,0.5052261655401087
TRAIN_0237,0.69,0.6923724319619882,0.6868272590432676,0.6886864357104162
TRAIN_0238,0.05,0.09472631354527211,0.08719144818237046,0.09012631785204162
TRAIN_0239,0.8,0.4639870603287394,0.4995510725281605,0.4925959509047303
TRAIN_0240,0.99,0.5609455045621704,0.599755160965257,0.6046720718256107
TRAIN_0241,0.35,0.3951988145873518,0.34885053463818905,0.33686653922275095
TRAIN_0242,0.12,0.5163910144729467,0.5094434747650054,0.5009915731507879
TRAIN_0243,0.93,0.4562432085331509,0.4844447290295474,0.5059053409094671
TRAIN_0244,0.53,0.47762592429143164,0.4805228743215415,0.5096689329874451
TRAIN_0245,0.84,0.6676551709331511,0.6178274060650324,0.6537076700377045
TRAIN_0246,0.17,0.16983816832098786,0.16984755128512513,0.16984651690423325
TRAIN_0247,0.37,0.4518638460008697,0.5773835903827264,0.4391258412726907
TRAIN_0248,0.08,0.4431171515891606,0.48387209904750267,0.5126475456100368
TRAIN_0249,0.59,0.5918452155846795,0.48994018813157747,0.5932838222095009
TRAIN_0250,0.52,0.49245665680149703,0.4954047318805459,0.4728023051940875
TRAIN_0251,0.58,0.4893115736847214,0.4254347459967832,0.4901262758901121
TRAIN_0252,0.65,0.651404690930969,0.6537211112538747,0.6533678243633579
TRAIN_0253,0.99,0.5388241422547944,0.5363607226063076,0.5532336046993247
TRAIN_0254,0.45,0.5473852691725614,0.47321242145670034,0.5207119525656756
TRAIN_0255,0.5,0.5369675519038734,0.529435886924725,0.527867593372634
TRAIN_0256,0.64,0.5738417098895341,0.5832866377304422,0.5916362478176217
TRAIN_0257,0.57,0.5677197445697099,0.5666067480766779,0.5661374665093387
TRAIN_0258,0.37,0.5636697230711946,0.5662439078584942,0.5629041168060052
TRAIN_0259,0.53,0.4988325113906118,0.4883452321643744,0.4915216852609134
TRAIN_0260,0.99,0.4347195937507953,0.43665009324625187,0.3653864436768196
TRAIN_0261,0.69,0.6190656226845868,0.6272298258395883,0.4881898863427775
TRAIN_0262,0.17,0.3634184745018113,0.4601873100458122,0.37029844012579094
TRAIN_0263,0.36,0.4000673202537302,0.3723161733622834,0.4176015562414195
TRAIN_0264,0.89,0.5104515268654537,0.5442299116976402,0.5493261925174479
TRAIN_0265,0.89,0.49384322871135883,0.4120118705551681,0.47815693547453053
TRAIN_0266,0.06,0.45680053311114066,0.4994089311743382,0.4706691374043603
TRAIN_0267,0.46,0.46000385896284307,0.3876302048722114,0.4598862200395929
TRAIN_0268,0.99,0.48423383348679916,0.5144220579329376,0.5038978242009801
TRAIN_0269,0.77,0.7715298473981598,0.7711922316086255,0.7720461809944933
TRAIN_0270,0.29,0.29726413111364014,0.581348323684474,0.598272615496207
TRAIN_0271,0.49,0.4992070943961915,0.5060997194285102,0.501207589860257
TRAIN_0272,0.36,0.5863462061825793,0.6034636210222913,0.5943815009845314
TRAIN_0273,0.34,0.3457366168561346,0.34269726754819474,0.3418019110473894
TRAIN_0274,0.58,0.4292218634783248,0.48991806960568945,0.4436562327904958
TRAIN_0275,0.75,0.5086465238564706,0.45682571076934475,0.4269140542459844
TRAIN_0276,0.76,0.7580859226547408,0.7589333649302894,0.7586227832748098
TRAIN_0277,0.52,0.5655208180584157,0.5756785181268073,0.5803323484531545
TRAIN_0278,0.6,0.444281396995027,0.4637242416575624,0.4043042065905933
TRAIN_0279,0.82,0.44881034698616357,0.4805674960278496,0.4709656051906877
TRAIN_0280,0.6,0.5187613916442694,0.5181931442241628,0.5128778536487998
TRAIN_0281,0.52,0.4489607738907636,0.4434144244161154,0.4092427875448375
TRAIN_0282,0.28,0.272432664687017,0.2745094820175894,0.27092765887176196
TRAIN_0283,0.22,0.4620639140454036,0.5030921786233267,0.5148521471254985
TRAIN_0284,0.02,0.024562805908100283,0.027449619744668585,0.025576024470105152
TRAIN_0285,0.48,0.46928207362719654,0.5051846395361741,0.49256926354954544
TRAIN_0286,0.21,0.5030164339987551,0.4644726817805892,0.5310942700458798
TRAIN_0287,0.41,0.46232806554643996,0.42893670552458407,0.4983149699055329
TRAIN_0288,0.16,0.2581626236044745,0.2821933604271636,0.2656800448057362
TRAIN_0289,0.37,0.45529713002179867,0.4346363733075767,0.49650357503235515
TRAIN_0290,0.13,0.13171222102672736,0.1352314461710994,0.13475711782557898
TRAIN_0291,0.25,0.4717337743230889,0.49359877197736574,0.4901866957323976
TRAIN_0292,0.12,0.1889845408915206,0.1627722039973798,0.1682754450433469
TRAIN_0293,0.95,0.6942385025397247,0.7165134364444382,0.47171797611436445
TRAIN_0294,0.96,0.9600413607165332,0.9597130870661101,0.9599281951319543
TRAIN_0295,0.82,0.6649345602233443,0.5487393226290979,0.6540513447288901
TRAIN_0296,0.5,0.3097110297647523,0.3769977284110083,0.3506351614558802
TRAIN_0297,0.24,0.44926859479303805,0.23933104608096056,0.24417344431772614
TRAIN_0298,0.3,0.3905433755721316,0.4075049304217378,0.3920183742633804
TRAIN_0299,0.95,0.517776391039219,0.47245413807599435,0.4925000460489997
TRAIN_0300,0.76,0.5928367875229914,0.565121241316328,0.5734373519553547
TRAIN_0301,0.62,0.45245886765007437,0.3430831502662993,0.4432908240731625
TRAIN_0302,0.97,0.4805759745690227,0.5328673594324459,0.5105746239581151
TRAIN_0303,0.7,0.5144117084465938,0.5244938000355505,0.5900290457043704
TRAIN_0304,0.12,0.4469795662167123,0.439130494650903,0.3168883131895298
TRAIN_0305,0.07,0.5054972046758942,0.5071059910263991,0.5018890749416777
TRAIN_0306,0.51,0.49983820072803853,0.4529876962604891,0.5307796033598882
TRAIN_0307,0.27,0.43730800944734327,0.501307302073362,0.4837485855122733
TRAIN_0308,0.49,0.49677509197406533,0.4915429528640834,0.4968546525075229
TRAIN_0309,0.6,0.5012266159403846,0.4966323909244643,0.5112968121431196
TRAIN_0310,0.66,0.4782616655251016,0.509751184926852,0.48297324715305207
TRAIN_0311,0.32,0.5096111991441603,0.4641965356007844,0.4508001636554799
TRAIN_0312,0.7,0.690581450635393,0.6845116941304813,0.4284765763320032
TRAIN_0313,0.49,0.5061045028094945,0.4618462021250601,0.46163820760405805
TRAIN_0314,0.37,0.5024669873979781,0.5106200258864897,0.5262216210988311
TRAIN_0315,0.75,0.5711284663827803,0.5341875366642351,0.7804388832068174
TRAIN_0316,0.57,0.46999296980485805,0.55363971970202,0.5568526353485982
TRAIN_0317,0.37,0.3941242304909588,0.3871576233093145,0.3767219901670523
TRAIN_0318,0.89,0.8783301082182817,0.5189188892143332,0.8735573974519922
TRAIN_0319,0.53,0.5627430486388907,0.5605089543015889,0.5356041882925298
TRAIN_0320,0.81,0.7268706199752911,0.726744854864489,0.7262487104915982
TRAIN_0321,0.32,0.54453596545777,0.5520719857136631,0.4187958796509048
TRAIN_0322,0.18,0.1797095263818042,0.4517606488329627,0.18023534339917685
TRAIN_0323,1.0,1.0,0.5435912699649827,1.0
TRAIN_0324,0.71,0.5318610875027622,0.47914042530375,0.5059083420292265
TRAIN_0325,0.02,0.4859844670852235,0.5048705393071606,0.48918226630490774
TRAIN_0326,0.42,0.5216030668282559,0.5405956548977201,0.5295558094221406
TRAIN_0327,0.23,0.4652515150638749,0.46083319575509457,0.5111026348223263
TRAIN_0328,0.89,0.5214159697021737,0.5203770667651562,0.4889777836225448
TRAIN_0329,0.72,0.40080429570229337,0.40429907889212396,0.38633289967995643
TRAIN_0330,0.16,0.18563276319875688,0.16213669265681357,0.35524496981613285
TRAIN_0331,0.54,0.3983344277516071,0.41943629808823824,0.4536223357773069
TRAIN_0332,0.56,0.5325115397358497,0.5167114870242688,0.5141232748028163
TRAIN_0333,0.96,0.507941252139162,0.5161892077718511,0.5422259224821381
TRAIN_0334,0.01,0.4289395981773364,0.44764447113020733,0.44447357826934397
TRAIN_0335,0.82,0.5363646865390947,0.5149354435657914,0.5588306712492948
TRAIN_0336,0.56,0.4273289278568607,0.43987731908144206,0.480370218386136
TRAIN_0337,0.96,0.47988694604466386,0.48596502158230936,0.49989803300137553
TRAIN_0338,0.2,0.3327073252895916,0.33648513507762334,0.33139146266481645
TRAIN_0339,0.97,0.9177310217758026,0.5212839378040678,0.9267151442723528
TRAIN_0340,0.66,0.535713113122912,0.5359413201201382,0.5438212440336517
TRAIN_0341,0.0,0.0,0.004928810247660176,0.004068306877988204
TRAIN_0342,0.97,0.3061774417863932,0.39300331616146394,0.3211044319909998
TRAIN_0343,0.02,0.4382883818572642,0.4792793137563512,0.47384039995926275
TRAIN_0344,0.86,0.8589323235923005,0.8623603341475139,0.8588721869078482
TRAIN_0345,0.39,0.4297380878083562,0.4768496777196945,0.48684556311418997
TRAIN_0346,0.62,0.6217981558939027,0.6265304236565071,0.616126834773854
TRAIN_0347,0.18,0.1799292925591554,0.451598636687638,0.180205169618193
TRAIN_0348,0.86,0.7500325409744706,0.7559141933284996,0.7551529472303573
TRAIN_0349,0.11,0.4645429573073785,0.4295567025305884,0.4610909927977787
TRAIN_0350,0.07,0.3869968191897973,0.40315269214184735,0.48176434530907897
TRAIN_0351,0.55,0.5541794970749884,0.5630924582373497,0.5582938564732398
TRAIN_0352,0.86,0.5298127250291306,0.44586928984178154,0.5143039585253172
TRAIN_0353,0.85,0.4732323239319368,0.538318616960562,0.5100132866207574
TRAIN_0354,0.89,0.5189141404131069,0.49655185776396943,0.5079778383403613
TRAIN_0355,0.63,0.632893521169238,0.6298563611167873,0.6305802593773062
TRAIN_0356,0.28,0.4214644596010527,0.4447227984009313,0.4319715788888464
TRAIN_0357,0.02,0.05184324831422643,0.05580900644567893,0.051736744485602226
TRAIN_0358,0.68,0.43556021587977645,0.5876703079978678,0.6069225061154238
TRAIN_0359,0.77,0.7754149296233868,0.7763032593601069,0.773491266496774
TRAIN_0360,0.05,0.5452571649309792,0.3294803091045843,0.3282967091480945
TRAIN_0361,0.2,0.31028853269048506,0.3715139627590037,0.36967907096679076
TRAIN_0362,0.76,0.7551668429630026,0.4929069569200374,0.7544859479126182
TRAIN_0363,0.04,0.5279241118828831,0.2262053637068826,0.22399543225863988
TRAIN_0364,0.56,0.6875503508484444,0.6796252057541815,0.6843456136810423
TRAIN_0365,0.33,0.45583701042789426,0.46447355539279955,0.5084520026321624
TRAIN_0366,0.68,0.37294983210994076,0.3759046476232733,0.36388052120240627
TRAIN_0367,0.38,0.4184699163555587,0.44424483026130035,0.4035391657605621
TRAIN_0368,0.98,0.6280538868482922,0.5115820840192736,0.6190201454353549
TRAIN_0369,0.22,0.4015559229359697,0.3949638429515367,0.32698749420958817
TRAIN_0370,0.6,0.5413392122621372,0.5344666141697515,0.5254466995460891
TRAIN_0371,0.09,0.24411654943421357,0.2870229734314773,0.24211648673380665
TRAIN_0372,0.51,0.512631886198066,0.5062018710853894,0.4597898758388746
TRAIN_0373,0.17,0.5862014250242918,0.6049165847958242,0.5463857714128251
TRAIN_0374,0.01,0.013056242471444657,0.463105099257087,0.013926036833648958
TRAIN_0375,0.54,0.287055868352562,0.30984173387049563,0.28314954410150134
TRAIN_0376,0.75,0.7316450011328864,0.7240820344601453,0.7245672010532125
TRAIN_0377,0.92,0.30228531430773453,0.3674020955068965,0.34688064542266406
TRAIN_0378,0.76,0.47970406413071137,0.6946934790422129,0.6922106576627391
TRAIN_0379,0.98,0.3474576709800532,0.31784719200178013,0.29582640166494334
TRAIN_0380,0.59,0.5456008933717374,0.5610293075742523,0.5457756252930961
TRAIN_0381,0.48,0.5281010544563325,0.5413228245666916,0.5374921558934326
TRAIN_0382,0.26,0.28951456605919035,0.2951187621983966,0.27096153902795916
TRAIN_0383,0.5,0.49639336151394264,0.4930709610718143,0.5118166458605967
TRAIN_0384,0.64,0.6373149984694277,0.5834813154143395,0.6392119730474841
TRAIN_0385,0.54,0.35046968447552646,0.4341397283163315,0.4079411364472472
TRAIN_0386,0.31,0.6099658782156568,0.3215083433566651,0.32201435302047854
TRAIN_0387,0.37,0.37388079840635996,0.39256005784147974,0.37515494601979327
TRAIN_0388,0.41,0.5055679097661309,0.5115304129973641,0.538977104258004
TRAIN_0389,0.37,0.49770524490893653,0.5368343890947802,0.5257151424931434
TRAIN_0390,0.09,0.4468575874387511,0.43913746389338204,0.4947405133407655
TRAIN_0391,0.79,0.49457902496893685,0.42096922731094866,0.45512697710197464
TRAIN_0392,0.99,0.3018595870610031,0.403914253096077,0.4167054274409551
TRAIN_0393,0.3,0.27948970426094416,0.2902108428557314,0.27798555715283896
TRAIN_0394,0.15,0.4847630264509606,0.48193650089870604,0.48615006328741023
TRAIN_0395,0.65,0.6492155101208974,0.6495648969221114,0.6501589685485616
TRAIN_0396,0.26,0.4273262571205405,0.4162248121750526,0.4402029506417465
TRAIN_0397,1.0,0.20573005988818488,0.5348455086413119,0.19233870042800294
TRAIN_0398,0.52,0.6277311417322887,0.5307077099815871,0.5487594415472693
TRAIN_0399,0.57,0.30790275244502163,0.2677778918824818,0.3103782238103634
TRAIN_0400,0.16,0.17641669270604837,0.49914515826527256,0.17925757358024108
TRAIN_0401,0.02,0.022383173182635274,0.023215176117891867,0.02829439622211488
TRAIN_0402,0.4,0.3143227074844515,0.3646069574179729,0.32029936723876495
TRAIN_0403,0.12,0.35652646361713436,0.3565129822570332,0.3698652073561647
TRAIN_0404,0.13,0.38144124612692676,0.26631350027164746,0.2803226540348741
TRAIN_0405,0.45,0.45021580632577723,0.45030829111155146,0.5545505190536495
TRAIN_0406,0.96,0.5569810654120074,0.5431280140404662,0.5357245471689251
TRAIN_0407,0.12,0.5349905297881087,0.5238246383742806,0.5311552260058642
TRAIN_0408,0.65,0.5318698869073557,0.4816743144007553,0.48767408333388446
TRAIN_0409,0.23,0.5417104253582762,0.5579429869893741,0.5139195883132328
TRAIN_0410,0.36,0.550668270072627,0.5314439029975742,0.5212244978354046
TRAIN_0411,0.84,0.39132642158698505,0.3646807643559156,0.47601069836158855
TRAIN_0412,0.93,0.442549665595535,0.9237356920998134,0.9240886311910721
TRAIN_0413,0.32,0.44196559159751264,0.4809182453774419,0.5192573249837629
TRAIN_0414,0.67,0.4031473124775985,0.42977907545184696,0.3819950195716205
TRAIN_0415,0.9,0.3724920333406877,0.39643041561376235,0.42137634209169517
TRAIN_0416,0.32,0.6442281796907914,0.6325381099736181,0.6184473580713032
TRAIN_0417,0.37,0.37761868222534595,0.3811487937633533,0.38016966828300786
TRAIN_0418,0.19,0.20093532265969505,0.19968150901071946,0.19870402325228154
TRAIN_0419,0.14,0.6905952442622117,0.7576108478358945,0.6795532549582591
TRAIN_0420,0.88,0.8470278992556063,0.8542887256040692,0.8448806755493071
TRAIN_0421,0.84,0.5414550083703517,0.5182441768218886,0.5079695577860356
TRAIN_0422,0.21,0.23498686007208924,0.23357095712495385,0.23292390479252467
TRAIN_0423,0.74,0.553375423081632,0.5027897301745627,0.5146706474395808
TRAIN_0424,0.54,0.41162762131918007,0.411788138195047,0.40897740587694575
TRAIN_0425,0.6,0.5940000141382767,0.6128345593787907,0.5813647904346728
TRAIN_0426,0.16,0.5371220519849553,0.4781153167629573,0.4825785284730588
TRAIN_0427,0.1,0.09367780065141051,0.09583590350079818,0.5064421605609121
TRAIN_0428,0.12,0.1644764924162727,0.16141125370327158,0.15888689701402842
TRAIN_0429,0.28,0.400119120937087,0.43938720845310586,0.38551038574963803
TRAIN_0430,0.82,0.8237580409648417,0.8224698810442339,0.8218528308463022
TRAIN_0431,0.38,0.301367142365348,0.24954703459125482,0.2646170786626486
TRAIN_0432,0.17,0.6000239775108926,0.7284490675193193,0.7102916292826185
TRAIN_0433,0.36,0.4273353738738259,0.38085125255721786,0.4159292915405011
TRAIN_0434,0.14,0.4328000129554851,0.454759592262999,0.45706428243793124
TRAIN_0435,0.72,0.509904606390423,0.5068829004999539,0.5024835306676854
TRAIN_0436,0.55,0.5888427283382792,0.5501750118327983,0.5427702326927094
TRAIN_0437,0.7,0.5625636148226917,0.6948419771188771,0.7026232331196215
TRAIN_0438,0.59,0.5578026418964301,0.5616554351863297,0.5613502661946331
TRAIN_0439,0.52,0.5507974098844898,0.6007997738742729,0.5339284736978942
TRAIN_0440,0.18,0.49504253602632736,0.47458432905444137,0.4773635080371697
TRAIN_0441,0.11,0.45508686793711406,0.2882489129794512,0.297685077187855
TRAIN_0442,0.98,0.48614320487840396,0.4546355481536003,0.5023980820998181
TRAIN_0443,0.09,0.09141786398770801,0.092478870911199,0.6032354061453985
TRAIN_0444,0.14,0.5707343367193658,0.14097790474378052,0.1423249665378598
TRAIN_0445,0.68,0.48012354689085374,0.627069629941144,0.614493800949846
TRAIN_0446,0.07,0.0660075845539031,0.06763972165846838,0.0668025605717118
TRAIN_0447,0.6,0.4352795732605365,0.41245220363212287,0.47377185103953123
TRAIN_0448,0.13,0.22790176739060197,0.18781237195268263,0.2221303882801266
TRAIN_0449,0.54,0.5404878548592397,0.5375287341724384,0.5450136407728667
TRAIN_0450,0.61,0.5595644770992438,0.5350563577484087,0.5508422524791664
TRAIN_0451,0.39,0.5447905974172483,0.531640250990867,0.5637087085525005
TRAIN_0452,0.62,0.6226315758643531,0.6119404658932539,0.608813366146521
TRAIN_0453,0.1,0.47125936456903755,0.47904286583637784,0.11265436291901793
TRAIN_0454,0.75,0.7668515948604738,0.767915993985915,0.39334565560537377
TRAIN_0455,0.91,0.447115335706866,0.4551384640037775,0.4462738860249836
TRAIN_0456,0.89,0.49855016917756817,0.5134647475386516,0.5137854559232102
TRAIN_0457,0.52,0.5167016781973585,0.5180033634913586,0.5169448783339055
TRAIN_0458,0.42,0.4174620427226759,0.41347006093645916,0.41973596857018625
TRAIN_0459,0.74,0.6713784856400962,0.6204056842532765,0.6645885758647466
TRAIN_0460,0.52,0.42323786125384194,0.41999576677684386,0.4542828414937992
TRAIN_0461,0.78,0.4803920482231949,0.44856776061194426,0.4286435718533736
TRAIN_0462,0.11,0.48424306820278534,0.4779070289392208,0.49162083423314157
TRAIN_0463,0.31,0.3086014518717464,0.30872791566797486,0.3123734428415377
TRAIN_0464,0.06,0.5710179002670536,0.5155110814360322,0.5721774681023066
TRAIN_0465,0.96,0.9627431458722164,0.7223027653249581,0.9494696141255161
TRAIN_0466,0.31,0.5128322571237186,0.4897477970040048,0.44949525195387274
TRAIN_0467,0.08,0.5061266470953942,0.4906634756081585,0.4771398461347693
TRAIN_0468,0.31,0.3393235508523679,0.2889316395715532,0.2695847985557985
TRAIN_0469,0.06,0.5325407626603993,0.568475476821825,0.562874120564276
TRAIN_0470,0.78,0.4591420677264596,0.43750714810521385,0.4918789082462864
TRAIN_0471,0.49,0.5402523479192228,0.523774850310588,0.5246567477683435
TRAIN_0472,0.5,0.5897116727411321,0.5709357730144003,0.5603849749569059
TRAIN_0473,0.46,0.5316613343210281,0.4702423646614844,0.4195190307985913
TRAIN_0474,0.48,0.4861269337298551,0.40879294744266187,0.4860605435009214
TRAIN_0475,0.15,0.489329682451349,0.4916198269166978,0.46311899364176157
TRAIN_0476,0.38,0.36341859603049137,0.3633828969870469,0.3592965300471981
TRAIN_0477,0.31,0.3330722526820712,0.44442697477420423,0.49195311629064414
TRAIN_0478,0.6,0.334210780353356,0.39538818585017754,0.3698951419668803
TRAIN_0479,0.82,0.5503218286068307,0.560731510502948,0.5492512851799378
TRAIN_0480,0.71,0.6478340466543933,0.6251487821547075,0.6349884444283079
TRAIN_0481,0.21,0.3530324493721092,0.3526883954294251,0.3379303133407239
TRAIN_0482,0.57,0.4263025337626598,0.347572132270529,0.36269853999195883
TRAIN_0483,0.31,0.4261850183602518,0.3147967935574273,0.31829317171272925
TRAIN_0484,0.57,0.5078346038783469,0.5157362033411771,0.5240029507049503
TRAIN_0485,0.11,0.7202014747822426,0.6364622305043551,0.6591905663146006
TRAIN_0486,0.49,0.49065497766872895,0.4910907126120277,0.4909981515689115
TRAIN_0487,0.97,0.9402971300873249,0.540637809014378,0.9445934754069023
TRAIN_0488,0.85,0.6849150812043444,0.5536247861184305,0.6836868512791412
TRAIN_0489,0.01,0.48380415259568005,0.2873244037566547,0.3872251345753534
TRAIN_0490,0.56,0.48931991314229717,0.47810537493862304,0.5004531687754843
TRAIN_0491,0.11,0.4726940231226211,0.4923116262163128,0.47570454382211536
TRAIN_0492,0.0,0.28802728693676805,0.5550314741193751,0.35197375506139084
TRAIN_0493,0.93,0.9300035938088536,0.9325686928124458,0.9346223220354195
TRAIN_0494,0.12,0.18773597025836897,0.1811436963843608,0.6920971330604029
TRAIN_0495,0.96,0.9600297349328538,0.9600356087098759,0.9600128260497927
TRAIN_0496,0.51,0.689907552667188,0.6764903546945082,0.6740798481692911
TRAIN_0497,0.24,0.44753871786070726,0.24350392595532916,0.24604242428193873
TRAIN_0498,0.02,0.2973141415697876,0.32710650789848505,0.3119516304381845
TRAIN_0499,0.16,0.549285704603172,0.15729739712930757,0.15368452906434527
TRAIN_0500,0.03,0.2250707836829977,0.5687229693875908,0.580380110111907
TRAIN_0501,0.29,0.459769347780921,0.42846237344657284,0.41278537834508044
TRAIN_0502,0.18,0.5703246884586215,0.5268834071254376,0.5530180090871049
TRAIN_0503,0.01,0.4047246605989167,0.4355060519899786,0.45640964052999866
TRAIN_0504,0.84,0.5142019089319099,0.5512793643287183,0.5597724563129804
TRAIN_0505,0.59,0.5519722924160828,0.5337665639992045,0.5363226126185282
TRAIN_0506,0.62,0.4762381618525625,0.48449640782852543,0.456882886810692
TRAIN_0507,0.73,0.6029015233559694,0.5352858032233765,0.7368642425654084
TRAIN_0508,0.74,0.5933370072680624,0.6170382813871468,0.631697780657309
TRAIN_0509,0.94,0.3771481767029461,0.38675031769991874,0.3957608950163961
TRAIN_0510,0.3,0.49357326382917815,0.5031986417376393,0.49983788330854584
TRAIN_0511,0.15,0.15877950397570917,0.14572394701404073,0.1415271808488217
TRAIN_0512,0.73,0.727827141488014,0.7275915020441482,0.4445491533521432
TRAIN_0513,0.94,0.5730747623010315,0.5657275280729737,0.5403356444941123
TRAIN_0514,0.25,0.43011003894295446,0.5510498002063764,0.4552514105950295
TRAIN_0515,0.2,0.46294271860234365,0.4282368367869036,0.4689482665754156
TRAIN_0516,0.34,0.3410680636544886,0.3421986613912684,0.3417975433328754
TRAIN_0517,0.67,0.7027927470073032,0.704729431373611,0.7026739984468973
TRAIN_0518,0.94,0.5135689603822134,0.5582181298828144,0.5252483099213663
TRAIN_0519,0.63,0.5485351893729618,0.5384604196737495,0.5447751686025605
TRAIN_0520,0.58,0.4759295087481788,0.4481925371472667,0.4776833600091646
TRAIN_0521,0.2,0.538613068748957,0.5175754485417756,0.5448481002056893
TRAIN_0522,0.96,0.9548222902497808,0.9561343680984126,0.9523825613070013
TRAIN_0523,0.22,0.5286025238530352,0.4693818749730137,0.5642218278470736
TRAIN_0524,0.77,0.5245661275110229,0.5190017679064801,0.510263140279246
TRAIN_0525,0.53,0.3994199681173688,0.47578496751455446,0.4077422009228156
TRAIN_0526,0.55,0.48691548240632726,0.464182131913214,0.4525025574150494
TRAIN_0527,0.74,0.32559592676903415,0.14099086476876138,0.1698946843563368
TRAIN_0528,0.88,0.8770289373250788,0.8748593097328259,0.8743519423980666
TRAIN_0529,0.04,0.21454599387321616,0.6542483991814714,0.25032173583218814
TRAIN_0530,0.16,0.4982839525567485,0.46882502766403666,0.4842198516773775
TRAIN_0531,0.26,0.5172967779252575,0.2709015240107032,0.2708448868216432
TRAIN_0532,0.13,0.13135472827257566,0.13137140794464025,0.5229750085583643
TRAIN_0533,0.33,0.485502810301186,0.45644766557657485,0.4932062221510217
TRAIN_0534,0.47,0.560857808045574,0.5450853965694047,0.5257823025216284
TRAIN_0535,0.13,0.5310459176140145,0.5706315133718101,0.5082072371846642
TRAIN_0536,0.72,0.5184755234403431,0.514392257609766,0.48318542078899623
TRAIN_0537,0.12,0.10969977816638171,0.12698228904627834,0.12710286659375764
TRAIN_0538,0.71,0.5448153144036468,0.5407783373272271,0.5354554309917118
TRAIN_0539,0.85,0.8508135269477357,0.6068828473606237,0.8646323078617231
TRAIN_0540,0.17,0.47197785515827706,0.4566999098966173,0.48284868271043685
TRAIN_0541,0.61,0.4883335080306891,0.4597774267904493,0.47306706123763004
TRAIN_0542,0.6,0.44414058114309596,0.47596136217750235,0.5111818365640612
TRAIN_0543,0.7,0.482812110032484,0.46921147380355255,0.4792492904411111
TRAIN_0544,0.64,0.44633028747301684,0.4414549474676038,0.4641991308093714
TRAIN_0545,0.41,0.35225274847491006,0.3179274116172908,0.3254035134227149
TRAIN_0546,0.08,0.11375691236918323,0.10801595526061297,0.11614913742935917
TRAIN_0547,0.9,0.40090436715394756,0.40183689247249604,0.3653122578067086
TRAIN_0548,0.17,0.32191170910274336,0.3329383684184191,0.30490653320400835
TRAIN_0549,0.7,0.7056852699306977,0.7080810785525018,0.4375788574554182
TRAIN_0550,0.51,0.5104352955069419,0.5142770211369738,0.5136076784520465
TRAIN_0551,0.16,0.4322505981079686,0.4376426295168534,0.5390892540359442
TRAIN_0552,0.36,0.5121714917792298,0.5098409657236885,0.4843634226814528
TRAIN_0553,0.09,0.09029049234800146,0.09551841466996547,0.09420418818313847
TRAIN_0554,0.76,0.7576565556726496,0.49446400008997476,0.7579924239653408
TRAIN_0555,0.2,0.4110467240315662,0.4066401109962362,0.41619437447362106
TRAIN_0556,0.84,0.4974091113151416,0.5730579991170955,0.5675635024505873
TRAIN_0557,0.11,0.11615419399301147,0.1149095049484779,0.11690317981107773
TRAIN_0558,0.83,0.8301241299142924,0.8296288259461011,0.829929566294656
TRAIN_0559,0.31,0.49150347944154926,0.503468320395552,0.5183866969996398
TRAIN_0560,0.66,0.5284609729362492,0.4399581720741118,0.4182842382486748
TRAIN_0561,0.1,0.10172154659198601,0.10172558641014068,0.10191983894910539
TRAIN_0562,0.91,0.4426854304999985,0.47020276014496887,0.47520234590204374
TRAIN_0563,0.34,0.4441030572628483,0.4186817210813597,0.37070636122389533
TRAIN_0564,0.23,0.5664675651307172,0.6619090743149185,0.6261307875603311
TRAIN_0565,0.45,0.5133023043826572,0.5254230972501643,0.5350599393547848
TRAIN_0566,0.07,0.1454347944569891,0.152392051581363,0.13477520852105906
TRAIN_0567,0.19,0.4763696880885913,0.19032340938745596,0.1840740112165269
TRAIN_0568,0.7,0.5904740754998693,0.6207106304367468,0.5746984075358219
TRAIN_0569,0.04,0.041400634466824626,0.041397389666335105,0.04218530356573952
TRAIN_0570,0.54,0.46030129117820145,0.47480003045342567,0.46892140887505307
TRAIN_0571,0.49,0.47750501009351964,0.46776561577222064,0.4691578771230766
TRAIN_0572,0.25,0.31782237601817276,0.36648698166821503,0.33437421346028506
TRAIN_0573,0.26,0.3531346072704666,0.35264239178832923,0.34081892296327526
TRAIN_0574,0.12,0.2281671449409451,0.2097652118074697,0.2941280451406232
TRAIN_0575,0.18,0.4784941363340535,0.4881920578733812,0.49959173898112663
TRAIN_0576,0.11,0.4043983723527308,0.3754079666124143,0.4434095719315705
TRAIN_0577,0.73,0.7154755813842132,0.7208650284969572,0.7172448290055016
TRAIN_0578,0.09,0.08885763962152793,0.09155285611113079,0.08896293641205699
TRAIN_0579,0.88,0.5416413555225333,0.49753320305451093,0.5084317585768596
TRAIN_0580,0.42,0.5288791729086819,0.5656194709953642,0.5595566326432682
TRAIN_0581,0.72,0.6605554896476618,0.6583906465265154,0.6776882511237896
TRAIN_0582,0.52,0.5871784979516704,0.5722297269886958,0.5863784717512996
TRAIN_0583,0.65,0.6354605008397629,0.5754123971062978,0.5862197186181913
TRAIN_0584,0.45,0.5552421253224439,0.49101073652233634,0.5102657437718727
TRAIN_0585,0.57,0.44526452510209263,0.4392518907977517,0.4929775154992666
TRAIN_0586,0.72,0.7137588633500508,0.7188998045875181,0.543231866937498
TRAIN_0587,0.88,0.2875962774833579,0.3168388974870562,0.2965320055270501
TRAIN_0588,0.15,0.5567996323115971,0.5850941044227231,0.5389250296054231
TRAIN_0589,0.67,0.66954770182253,0.6755137114300439,0.6776709867092044
TRAIN_0590,0.01,0.011457295008914736,0.011281729337374757,0.011587070048536319
TRAIN_0591,0.05,0.5190645294263118,0.5142048893883769,0.5097287904815072
TRAIN_0592,0.23,0.5364064531913914,0.5748310806807191,0.5798139050696549
TRAIN_0593,0.34,0.34010075220957353,0.33918774214607855,0.3389643713118433
TRAIN_0594,0.43,0.43319811371401845,0.4565805164921275,0.43322237382431183
TRAIN_0595,0.78,0.7836612346518288,0.7779565094866856,0.7790837635587007
TRAIN_0596,0.21,0.4718485760511324,0.4743108721736732,0.47342665814618745
TRAIN_0597,0.5,0.4684090244186668,0.4948560573788634,0.46724828672444213
TRAIN_0598,0.92,0.4781998595153262,0.5257900506179293,0.5106461796939971
TRAIN_0599,0.76,0.5008157250440199,0.5009066324647281,0.47101729966899175
TRAIN_0600,0.97,0.967749653434564,0.9662778280956197,0.9684047230230701
TRAIN_0601,0.26,0.6104110701346463,0.5736547807523956,0.5707828602397664
TRAIN_0602,0.92,0.4784094198562916,0.5113035030696677,0.4432840408972131
TRAIN_0603,0.94,0.7599118518997081,0.7751331649063715,0.808916697091346
TRAIN_0604,0.05,0.5081411031335248,0.4928278510750555,0.4791391772786491
TRAIN_0605,0.7,0.6998011942256708,0.44681506643434443,0.6983375529435472
TRAIN_0606,0.01,0.5661213013676067,0.45243169848334475,0.5534421566606001
TRAIN_0607,0.68,0.35025848457898234,0.33933779837781314,0.3343435650530108
TRAIN_0608,0.74,0.47804078763997515,0.3835518761174383,0.40640077825479304
TRAIN_0609,0.83,0.6430703278452364,0.5889425446854689,0.6173899002728258
TRAIN_0610,0.36,0.3593273760085433,0.5424448000865156,0.5574209760498576
TRAIN_0611,0.18,0.428885198447463,0.4390018656280418,0.34555508617220254
TRAIN_0612,0.98,0.4980357921741583,0.44381539286798316,0.4887813741399301
TRAIN_0613,0.26,0.41504868166080494,0.3841706546622262,0.386150092725846
TRAIN_0614,0.69,0.6320206444802103,0.6334711032747313,0.6553208447055591
TRAIN_0615,0.53,0.4711803563945428,0.46584835911160083,0.5457709833503607
TRAIN_0616,0.13,0.17089348456409903,0.4847981923076224,0.5675345130173097
TRAIN_0617,0.38,0.3990231610498161,0.39978275398892815,0.3951588441941387
TRAIN_0618,0.45,0.4559562255300735,0.4554247763880842,0.45830856318277224
TRAIN_0619,0.0,0.46720820329644236,0.038922692386171354,0.04136088939732202
TRAIN_0620,0.05,0.6063554424817579,0.5528148575954424,0.6245142866953917
TRAIN_0621,0.49,0.47745358222127626,0.4782255055126242,0.48346305532066874
TRAIN_0622,0.13,0.5620397058349229,0.5956638164787608,0.5805342133810071
TRAIN_0623,0.72,0.6989780383021678,0.6772586210422232,0.6861778054109708
TRAIN_0624,0.48,0.585166904705259,0.5330737363112565,0.5690802356724433
TRAIN_0625,0.71,0.48446248003875036,0.49604868108718525,0.46713766903890946
TRAIN_0626,0.07,0.5031268497973577,0.48232794242348687,0.4862482830343825
TRAIN_0627,0.23,0.5153525897011431,0.470161883783174,0.41516569966719163
TRAIN_0628,0.86,0.8513800815270398,0.8551606674821735,0.8544326673257969
TRAIN_0629,0.78,0.5509832529009175,0.5280858196721461,0.5156414111214631
TRAIN_0630,0.37,0.5109247095487637,0.4107332938096964,0.4214291304766358
TRAIN_0631,0.15,0.4890922100599583,0.4509267913249964,0.44837609443302306
TRAIN_0632,0.61,0.6121300097134587,0.5605118494204173,0.6115136146582945
TRAIN_0633,0.23,0.3253999447297888,0.3402992803380344,0.3341118243131553
TRAIN_0634,0.84,0.6891756713028598,0.6848672865824581,0.5890446618121296
TRAIN_0635,0.27,0.6067270827740314,0.46641132505692806,0.5401791023880356
TRAIN_0636,0.54,0.5276404147022503,0.5173539407180735,0.4938105905975851
TRAIN_0637,0.11,0.23035543125564378,0.47999963595250195,0.2342518725704329
TRAIN_0638,0.41,0.4677298261893641,0.4610411171311863,0.4677686411968223
TRAIN_0639,0.66,0.6657334656046099,0.6705993271660893,0.6710540438775261
TRAIN_0640,0.23,0.23032729095164572,0.23065530802950507,0.22994001877298298
TRAIN_0641,0.81,0.5079453150753164,0.5159017317938714,0.5117387600330019
TRAIN_0642,0.63,0.6150945093103023,0.5799702076729073,0.6069432830931785
TRAIN_0643,0.43,0.4336163272344873,0.4338373802912627,0.4326920497804904
TRAIN_0644,0.37,0.5161654048333006,0.44119807363218244,0.44455110401521647
TRAIN_0645,0.08,0.5860571670307992,0.5798727009080495,0.5857776768152478
TRAIN_0646,0.09,0.097922796911671,0.6077491839166166,0.10247869082404903
TRAIN_0647,0.78,0.39701041556490824,0.4694790964550528,0.5344829217159305
TRAIN_0648,0.76,0.5964564410542551,0.7619465431087622,0.7602487497819409
TRAIN_0649,0.12,0.4659175873353226,0.46064455765312384,0.48354869960124536
TRAIN_0650,0.21,0.47748702247968755,0.43959991404456866,0.4523476534473605
TRAIN_0651,0.43,0.47950490736570006,0.4498374312382729,0.42214015551561407
TRAIN_0652,0.41,0.5988380659292503,0.5540257824411712,0.41240890148713183
TRAIN_0653,0.94,0.5676075672852958,0.6350327537551883,0.5189727568598611
TRAIN_0654,0.72,0.5289363545616318,0.5031680206433535,0.5276992186807397
TRAIN_0655,0.83,0.7632334865438735,0.6680374419150223,0.6845491828172667
TRAIN_0656,0.07,0.545127628989413,0.5332204756200869,0.4974665026801361
TRAIN_0657,0.88,0.5508693983286037,0.5680884404508327,0.5508250940229169
TRAIN_0658,0.13,0.3814912927431981,0.3767452587565285,0.33867377343092653
TRAIN_0659,0.9,0.5101451118053291,0.5213990188505158,0.5424069460702169
TRAIN_0660,0.36,0.364842362602277,0.3645147822225253,0.36505325533452476
TRAIN_0661,0.06,0.09930312318584728,0.08802035182754941,0.10023762778785289
TRAIN_0662,0.92,0.522482741905951,0.5072504581142662,0.5230736467672662
TRAIN_0663,0.29,0.2931106036183608,0.29367782733773695,0.2930452352604427
TRAIN_0664,0.23,0.32575688254494195,0.2858109626433557,0.3323987978117715
TRAIN_0665,0.28,0.2977324104613224,0.29589701024681797,0.28798425811108147
TRAIN_0666,0.31,0.426056119155106,0.3704626885050454,0.36273480044949497
TRAIN_0667,0.78,0.4590359469994044,0.45368066039196203,0.3932531873390658
TRAIN_0668,0.91,0.4529843455765409,0.44161851697678706,0.39277317582305876
TRAIN_0669,0.77,0.48024956413043773,0.5079824781652102,0.4447537449990177
TRAIN_0670,0.2,0.19709956721694927,0.1973270723333787,0.5552450271745464
TRAIN_0671,0.73,0.72878507991779,0.730357309193671,0.7299495661257379
TRAIN_0672,0.16,0.26432666955974105,0.28196089789127377,0.27648820511203487
TRAIN_0673,0.47,0.5183955831272561,0.6249488653624966,0.6099705785107351
TRAIN_0674,0.14,0.492832003148519,0.4912942532237681,0.5121512314195203
TRAIN_0675,0.19,0.1890967476431593,0.18749434058691106,0.19191393120815964
TRAIN_0676,0.49,0.38313888011623454,0.40479568580238146,0.36847504611082327
TRAIN_0677,0.74,0.36423345118741846,0.36360708459022706,0.4045613247207856
TRAIN_0678,0.54,0.5554377418412836,0.5230022878092809,0.5354303619666203
TRAIN_0679,0.26,0.49019158347861513,0.261155946800965,0.2619845530821364
TRAIN_0680,0.66,0.5143190022111049,0.4121151302215228,0.3985194542379671
TRAIN_0681,0.12,0.2263613946128511,0.2434232510235279,0.24335168841149346
TRAIN_0682,0.35,0.5078637536915795,0.5246214586245845,0.4928864401916226
TRAIN_0683,0.23,0.4002679258886699,0.38302603880121555,0.3690131393814422
TRAIN_0684,0.31,0.45604187533460006,0.4224809618122254,0.43246071532062735
TRAIN_0685,0.75,0.5973837432273258,0.7203589817963458,0.6994209717478419
TRAIN_0686,0.89,0.4985856370149597,0.6164974148173729,0.5663440852346396
TRAIN_0687,0.16,0.5141847431613701,0.46254334159301413,0.5104796919383524
TRAIN_0688,0.06,0.46155923150443295,0.4613392496183002,0.47749242582593776
TRAIN_0689,0.82,0.5416216485398424,0.5779122158352499,0.5645475415033021
TRAIN_0690,0.03,0.4543768823540531,0.45894962931768823,0.45066972321194204
TRAIN_0691,0.59,0.4947307098255332,0.5062965622685961,0.4764322625698788
TRAIN_0692,0.7,0.5875000030918154,0.5420566478329556,0.574112096727031
TRAIN_0693,0.14,0.13970070836441362,0.13986528044051666,0.13952996547515456
TRAIN_0694,0.04,0.537614449083612,0.041789456882266596,0.04246225939008769
TRAIN_0695,0.63,0.4305056419097855,0.47329881547974545,0.4389037676589018
TRAIN_0696,0.72,0.4755191152870752,0.3743559510121925,0.36220201629743726
TRAIN_0697,0.79,0.6546995964846727,0.6407688507370497,0.6536916102124112
TRAIN_0698,0.76,0.40725479377915363,0.28567107863519237,0.7427297024029053
TRAIN_0699,0.61,0.41415043484660746,0.49686513931298615,0.5128333288989159
TRAIN_0700,0.52,0.5547841983614613,0.5553684848626742,0.4910739838325769
TRAIN_0701,0.84,0.5108183576174818,0.5933043251172787,0.5875193196051183
TRAIN_0702,0.86,0.8606562981920369,0.8602424529938513,0.8606479382467347
TRAIN_0703,0.48,0.48797587768122913,0.4857163294814858,0.48033124890578527
TRAIN_0704,0.73,0.4697944040419909,0.459354481850652,0.4775222712282668
TRAIN_0705,0.78,0.5774314544767095,0.4790063196862531,0.39334611009673237
TRAIN_0706,0.62,0.5318530778058708,0.6201268091404186,0.6194520594460731
TRAIN_0707,0.91,0.5379811500853909,0.5755272679388163,0.5508877057070138
TRAIN_0708,0.93,0.49485038706078366,0.48279104071866297,0.5097808836700953
TRAIN_0709,0.19,0.2213213166092579,0.2414004197213816,0.21512841027282842
TRAIN_0710,0.17,0.5314678722851213,0.4855982225257336,0.5483613082813018
TRAIN_0711,0.97,0.4859046040736428,0.4511202049325356,0.4875820455754091
TRAIN_0712,0.58,0.5225238985712797,0.5231321469841165,0.5250615581845961
TRAIN_0713,0.62,0.480585046181233,0.55553719248721,0.5117422073703974
TRAIN_0714,0.6,0.5033793191934625,0.49425951171208404,0.5008930505514239
TRAIN_0715,0.14,0.5125716938310513,0.5186592695924886,0.17002742892388606
TRAIN_0716,0.87,0.4677824705332083,0.4503301317574699,0.4479366491406963
TRAIN_0717,0.86,0.7936885665808724,0.7873738315900429,0.8055268987211656
TRAIN_0718,0.1,0.4133887968335348,0.43628766587206846,0.4310151438281422
TRAIN_0719,0.37,0.36736780031890603,0.3662090268498805,0.3599247263097397
TRAIN_0720,0.82,0.8191167449606767,0.8202089346319743,0.6141012029483013
TRAIN_0721,0.7,0.3934824345298769,0.6828614275580255,0.6885718059685944
TRAIN_0722,0.08,0.4479971634601102,0.496009597957036,0.5323258307919696
TRAIN_0723,0.01,0.5038206911089397,0.5300089568280512,0.5301804577967063
TRAIN_0724,0.87,0.4502065388527654,0.8387695318444301,0.8353613055076123
TRAIN_0725,0.4,0.38815064529183824,0.4311502724312911,0.3792595746800196
TRAIN_0726,0.1,0.10007295301701458,0.10008293889925907,0.09982922590073529
TRAIN_0727,0.51,0.5080284604412542,0.5119940446944898,0.5090701129845769
TRAIN_0728,0.3,0.32799854849983245,0.3362195445980095,0.32512678762955644
TRAIN_0729,0.19,0.19666491498011918,0.19105129646420027,0.19233598339895086
TRAIN_0730,0.14,0.5180324563776926,0.5245636383211654,0.1874106523600732
TRAIN_0731,0.23,0.4913339751363496,0.47009454062907446,0.48212304889762125
TRAIN_0732,0.69,0.6693268901560444,0.6607146239125212,0.4649759332538294
TRAIN_0733,0.34,0.33438591270818474,0.5102475593282121,0.33249745939602593
TRAIN_0734,0.41,0.5725324446486657,0.6537298344296527,0.6886032460956557
TRAIN_0735,0.59,0.2571296119667386,0.20184147910654499,0.1883830298785763
TRAIN_0736,0.39,0.44235149829088377,0.3846000448514744,0.45993023843907865
TRAIN_0737,0.07,0.07117837421108725,0.07105871048171236,0.5295366680843357
TRAIN_0738,0.82,0.5277671595216115,0.5298077752871244,0.5083942250489839
TRAIN_0739,0.12,0.21351803918447732,0.21746426325033807,0.20473066045658372
TRAIN_0740,0.34,0.3372745080256754,0.33850194860828237,0.3349436888571431
TRAIN_0741,0.09,0.12125250122794273,0.4417305523683932,0.11997671341565441
TRAIN_0742,0.08,0.41934765559502746,0.09443877704342596,0.09246832808626332
TRAIN_0743,0.52,0.5454211334419969,0.5395416586537262,0.5384689110797679
TRAIN_0744,0.7,0.696352670759837,0.6910221713146507,0.693485675062243
TRAIN_0745,0.09,0.13369701355352476,0.12228550060634674,0.1212545565952548
TRAIN_0746,0.09,0.45609338160023866,0.4104224393680369,0.42558536367505595
TRAIN_0747,0.44,0.4440633573195154,0.4447601676936379,0.43968402418424124
TRAIN_0748,0.28,0.47620112322705643,0.3792333713975709,0.3597408378008843
TRAIN_0749,0.05,0.3856005129005975,0.37894501200099573,0.3942222500185675
TRAIN_0750,0.37,0.34517644006578435,0.3865211300617637,0.41371939539913183
TRAIN_0751,0.87,0.48539486647201485,0.5778888550752591,0.5720017755397655
TRAIN_0752,0.36,0.49116937104638014,0.48056274975898444,0.4846099503871172
TRAIN_0753,0.71,0.7100475039475667,0.7097500370349674,0.7095086908330221
TRAIN_0754,0.44,0.5047300036639262,0.5191376800554306,0.5366724084890131
TRAIN_0755,0.08,0.08057266466287288,0.08008105639585228,0.08064543680243169
TRAIN_0756,0.61,0.5886120502775933,0.5801647915140331,0.5923981008780126
TRAIN_0757,0.61,0.5842492351476841,0.52217468462248,0.5393347978428232
TRAIN_0758,0.55,0.4569081065947419,0.38605830618182274,0.43540707750512775
TRAIN_0759,0.85,0.4360299171312517,0.377390492360599,0.3948397091756103
TRAIN_0760,0.85,0.5168113267431382,0.8146270231103039,0.4512620363137522
TRAIN_0761,0.99,0.9879339938950337,0.9885620719171012,0.9882738953177476
TRAIN_0762,0.34,0.3415986754567879,0.34315458014721156,0.34352504572611786
TRAIN_0763,0.78,0.3391963592620635,0.33993340764998786,0.3113206490301028
TRAIN_0764,0.52,0.45592047734632996,0.4943367110269347,0.5332338389767806
TRAIN_0765,0.72,0.5289575371738038,0.5141962300956411,0.5154290865938802
TRAIN_0766,0.59,0.5391024119748291,0.5598816424627907,0.5497948120741689
TRAIN_0767,0.33,0.33034416068307193,0.578502625429088,0.33011023015971447
TRAIN_0768,0.91,0.8975136370773604,0.5114210021237533,0.8927327828347348
TRAIN_0769,0.02,0.36047644772282783,0.4760787473054169,0.3697855238121909
TRAIN_0770,0.86,0.8608628485948837,0.860266503426451,0.8608146583330443
TRAIN_0771,0.75,0.49191996455444337,0.5444003171864802,0.42432797127845817
TRAIN_0772,0.34,0.3414410303890479,0.34213201450222636,0.34046307221827865
TRAIN_0773,0.4,0.5165670666194796,0.40182001376092225,0.40457491589024713
TRAIN_0774,0.01,0.43160499571917965,0.4262078764834048,0.48097754945903487
TRAIN_0775,0.07,0.070089786917025,0.45670127148256023,0.0714461757935787
TRAIN_0776,0.29,0.3572243660986312,0.3123416805870306,0.3318505570944621
TRAIN_0777,0.81,0.4974071878795469,0.5237665310423949,0.5144820523270841
TRAIN_0778,0.06,0.28455479723328403,0.3720600771388141,0.2793950136981476
TRAIN_0779,0.56,0.4450139080654901,0.5224620822532754,0.5225858796859403
TRAIN_0780,0.52,0.5209574796596048,0.5254759157740712,0.5249965307388842
TRAIN_0781,0.88,0.46987705737601215,0.4338358014404755,0.45357382335477203
TRAIN_0782,0.13,0.3436000901239919,0.3478504996206212,0.3370827569367021
TRAIN_0783,0.51,0.409206150228805,0.5240708852194076,0.5279448296761884
TRAIN_0784,0.92,0.9196979113851881,0.4841836778373931,0.920127085170772
TRAIN_0785,0.42,0.4522201093440498,0.5619365026372362,0.48626517218425025
TRAIN_0786,0.74,0.42725007605888504,0.47868812586438403,0.48943720501298127
TRAIN_0787,0.11,0.3265250194358924,0.3162275245169062,0.3658616568557921
TRAIN_0788,0.46,0.39710214969311036,0.64788424865897,0.5166302276544106
TRAIN_0789,0.31,0.47405905331218484,0.43752594985523463,0.39761840410630966
TRAIN_0790,0.19,0.26196934955905987,0.25409906512826924,0.23825219689051375
TRAIN_0791,0.27,0.5301689442551712,0.4932876455489422,0.5161939407432563
TRAIN_0792,0.37,0.5120830247436186,0.5215609383587292,0.5302190615001137
TRAIN_0793,0.53,0.5417808676405736,0.5517067391958916,0.5669139993537086
TRAIN_0794,0.74,0.6707786281689305,0.6712743335689804,0.6697021160693472
TRAIN_0795,0.39,0.5662861377715647,0.5033351078556925,0.5411557143116481
TRAIN_0796,0.74,0.342358307971473,0.6457582735623035,0.6531435414428971
TRAIN_0797,0.76,0.5515357338502762,0.5665063632481672,0.5080242379307903
TRAIN_0798,0.1,0.5074040015928659,0.49937818690384955,0.48372613533841735
TRAIN_0799,0.78,0.5340447921445156,0.5771600217224657,0.5956478943075265
TRAIN_0800,0.48,0.4755185125401548,0.4018494855099558,0.47676829631737083
TRAIN_0801,0.29,0.4533066377114566,0.44526138668296067,0.43955634742105126
TRAIN_0802,0.73,0.45441193124114365,0.3866185218850719,0.4923837766562839
TRAIN_0803,0.39,0.5642401689073673,0.6028214137238501,0.5009548618821562
TRAIN_0804,0.74,0.5434596446506735,0.7395677387375418,0.5188071804517407
TRAIN_0805,0.11,0.11160582543381609,0.11263601968708925,0.4587492695862804
TRAIN_0806,0.47,0.3862549140208231,0.4233179475651026,0.40729648048109374
TRAIN_0807,0.32,0.31666900755308613,0.316774488638175,0.4083233139223772
TRAIN_0808,0.45,0.43793759797204457,0.4396501924043059,0.43613093206650577
TRAIN_0809,0.95,0.9548982679772577,0.9533529724948642,0.9522688259548877
TRAIN_0810,0.04,0.04013036010238891,0.04099914938413601,0.041894386591555255
TRAIN_0811,0.75,0.4270794390744038,0.44088570415605133,0.49079994763501844
TRAIN_0812,0.41,0.4915936693721854,0.49632003148120596,0.46699092955265253
TRAIN_0813,0.6,0.5910437963655506,0.5943288962179338,0.5935665335156156
TRAIN_0814,0.39,0.2963708389265044,0.3444216706371679,0.3415002873253752
TRAIN_0815,0.56,0.5195260437714635,0.5042934042269744,0.499183464776402
TRAIN_0816,0.96,0.9004836997142163,0.9051307791766431,0.9029776640700375
TRAIN_0817,0.82,0.7097438164905725,0.7089631429624075,0.35542233241341714
TRAIN_0818,0.34,0.512047214001144,0.5115530987041979,0.5102969296605341
TRAIN_0819,0.4,0.8004439645578387,0.6633415551460327,0.6000447841389166
TRAIN_0820,0.37,0.3634007426278929,0.3686344100845915,0.3653460215412957
TRAIN_0821,0.59,0.5418227705709586,0.5378344678623824,0.5219490951703498
TRAIN_0822,0.13,0.1822640947682368,0.17799250188415366,0.5945398128942364
TRAIN_0823,0.61,0.6064190071122058,0.6055952696013249,0.606601112767711
TRAIN_0824,0.53,0.47730588334856194,0.5129823771164795,0.38417262280000664
TRAIN_0825,0.61,0.40029935344672596,0.46191481645213595,0.36201810599580936
TRAIN_0826,0.78,0.7486604375004673,0.46798248517803326,0.7537352728172219
TRAIN_0827,0.99,0.48390974390538904,0.5005910229365789,0.4914766160699188
TRAIN_0828,0.46,0.6812886481158468,0.5662090094132123,0.6694057532460916
TRAIN_0829,0.28,0.27964969447176935,0.2794616510525182,0.28144661320863795
TRAIN_0830,0.61,0.42872599907538395,0.5022418965568093,0.5231199140073213
TRAIN_0831,0.66,0.5561321286214231,0.58467077312085,0.5332228257459181
TRAIN_0832,0.95,0.5317654458594481,0.52321865591671,0.5414325673330017
TRAIN_0833,0.77,0.45344900686956907,0.38058637761982295,0.47694545821873896
TRAIN_0834,0.73,0.6531147097678904,0.4852291482409727,0.5367293615904299
TRAIN_0835,0.36,0.3603609949433262,0.36218098344392297,0.3617926428061974
TRAIN_0836,0.64,0.6410415039291257,0.6423827729983174,0.6432973419297533
TRAIN_0837,1.0,0.5775766875752797,0.5345542836259327,0.5723915769984596
TRAIN_0838,0.15,0.313397967827756,0.29560915090821505,0.3089808737851803
TRAIN_0839,0.66,0.5710460127254431,0.515670517000924,0.5736539765886051
TRAIN_0840,0.3,0.2481359169368898,0.27195088366521714,0.33854020463572576
TRAIN_0841,0.08,0.43763329404340257,0.43187081037055086,0.39737911669997616
TRAIN_0842,0.08,0.4256415058736999,0.4145772744213113,0.4300926996489618
TRAIN_0843,0.19,0.17801365895598537,0.18020182345252111,0.17769790801247476
TRAIN_0844,0.56,0.4503325977444802,0.39839115609032016,0.4399554749323803
TRAIN_0845,0.97,0.5331047731188098,0.5363280173492218,0.5504958367147457
TRAIN_0846,0.55,0.4418235449209075,0.5488619528784312,0.5446677326631219
TRAIN_0847,0.36,0.3600933115955397,0.3596889469703769,0.3605301498709301
TRAIN_0848,0.55,0.44229474472781966,0.5920095386015528,0.5754682954341072
TRAIN_0849,0.11,0.4044177744346246,0.11237838626759328,0.11605644833090778
TRAIN_0850,0.81,0.8022597890068499,0.5948682358173625,0.8025686815342883
TRAIN_0851,0.42,0.4209962965368974,0.4730029377708794,0.568848610335724
TRAIN_0852,0.01,0.16787569834675303,0.5962037516531931,0.18388811082340611
TRAIN_0853,0.36,0.6671686200527743,0.6352979458854399,0.6507125752555607
TRAIN_0854,0.23,0.23001820211917334,0.2293453392170947,0.5122393851232495
TRAIN_0855,0.71,0.5922534146117291,0.5297979207790701,0.50282557707101
TRAIN_0856,0.0,0.00443520221415028,0.007102128536804975,0.005365441205114618
TRAIN_0857,0.3,0.4631749812726033,0.42868339884390066,0.5651746263685242
TRAIN_0858,0.62,0.3030006766958503,0.2670777988362204,0.36573612476126627
TRAIN_0859,0.51,0.5134256267846876,0.5069463460536278,0.5131479297636005
TRAIN_0860,0.3,0.46039366890920025,0.5210650923427511,0.45097757776941905
TRAIN_0861,0.4,0.3717501821362213,0.4234771860775593,0.48652400066946777
TRAIN_0862,0.27,0.3935331733748671,0.38896542746112617,0.6161876404141079
TRAIN_0863,0.49,0.46610571060600225,0.4484069613487509,0.5261818132094982
TRAIN_0864,0.95,0.5566756911053355,0.5546844628983156,0.5628138648993226
TRAIN_0865,0.51,0.5099534277677171,0.5057471528308825,0.4607357720901363
TRAIN_0866,0.06,0.47393730052023086,0.44699284449789384,0.41550274729696746
TRAIN_0867,0.11,0.10958335019333953,0.10952232154815528,0.45683494951780745
TRAIN_0868,0.43,0.47701581331984916,0.4778663747736005,0.4505849036729515
TRAIN_0869,0.13,0.5333911921783605,0.13048794964726107,0.5120719352510134
TRAIN_0870,0.41,0.422225830509484,0.4372998133933728,0.42013310229582257
TRAIN_0871,0.71,0.5300975006301747,0.5249083390906409,0.5041020462333075
TRAIN_0872,0.25,0.4909761288801234,0.44897724494170843,0.2509267766014324
TRAIN_0873,0.97,0.5246031682947707,0.5456346714409841,0.5344029484343853
TRAIN_0874,0.37,0.4513918352358177,0.40499685864903834,0.47535803884954936
TRAIN_0875,0.01,0.20744425306312664,0.12376262044080366,0.20603248618965359
TRAIN_0876,0.05,0.5113163360074688,0.5255621941377727,0.40401420056962783
TRAIN_0877,0.31,0.49154711749567664,0.4435934905463057,0.4464734034674741
TRAIN_0878,0.59,0.5692018529986329,0.5886863697041617,0.5724550085043026
TRAIN_0879,0.0,0.3116956825815651,0.5348436654561746,0.30433863403822536
TRAIN_0880,0.42,0.41659380287943737,0.41742831279122655,0.4160704869238736
TRAIN_0881,0.74,0.5589854796400048,0.48366555160072094,0.49664084433858996
TRAIN_0882,0.92,0.48794346476031614,0.4706209195774681,0.47383258185250016
TRAIN_0883,0.9,0.4547893152650021,0.3885228808990185,0.388273499000481
TRAIN_0884,0.03,0.5328292164329778,0.03149147980273187,0.03207552666430091
TRAIN_0885,0.34,0.5188815078688923,0.5203905758491062,0.5255499742744905
TRAIN_0886,0.01,0.4333042034764273,0.42549800731075216,0.44350737973126775
TRAIN_0887,0.58,0.4561469146169345,0.5633136198169787,0.5831790363974725
TRAIN_0888,0.25,0.505657029912894,0.5004654898733374,0.5190581361944835
TRAIN_0889,0.96,0.5226882525500051,0.5263248399185572,0.7775721339726368
TRAIN_0890,0.85,0.48764637215608825,0.5242918852460657,0.47996535919728106
TRAIN_0891,0.4,0.38506548706052707,0.3908609620416368,0.3939772752327318
TRAIN_0892,0.37,0.42669668315378495,0.5030945967377641,0.5258171439336539
TRAIN_0893,0.31,0.3429005333822409,0.32940557498074874,0.4320175042791581
TRAIN_0894,0.24,0.2756352933558103,0.2721676444412655,0.25052775797373755
TRAIN_0895,0.26,0.4328790487134836,0.4114931149630827,0.4033097117973652
TRAIN_0896,0.32,0.43514654363387856,0.4713624590985722,0.5318504308636536
TRAIN_0897,0.78,0.3893053946465054,0.384972958865834,0.5206311696872588
TRAIN_0898,0.3,0.3075964762562735,0.31773315671975694,0.3736442637138947
TRAIN_0899,0.18,0.6108718750622609,0.6312808586939991,0.6184733280398225
TRAIN_0900,0.57,0.5284766689291646,0.5095609796068788,0.5074219539282833
TRAIN_0901,0.99,0.48582506641744155,0.4872332453362341,0.49258828224472473
TRAIN_0902,0.33,0.36982396547409246,0.3904951174827053,0.3833100118490555
TRAIN_0903,0.91,0.501717872033188,0.47172837984989324,0.47146146377627096
TRAIN_0904,0.4,0.39939571593417345,0.39772172965583996,0.3976897198911469
TRAIN_0905,0.7,0.4698594508165423,0.47591207490979565,0.47411300605558115
TRAIN_0906,0.55,0.5561803047781169,0.40472931679948226,0.5628728898837229
TRAIN_0907,0.42,0.6358385493250676,0.5791691962631309,0.610553711256612
TRAIN_0908,0.14,0.5441637233656584,0.551407291211654,0.5599195786776576
TRAIN_0909,0.22,0.48452164419055377,0.4767612979055773,0.4710859221775812
TRAIN_0910,0.99,0.47716023066528435,0.48928809388749406,0.43169983746555285
TRAIN_0911,0.99,0.5251815401252032,0.4752473898342799,0.4453419122690027
TRAIN_0912,0.46,0.46162437392910227,0.46257084538966475,0.49699829911774274
TRAIN_0913,0.17,0.6034020875577126,0.6154918658009139,0.593640322584156
TRAIN_0914,0.35,0.48823750503015045,0.4997887904422001,0.4933716133296743
TRAIN_0915,0.48,0.4846320079578818,0.5084706068587536,0.4815640323940116
TRAIN_0916,0.98,0.48919634061189915,0.4408839692521682,0.43735834129640994
TRAIN_0917,0.43,0.48179125189872374,0.47992919713470317,0.49633903310566235
TRAIN_0918,0.77,0.42850205691560883,0.780352894739166,0.7807064151670122
TRAIN_0919,0.81,0.7990650266918599,0.8020603444525152,0.8005964707218178
TRAIN_0920,0.02,0.41957605124288366,0.4543161029192486,0.5024677570432686
TRAIN_0921,0.52,0.5152748830550458,0.5110936135667994,0.39657150902377936
TRAIN_0922,0.24,0.24236048155263512,0.23981556961000217,0.23820540596393475
TRAIN_0923,0.37,0.3638836399438814,0.34776510419376383,0.3619762506452061
TRAIN_0924,0.71,0.49401024268330496,0.48289313953762036,0.523462006029245
TRAIN_0925,0.89,0.42244700586567535,0.4146488589956914,0.44734293653823287
TRAIN_0926,0.41,0.41725289689209444,0.4720534925174127,0.41367261892951307
TRAIN_0927,0.22,0.506835153805935,0.4850460586096288,0.490939753760614
TRAIN_0928,0.68,0.6024274034612397,0.6293104889740905,0.40718205952495223
TRAIN_0929,0.26,0.30862437915843033,0.33627265688649965,0.3340246112429248
TRAIN_0930,0.76,0.49715234201439784,0.5059108871946981,0.48458545605419107
TRAIN_0931,0.81,0.7953314216283085,0.7897123137630782,0.7954805161287379
TRAIN_0932,0.94,0.8703532517483912,0.4294767630590393,0.8908392845706697
TRAIN_0933,0.14,0.36053987644262,0.37815426463172475,0.40082025601874194
TRAIN_0934,0.34,0.559553628801963,0.5755642298727142,0.5740426851472107
TRAIN_0935,0.29,0.5746264694183651,0.321313646262792,0.32417258828435375
TRAIN_0936,0.75,0.4222841151437471,0.4692849379926285,0.487686695377452
TRAIN_0937,0.7,0.4831948376313524,0.4717178003137748,0.5041636617699421
TRAIN_0938,0.86,0.5573138351689138,0.5599740450563192,0.5624150903444477
TRAIN_0939,0.7,0.6245734615375489,0.5576170186640762,0.6045781310571883
TRAIN_0940,0.28,0.4792462555927113,0.28000964246118143,0.43014588266252857
TRAIN_0941,0.06,0.5126504061848153,0.5141738428220051,0.49694241433533326
TRAIN_0942,0.55,0.42500449028168086,0.44740408237210294,0.4878104067909185
TRAIN_0943,0.76,0.7344092394410214,0.7419683370577316,0.6432127487620838
TRAIN_0944,0.45,0.30348639597049876,0.35876294461041425,0.2935875277535068
TRAIN_0945,0.19,0.5731532729380243,0.23566942375412342,0.2286313424613865
TRAIN_0946,0.16,0.15874461719897703,0.16858309966563956,0.16673332489670073
TRAIN_0947,0.49,0.4983226302827431,0.5324693711655628,0.5366982928619886
TRAIN_0948,0.98,0.6586996933336775,0.5972812746896179,0.6200461270824039
TRAIN_0949,0.01,0.02503649547060094,0.5628051908841939,0.024339680457727553
TRAIN_0950,0.7,0.5820542420546992,0.6451028111940539,0.6172233706642981
TRAIN_0951,0.47,0.44397861223015544,0.402482979310842,0.4055468028920459
TRAIN_0952,0.27,0.45464906868821586,0.47401799883945867,0.47501637640072353
TRAIN_0953,0.42,0.41835062525587685,0.42370253750947307,0.5292587084243253
TRAIN_0954,0.26,0.2588679480738318,0.2583827912609796,0.25879230319384405
TRAIN_0955,0.72,0.4391137336640539,0.4163304078698441,0.44801695208025843
TRAIN_0956,0.69,0.5448725937153813,0.5515670583629219,0.5656104792144941
TRAIN_0957,0.94,0.7296357494983017,0.6949874183167714,0.7450708554884914
TRAIN_0958,0.44,0.4442134833517922,0.4427888013680984,0.44534955743572624
TRAIN_0959,0.23,0.36861920704239703,0.3629838773331938,0.38704605654115215
TRAIN_0960,0.64,0.6028664328006504,0.5051119967632952,0.5082377921537402
TRAIN_0961,0.12,0.32375585356666836,0.3535139119121178,0.09273978096028829
TRAIN_0962,0.82,0.8185641446451537,0.5627783408758636,0.8172260052243236
TRAIN_0963,0.93,0.49108168563578736,0.49073094313923393,0.4831877465367485
TRAIN_0964,0.05,0.5682033723848369,0.4993067285633169,0.5271812428097151
TRAIN_0965,0.39,0.29719973681737855,0.358833424156647,0.35212240095015923
TRAIN_0966,0.17,0.49298336503138873,0.238671919436252,0.22824482869894658
TRAIN_0967,0.06,0.4889975592321004,0.5232903862570367,0.5314033445637261
TRAIN_0968,0.35,0.4052260625177126,0.3575510819753739,0.3817659212599639
TRAIN_0969,0.88,0.4923713476387877,0.7833129752730954,0.5083055171758741
TRAIN_0970,0.05,0.5013272954847664,0.5053617738649996,0.5054216577687528
TRAIN_0971,0.77,0.5389808480478798,0.5201569178873783,0.4926770203420922
TRAIN_0972,0.03,0.49795388087848613,0.5587500715622095,0.5897881752394258
TRAIN_0973,0.64,0.5070702573638143,0.5071305068252607,0.5176043907723098
TRAIN_0974,0.48,0.5275313149191667,0.47733807628987235,0.480865068475449
TRAIN_0975,0.04,0.46471922000981436,0.4763321660130442,0.4880032552618411
TRAIN_0976,0.69,0.45813090644468063,0.436976731038957,0.3734294594618458
TRAIN_0977,0.96,0.472530157944554,0.5671099931813282,0.512861455489517
TRAIN_0978,0.88,0.49745160962341584,0.46230410412745315,0.4847486783363279
TRAIN_0979,0.17,0.5018907820497015,0.48229465637662816,0.49800950662980076
TRAIN_0980,0.15,0.15008583942360937,0.1495932532449869,0.14892634139762262
TRAIN_0981,0.82,0.4767748632893874,0.5261888304912778,0.4809540058172409
TRAIN_0982,0.04,0.4697054656752376,0.5002501846133164,0.47038448582365755
TRAIN_0983,0.17,0.1665819799579495,0.16490652552043045,0.165904010307525
TRAIN_0984,0.02,0.5104080118312658,0.552218560767777,0.4811941842436491
TRAIN_0985,0.67,0.5586490381894503,0.5747851093704393,0.5405343465328718
TRAIN_0986,0.98,0.620566244080481,0.623443307677732,0.5930219676170171
TRAIN_0987,0.52,0.5194319542905124,0.5188826708720917,0.5187849935825501
TRAIN_0988,0.48,0.5083954184631491,0.347429367737748,0.5031011901252669
TRAIN_0989,0.87,0.5020399015147297,0.48589602010975447,0.511748009682811
TRAIN_0990,0.86,0.8582484622608789,0.8586301289798519,0.8596556235033257
TRAIN_0991,0.4,0.42676285703773387,0.44414156295839397,0.38818202992806006
TRAIN_0992,0.12,0.4163090246978869,0.4667445081364792,0.5047939869639535
TRAIN_0993,0.13,0.13436283151414913,0.1325259623495338,0.13431116985480324
TRAIN_0994,0.23,0.49942371876023256,0.5111325310753475,0.4909620740516899
TRAIN_0995,0.45,0.4433297915454455,0.4431606763935715,0.44292734896466474
TRAIN_0996,0.47,0.4766860382346292,0.47361120604116647,0.38942080238601323
TRAIN_0997,0.52,0.522461538449233,0.5218258141419382,0.522004531329795
TRAIN_0998,0.54,0.494173672379176,0.4764206383993765,0.4962073177883463
TRAIN_0999,0.23,0.2907421438711225,0.30672157736944605,0.2848141264785179
TRAIN_1000,0.61,0.5038140108275042,0.4992962383709831,0.4911698154457208
TRAIN_1001,0.09,0.5664858530258515,0.5925992454674401,0.5036282120013184
TRAIN_1002,0.94,0.5015950935985027,0.48509180818087355,0.5224548063247251
TRAIN_1003,0.6,0.5357914370445531,0.5378101816403037,0.5335069161090111
TRAIN_1004,0.5,0.43121123867585165,0.4811439752010793,0.4441733214974747
TRAIN_1005,0.13,0.1278957933412121,0.12822194773300472,0.12972757199154555
TRAIN_1006,0.71,0.6169701650559438,0.6611808196710829,0.6090725672630266
TRAIN_1007,0.4,0.5192005033321815,0.499332296768262,0.5051472282023184
TRAIN_1008,0.57,0.5352372030297992,0.41205465121499485,0.4294762787003664
TRAIN_1009,0.04,0.040146364739076124,0.04378321596365503,0.03988471644154723
TRAIN_1010,0.79,0.5676429902082875,0.5721810410079045,0.5945832546513278
TRAIN_1011,0.64,0.6445571059205013,0.65807894909733,0.6302555816968661
TRAIN_1012,0.53,0.5295821387715822,0.5291915320944915,0.5282385338572225
TRAIN_1013,0.34,0.32135425452682603,0.32184884008256176,0.37280605820203006
TRAIN_1014,0.04,0.43238090963288833,0.40810121149715983,0.4362968101864264
TRAIN_1015,0.28,0.6850092816310639,0.6190522852192744,0.6232620140490661
TRAIN_1016,0.45,0.4564485175180879,0.4588637645700277,0.44660533182409456
TRAIN_1017,0.24,0.5645910785273123,0.5591697906321971,0.5413005163891971
TRAIN_1018,0.45,0.4500511846939335,0.44941844732989056,0.5544695254588825
TRAIN_1019,0.06,0.425253909198795,0.4703769627207941,0.38788071144260433
TRAIN_1020,0.36,0.44561537203388374,0.47628418509151443,0.43777199662695304
TRAIN_1021,0.51,0.6065644312724041,0.5862302687297505,0.5504108637520615
TRAIN_1022,0.71,0.6983723576514402,0.7029086403008538,0.49646551605090045
TRAIN_1023,0.41,0.40701869625429676,0.4408144892379744,0.4321424645731648
TRAIN_1024,0.32,0.32373443489580406,0.3239819438125802,0.4104067607837536
TRAIN_1025,0.79,0.45032877476993166,0.5354526761927396,0.5350370699535182
TRAIN_1026,0.27,0.29339598843725,0.3137656657021093,0.4998359149122776
TRAIN_1027,0.72,0.47593688356723185,0.46586400620189544,0.475552385554745
TRAIN_1028,0.14,0.5114819659345576,0.2672660037558475,0.25639286042422194
TRAIN_1029,0.04,0.5378238902126773,0.04385354734418184,0.0477393606915848
TRAIN_1030,0.92,0.4634920915507181,0.5156038796731227,0.42582366165379854
TRAIN_1031,0.51,0.53657278491683,0.45714708064848714,0.5498676553768682
TRAIN_1032,0.25,0.4605432675530955,0.4159643168393753,0.4450022382618663
TRAIN_1033,0.45,0.4818476099451411,0.4295915476588232,0.44025205296575937
TRAIN_1034,0.04,0.45529859390151695,0.45206863235682176,0.459082312541011
TRAIN_1035,0.28,0.279152155293209,0.2689154550166194,0.27051275504345196
TRAIN_1036,0.54,0.4668540807952108,0.47000379470315523,0.4396080008120663
TRAIN_1037,0.32,0.5308201437613467,0.4592410791993052,0.5103356401578614
TRAIN_1038,0.8,0.8000975804837884,0.7996150533054773,0.7998327840774841
TRAIN_1039,0.45,0.45996686014565047,0.4512799090926847,0.4613044021961404
TRAIN_1040,0.16,0.5223001553827583,0.3247998136430385,0.4854845958664512
TRAIN_1041,0.17,0.5528541429287535,0.5729973485691655,0.5612575744465292
TRAIN_1042,0.97,0.42519792563232406,0.5271408151158194,0.529752179442519
TRAIN_1043,0.86,0.5241009442931254,0.49344639604440466,0.5179806790878765
TRAIN_1044,0.63,0.6262813179145911,0.6215175681984191,0.6278996776966876
TRAIN_1045,1.0,0.9027153698281543,0.454366567909934,0.9412054661350095
TRAIN_1046,0.07,0.48550654260648346,0.5147382204075788,0.49800483276537905
TRAIN_1047,0.22,0.2109258582167311,0.20967942620237984,0.5835113952453057
TRAIN_1048,0.45,0.31761219281685155,0.35001342665527263,0.3019146644924995
TRAIN_1049,0.68,0.6778311336666666,0.6774904143171576,0.4226554149771542
TRAIN_1050,0.35,0.5060845150047766,0.5354920912851083,0.5328226540317503
TRAIN_1051,0.83,0.49218653750834446,0.4769123198227513,0.4949490577462529
TRAIN_1052,0.19,0.30451819317485046,0.3010733684123268,0.3014221969292553
TRAIN_1053,0.72,0.44946025466780937,0.4461131718282258,0.49401441737620855
TRAIN_1054,0.65,0.6483295477036327,0.6457100419043711,0.6455714617012563
TRAIN_1055,0.74,0.7340234119883003,0.7305865377513597,0.733208432641912
TRAIN_1056,0.4,0.38783867782440257,0.3966014898869697,0.38828901338891325
TRAIN_1057,0.6,0.47412257443116307,0.4828518573453365,0.4907665135438521
TRAIN_1058,0.3,0.4627320303929581,0.44019198782328545,0.45972085225095083
TRAIN_1059,0.1,0.3055637242616993,0.300583015668883,0.42513141110497576
TRAIN_1060,0.95,0.6195919370932905,0.6272979140320922,0.5961335205199952
TRAIN_1061,0.4,0.5334125103167917,0.4768846448972275,0.5253242426599513
TRAIN_1062,0.5,0.5005861235287952,0.5012235235097121,0.5005120470447115
TRAIN_1063,0.41,0.4120019077555593,0.4676805274246205,0.40797470729635965
TRAIN_1064,0.77,0.421346294001792,0.385339127943037,0.3871166223227346
TRAIN_1065,0.31,0.5030283735981875,0.44888914554250403,0.3103330456474285
TRAIN_1066,0.68,0.4802448744674223,0.47418735996399985,0.46510181665266465
TRAIN_1067,0.64,0.3565019666990301,0.3725460466561775,0.32338289292813927
TRAIN_1068,0.42,0.5767205869565449,0.5735884146384608,0.559460016165019
TRAIN_1069,0.62,0.3937918079637406,0.37120459710686293,0.3773984724827404
TRAIN_1070,0.4,0.40101757428096707,0.40115042473995227,0.4015659696445292
TRAIN_1071,0.71,0.710478394999446,0.7110372585330587,0.7095896875844104
TRAIN_1072,0.26,0.25689665626355407,0.25855140392084397,0.25926927886892964
TRAIN_1073,0.24,0.6422093278793577,0.6283465606353822,0.589624524818361
TRAIN_1074,0.05,0.09823691892107067,0.09824823072300776,0.09514907524617217
TRAIN_1075,0.18,0.3766951654062954,0.16225849707769074,0.14663335110006248
TRAIN_1076,0.83,0.48551577953580033,0.52661535552732,0.49976508552916754
TRAIN_1077,0.56,0.4973318507508746,0.4378286427742109,0.4937134661582157
TRAIN_1078,0.39,0.5293561703081459,0.5129087003916294,0.5327037434021313
TRAIN_1079,0.63,0.5530077929890526,0.5416451267045767,0.5405285534190812
TRAIN_1080,0.41,0.5080751846543992,0.49037755341312955,0.5020506287411697
TRAIN_1081,0.81,0.5351735126147962,0.5358302059478806,0.4902327415688631
TRAIN_1082,0.84,0.829506681624367,0.8310441251618252,0.8299782146347597
TRAIN_1083,0.1,0.5862532915905843,0.5709452398853836,0.6154399294889102
TRAIN_1084,0.51,0.46323217985012316,0.4822937858121663,0.508915781782515
TRAIN_1085,0.47,0.34468583897831706,0.37653375862758903,0.3496845665943856
TRAIN_1086,0.54,0.5027661305414032,0.5146747057300253,0.5041022627327385
TRAIN_1087,0.59,0.5153023111974249,0.5313005298418885,0.492124822426907
TRAIN_1088,0.26,0.3202582706742088,0.6676939650979345,0.3304054315193081
TRAIN_1089,0.67,0.34572232812051806,0.4232000473360277,0.4387748902368556
TRAIN_1090,0.27,0.46355479146936907,0.4622444871716612,0.45909753221568333
TRAIN_1091,0.55,0.5260400958269128,0.5683675259387908,0.5517443735356053
TRAIN_1092,0.15,0.48219499258176995,0.46797795047731566,0.46864526400453127
TRAIN_1093,0.79,0.49741750588457917,0.5283207635015544,0.5372559972052529
TRAIN_1094,0.73,0.6777292111726242,0.5079477522679953,0.604633465159727
TRAIN_1095,0.03,0.24720182870653412,0.26326186719352895,0.2903629453183981
TRAIN_1096,0.7,0.5504694020166653,0.54796905796329,0.5437033411574691
TRAIN_1097,0.86,0.8662939272230847,0.8676554845912541,0.8639949166878966
TRAIN_1098,0.04,0.5035612497401099,0.48206764454091144,0.5006873198466678
TRAIN_1099,0.87,0.5180971421525152,0.5326902094480185,0.5339122973247586
TRAIN_1100,0.41,0.4049225818725279,0.3901056451240286,0.4026534059008554
TRAIN_1101,0.47,0.4979135943394802,0.45161404182896164,0.4750345134992405
TRAIN_1102,0.95,0.7792753925376567,0.7650752378060376,0.6037915030581773
TRAIN_1103,0.56,0.4402218682576111,0.505055547833113,0.5558606425454057
TRAIN_1104,0.65,0.4462408381976344,0.4499908525700129,0.44861611649717625
TRAIN_1105,0.75,0.3858006337314668,0.7457389993522485,0.7522515089083096
TRAIN_1106,0.68,0.6799375349250167,0.6811511932888111,0.4976690943980937
TRAIN_1107,0.67,0.5452290407044125,0.5358365056221925,0.6783891709927518
TRAIN_1108,0.64,0.4912643859129023,0.5267582596197413,0.49350129158727946
TRAIN_1109,0.65,0.6497711694088066,0.6498524621397814,0.6497419529606596
TRAIN_1110,0.39,0.40957709472093345,0.40653737477939983,0.3919341918689706
TRAIN_1111,0.98,0.8098827610529215,0.8305337739531743,0.7907625391657276
TRAIN_1112,0.03,0.03277139507401383,0.024546911939511862,0.5553106699890609
TRAIN_1113,0.1,0.31052786405563015,0.3135294333252575,0.2621452218578997
TRAIN_1114,0.55,0.5133608789330263,0.5393263887912504,0.5176931665944877
TRAIN_1115,0.38,0.5145131583739544,0.5182837651054135,0.5127790734354796
TRAIN_1116,0.54,0.39307350874233227,0.3348990095766866,0.34014074946475437
TRAIN_1117,0.16,0.16318302978537652,0.17825308825251995,0.17266780567791318
TRAIN_1118,0.97,0.3819436625438305,0.4438747562353512,0.3816265260641565
TRAIN_1119,0.15,0.23779821335039636,0.22637418502678763,0.19954814648760938
TRAIN_1120,0.13,0.3606579923799451,0.3410780381794224,0.38750171654287613
TRAIN_1121,0.61,0.38740490031987174,0.4492926175421119,0.44535092333857607
TRAIN_1122,0.9,0.4924793962088914,0.4918648467144893,0.43175446479525664
TRAIN_1123,0.88,0.45354224198589915,0.46340883602591326,0.4155127625596954
TRAIN_1124,0.38,0.37124173224598855,0.387512560369513,0.38111645228294944
TRAIN_1125,0.68,0.4354258842285501,0.4426477629855531,0.45666100973612034
TRAIN_1126,0.0,0.30461847830719957,0.3816990183669254,0.33171041054866135
TRAIN_1127,0.03,0.18209179157095906,0.34931331999501847,0.2563689348466691
TRAIN_1128,0.3,0.4887972668496261,0.49885466107452325,0.48962707648893955
TRAIN_1129,0.68,0.5985985210190726,0.37550747289557257,0.41980300231468537
TRAIN_1130,0.31,0.44992861915092974,0.46130123703122033,0.4683940563835053
TRAIN_1131,0.62,0.5007612933139094,0.6187496229970059,0.6183359110364581
TRAIN_1132,0.65,0.5788000093781169,0.5272272166105451,0.5357722815716821
TRAIN_1133,0.83,0.5090434738274885,0.5085896976367063,0.576541144877867
TRAIN_1134,0.05,0.14536528822450306,0.128057678178723,0.09953160264532906
TRAIN_1135,0.83,0.5680761799747768,0.580516675901154,0.456215872739256
TRAIN_1136,0.59,0.4637796715224593,0.4123005815694025,0.4501774815544505
TRAIN_1137,0.5,0.47626958314142864,0.442808558121917,0.408086172524298
TRAIN_1138,0.42,0.5938639013891021,0.6191915727663451,0.5949052183124486
TRAIN_1139,0.41,0.4096501418765778,0.4106623640834977,0.41171227738430616
TRAIN_1140,0.67,0.5129038781398588,0.5266073711691035,0.5683225411867003
TRAIN_1141,0.71,0.6238625011500255,0.6939451047204981,0.6936072726024874
TRAIN_1142,0.87,0.43914204011328417,0.8364982881350392,0.8292555095833429
TRAIN_1143,0.21,0.20939929513613398,0.20636417559072023,0.2082618293503758
TRAIN_1144,0.19,0.46098526289005115,0.43243688135923386,0.41682327504510286
TRAIN_1145,0.94,0.5468252676408251,0.5013185767059712,0.5352717728060419
TRAIN_1146,0.66,0.4146002776860106,0.43334804163210605,0.4533643899066696
TRAIN_1147,0.72,0.3068767343601875,0.31850701345000143,0.31460721772076683
TRAIN_1148,0.02,0.30539550252451086,0.2908481377609752,0.31336725023349105
TRAIN_1149,0.48,0.5041561112472809,0.5029028630588293,0.500040908097271
TRAIN_1150,1.0,0.9996171838479626,0.5433953498739016,1.0
TRAIN_1151,0.27,0.5057392904735649,0.5188915312466337,0.5175228304306327
TRAIN_1152,0.73,0.7208789747332542,0.7210398329679124,0.7186772570399136
TRAIN_1153,0.91,0.9118269755931899,0.9120193420419929,0.91136581124836
TRAIN_1154,0.4,0.40233763399528955,0.4024874255546932,0.40156328974257494
TRAIN_1155,0.56,0.43393531593503276,0.4270622653977358,0.4761042565816056
TRAIN_1156,0.32,0.3936478963625788,0.39811391585426753,0.4522043091811282
TRAIN_1157,0.55,0.5090483877331539,0.5042769568911862,0.5064525338127424
TRAIN_1158,0.01,0.056345012579294196,0.05669423077911595,0.037346116324807055
TRAIN_1159,0.71,0.7372500059043912,0.6934294823661905,0.700243437601366
TRAIN_1160,0.01,0.007422386089439903,0.46040845138383346,0.010546856686008466
TRAIN_1161,0.67,0.44519622150998334,0.44484692588061564,0.46467865132722863
TRAIN_1162,0.84,0.8406203855128379,0.8403878609851355,0.8404174392517436
TRAIN_1163,0.04,0.5016511708873601,0.15629688306970696,0.15411134971161855
TRAIN_1164,0.1,0.5430295490344266,0.10804337923733065,0.11068879780026025
TRAIN_1165,0.11,0.4683747057243791,0.46062639789410764,0.4819401467287336
TRAIN_1166,0.55,0.4027242549920004,0.2840678443631093,0.2602280762602626
TRAIN_1167,0.53,0.48095899108441387,0.47725216481702804,0.5337100868857212
TRAIN_1168,0.22,0.37554703259489297,0.28397937850234894,0.3216568268952771
TRAIN_1169,0.13,0.47784458013262576,0.4565526797851293,0.5018205486720259
TRAIN_1170,0.69,0.5910390937532524,0.5848964745126009,0.593029304225844
TRAIN_1171,0.88,0.33315220951932967,0.44784810040664746,0.35322206910439585
TRAIN_1172,0.93,0.46369764580363104,0.46415975168079465,0.4644502114975324
TRAIN_1173,0.79,0.49023566028888704,0.45204128992978554,0.5143923608981088
TRAIN_1174,0.4,0.4001655346725387,0.3998411765903427,0.40027767149200105
TRAIN_1175,0.93,0.5436329911335875,0.5234158653257395,0.5172626727146357
TRAIN_1176,0.74,0.7418887311512287,0.7399715898557981,0.7410400503777205
TRAIN_1177,0.07,0.4228404094402527,0.4518702485017134,0.4173047720635896
TRAIN_1178,0.23,0.4779002012498917,0.5236047974333985,0.4958890921462183
TRAIN_1179,0.62,0.5045464868059268,0.48697124616922927,0.4904686053840516
TRAIN_1180,0.91,0.5080418548971223,0.5336102931686854,0.48146247284800303
TRAIN_1181,0.55,0.500715166408681,0.5479411704487582,0.5126907136712062
TRAIN_1182,0.48,0.4634954976951,0.41705876773633277,0.4463615932547818
TRAIN_1183,0.86,0.5837171729283577,0.5755226723555312,0.5687238127244837
TRAIN_1184,0.48,0.4501646131595637,0.44527294467596673,0.446334105171162
TRAIN_1185,0.41,0.48787701487345847,0.4720208178478967,0.4651738256560089
TRAIN_1186,0.14,0.21507648075886837,0.24156587567060556,0.22052236591092222
TRAIN_1187,0.55,0.5552659023881232,0.5565358597545478,0.6364686439044862
TRAIN_1188,0.06,0.1926883872735346,0.21002402834212136,0.20027470913793988
TRAIN_1189,0.0,0.5295991524692083,0.5097482679424024,0.5257959153142844
TRAIN_1190,0.7,0.5228497874295681,0.497452839714347,0.5014092805540838
TRAIN_1191,0.29,0.500274675742287,0.5000353512406108,0.5074811181699515
TRAIN_1192,0.87,0.6347419330596449,0.5293792525112623,0.6316278108677476
TRAIN_1193,0.75,0.6025444506294085,0.598883392558911,0.4887752593243793
TRAIN_1194,0.12,0.18816774908864048,0.17213210313790328,0.6927488905429326
TRAIN_1195,0.53,0.4848504963136333,0.4849730680768768,0.4549372988682091
TRAIN_1196,0.69,0.493570381603584,0.5328858826882017,0.46651415587520834
TRAIN_1197,0.01,0.4957380709934678,0.4987951630538195,0.5006852582429925
TRAIN_1198,0.6,0.5130503775804519,0.5233867024683475,0.5187568713192247
TRAIN_1199,0.4,0.5894619416357125,0.5693282437037963,0.5442505122097437
TRAIN_1200,0.59,0.323399466196948,0.33538189164415966,0.33001929520157036
TRAIN_1201,0.16,0.513148566283289,0.4580206639259043,0.4497960322369979
TRAIN_1202,0.73,0.7301873510205731,0.5005509865670542,0.7303447771777659
TRAIN_1203,0.97,0.4193983583862357,0.3966262784875706,0.40321837201981686
TRAIN_1204,0.01,0.008341173700584681,0.008994262489294746,0.010076984393237232
TRAIN_1205,0.88,0.8059867222461556,0.787839000964635,0.8401170294777925
TRAIN_1206,0.72,0.5063815931034482,0.4998011969134198,0.4993441749664241
TRAIN_1207,0.5,0.509422550262739,0.506982169910723,0.5070517855778961
TRAIN_1208,0.11,0.5265542672706645,0.5247654683888243,0.5541161795915482
TRAIN_1209,0.07,0.5068038957285526,0.4441013532629641,0.42515506285552956
TRAIN_1210,0.08,0.2288738737055933,0.26741026220993713,0.26007729956003056
TRAIN_1211,0.31,0.485292841688664,0.4585748451414311,0.5079400171088979
TRAIN_1212,0.33,0.32902979938582094,0.33330279220797,0.3244440431999954
TRAIN_1213,0.67,0.5252479745854312,0.5158814466144428,0.5212443675464444
TRAIN_1214,0.06,0.5234298048655465,0.488131026462066,0.4798075150095646
TRAIN_1215,0.65,0.6581237544609218,0.6563602832253117,0.6601684628293888
TRAIN_1216,0.39,0.3864637302260736,0.3828240982776705,0.3848115568944491
TRAIN_1217,0.81,0.5133793371278285,0.45597264754613104,0.5031105123021774
TRAIN_1218,0.4,0.42178888303679674,0.393210682441014,0.43503852168479257
TRAIN_1219,0.55,0.44607985968860797,0.4458434006790293,0.43386291231161556
TRAIN_1220,0.59,0.47888580901196875,0.5802215409098671,0.576321728931678
TRAIN_1221,0.17,0.4506314904321681,0.2471396249479721,0.25681712156518344
TRAIN_1222,0.68,0.5450461768769385,0.521224414604445,0.5790935989474123
TRAIN_1223,0.29,0.31077800812932077,0.5903278745576096,0.6057837949883602
TRAIN_1224,0.48,0.4946860674795892,0.4685814681166662,0.38152799499720247
TRAIN_1225,0.55,0.5137191478953362,0.5084271879870965,0.5632851103620607
TRAIN_1226,0.47,0.5072940393361379,0.5887347401919877,0.5705759875269543
TRAIN_1227,0.44,0.54385326014163,0.5607708807167991,0.5238186564933434
TRAIN_1228,0.95,0.465480278863077,0.47643780481812714,0.5344101548836746
TRAIN_1229,0.32,0.5633857852438536,0.5629435660022173,0.5913484820471009
TRAIN_1230,0.9,0.5210258025418402,0.5292097582222732,0.5294010758338531
TRAIN_1231,0.68,0.5160576961677088,0.5199205097800293,0.5869921607745467
TRAIN_1232,0.47,0.45384710465629535,0.46592948209780993,0.4704763046641721
TRAIN_1233,0.68,0.6665000912136717,0.4141555391372761,0.4619500396198406
TRAIN_1234,0.75,0.5198715148525972,0.514896860281831,0.5271442071618652
TRAIN_1235,0.23,0.40844914227725615,0.3478031163123416,0.3968521242238167
TRAIN_1236,0.33,0.31452972104507326,0.3161697914305358,0.3159786417139737
TRAIN_1237,0.75,0.33640748023047096,0.35094614159511606,0.35717693747417223
TRAIN_1238,0.18,0.48101089769353594,0.3795403030875967,0.44497050351191886
TRAIN_1239,0.18,0.27520792461148125,0.30413474342068403,0.3002015787728872
TRAIN_1240,0.05,0.4702521479416383,0.4525727673364198,0.4468808597399918
TRAIN_1241,0.41,0.45931507682225337,0.5135691327119636,0.5006352773257243
TRAIN_1242,0.04,0.4491526989033059,0.46455331328913696,0.45298216462226604
TRAIN_1243,0.86,0.8595639263853361,0.8594222183625282,0.8597941105588671
TRAIN_1244,0.76,0.46210014607663313,0.45693642766773895,0.4604977911988539
TRAIN_1245,0.21,0.2414265939491726,0.2590660200438518,0.21830154146937014
TRAIN_1246,0.19,0.559141733866221,0.28337498695303365,0.2852092151875839
TRAIN_1247,0.49,0.48985331569240353,0.490313021954404,0.49040331612634674
TRAIN_1248,0.52,0.3799574782421779,0.422727477331861,0.4397570809773047
TRAIN_1249,0.94,0.3780962963687513,0.9322657218257322,0.47850777925070964
TRAIN_1250,0.09,0.510053664909183,0.4185707583394941,0.48957249275625303
TRAIN_1251,0.03,0.5428822820910684,0.4792801745319998,0.4618314435065722
TRAIN_1252,0.74,0.740793716469036,0.7414350424773848,0.738174911802279
TRAIN_1253,0.79,0.6129977324475794,0.6500613692850341,0.6410155526787277
TRAIN_1254,0.77,0.7714970562037653,0.7740910816410356,0.768561179377934
TRAIN_1255,0.81,0.5417493694088954,0.5387096201219466,0.5479527813331814
TRAIN_1256,0.04,0.2025917673710858,0.6375553956554125,0.191297298641537
TRAIN_1257,0.3,0.33499417162873557,0.3402323539237635,0.3799569475831185
TRAIN_1258,0.5,0.5002757938532211,0.5005388280313215,0.4988119977255955
TRAIN_1259,0.72,0.5111482394953986,0.567823714381864,0.5548642560287804
TRAIN_1260,0.79,0.5749188951891464,0.5483782782224714,0.5778094932748393
TRAIN_1261,0.48,0.42183839318009847,0.45789204602220646,0.43228462964225495
TRAIN_1262,0.39,0.5329811871504655,0.39982369933145895,0.399357027922019
TRAIN_1263,0.73,0.7348811429625592,0.7355450790163653,0.7349876255296528
TRAIN_1264,0.81,0.405492392460904,0.38442391905582096,0.37735902270368205
TRAIN_1265,0.15,0.48887667319125283,0.41127802638778516,0.4764832582251808
TRAIN_1266,0.1,0.10344307592471064,0.10322817574207921,0.10214445664019761
TRAIN_1267,0.29,0.3706698573126315,0.5234911370141949,0.5757076745012738
TRAIN_1268,0.16,0.5222288186216792,0.5199681112164823,0.48333113176792164
TRAIN_1269,0.47,0.4609578585253085,0.4631652897826455,0.46167218179752545
TRAIN_1270,0.69,0.4748718334876715,0.6081583773576679,0.6066559179918026
TRAIN_1271,0.38,0.4343356191318011,0.409770420571885,0.43690044015875584
TRAIN_1272,0.98,0.32507156641220347,0.3425330296100962,0.3280242722767809
TRAIN_1273,0.72,0.6978959870479023,0.7186165288435041,0.710494991749024
TRAIN_1274,0.96,0.5117017789177204,0.5839231359621753,0.5618772429841951
TRAIN_1275,0.72,0.46244537856529006,0.46944356388184405,0.48476695671809444
TRAIN_1276,0.65,0.3689392669124536,0.42124800823146263,0.3982642187527106
TRAIN_1277,0.87,0.38409317404366117,0.4254989097227827,0.3676284288886538
TRAIN_1278,0.09,0.08330236352775316,0.6038265352437627,0.09168500623843223
TRAIN_1279,0.77,0.7668437176471101,0.7673641486762457,0.7679299747208006
TRAIN_1280,0.08,0.4908816972434007,0.48881000256459145,0.4878361040585576
TRAIN_1281,0.36,0.6037543540128171,0.6640334601852167,0.6268061127405261
TRAIN_1282,0.01,0.006846330425106073,0.5598157599360831,0.006851648237029773
TRAIN_1283,0.4,0.4303769003926454,0.40001433527248476,0.5559180520099483
TRAIN_1284,0.45,0.4666185773583218,0.48516122551375485,0.5035753766415073
TRAIN_1285,0.7,0.3518813418219485,0.35947593321161986,0.39492365408855434
TRAIN_1286,0.37,0.47604792563078446,0.4441221811751076,0.474619152507158
TRAIN_1287,0.93,0.5058515589715705,0.4555893570926161,0.46803318495016366
TRAIN_1288,0.08,0.07960974271434029,0.07956778401053843,0.07976593238651214
TRAIN_1289,0.1,0.5082397597344817,0.5091043838381202,0.5085886860927087
TRAIN_1290,0.49,0.504926031782175,0.45164005852844674,0.48069092670437785
TRAIN_1291,0.82,0.7462828709962559,0.7479593684121284,0.37921749894075085
TRAIN_1292,0.75,0.5869768388156835,0.5735178779638599,0.5738467092353045
TRAIN_1293,0.05,0.4090444593746083,0.500195122339923,0.3888944444007251
TRAIN_1294,0.43,0.4266977786026092,0.429056098828768,0.42815311130258416
TRAIN_1295,0.86,0.47002433980951197,0.48590443033297837,0.48918396651160867
TRAIN_1296,0.12,0.5100498730458128,0.4833393523843759,0.5324061310874107
TRAIN_1297,0.27,0.269145168168225,0.2709077400732419,0.5514190723037908
TRAIN_1298,0.64,0.5015383006617158,0.46937344430259254,0.49933598407338586
TRAIN_1299,0.06,0.06344697268059735,0.06307439075013949,0.06261278997843228
TRAIN_1300,0.28,0.3152067434017184,0.3113339129973375,0.3191427390121726
TRAIN_1301,0.01,0.3713542098813759,0.4224609933274221,0.39419810636575325
TRAIN_1302,0.51,0.5076214472969627,0.5149516055130652,0.5185554840194484
TRAIN_1303,0.13,0.40923845237341033,0.4191048740760945,0.40643925082313737
TRAIN_1304,0.37,0.5707044417866324,0.5009981542233767,0.5227203648880195
TRAIN_1305,0.14,0.25753627143769364,0.22828939772395213,0.2983930150326356
TRAIN_1306,0.01,0.38399418927191126,0.32267186464006425,0.3015664470775472
TRAIN_1307,0.69,0.6857232398477903,0.6856961782883995,0.683312831854882
TRAIN_1308,0.17,0.37323514325734797,0.45755634344572743,0.47800192468651487
TRAIN_1309,0.16,0.4709757630698754,0.477849551448079,0.4878233914622205
TRAIN_1310,0.26,0.2633082303693801,0.2601796189858545,0.26456933773383284
TRAIN_1311,0.21,0.35554363559131685,0.36407644355156155,0.39484134332145215
TRAIN_1312,0.35,0.36655828699021464,0.4975451124802814,0.3680947580938065
TRAIN_1313,0.83,0.8298499410514086,0.8301304618013783,0.8297745801221786
TRAIN_1314,0.9,0.5214310466963977,0.5415362955753165,0.5058264182026079
TRAIN_1315,0.4,0.45206467130996286,0.44539406330481274,0.4537388284870419
TRAIN_1316,0.04,0.4806593156992493,0.05661843082453871,0.04854753912208987
TRAIN_1317,0.99,0.9986122078679348,0.475006763734997,0.5022053851821116
TRAIN_1318,0.03,0.5002330527490668,0.4952494339551198,0.49873274488778674
TRAIN_1319,0.92,0.3712959701693814,0.38293357786910726,0.36746239836368966
TRAIN_1320,0.6,0.6053551140843396,0.5881981062653238,0.6327591566753634
TRAIN_1321,0.0,7.095031745618652e-05,0.0,0.0
TRAIN_1322,0.54,0.543239596000421,0.5454042792685698,0.5458913795797368
TRAIN_1323,0.31,0.6014130490834259,0.6205164883803699,0.6140416806798541
TRAIN_1324,0.09,0.283475551306219,0.30513117614068863,0.3707616985419955
TRAIN_1325,0.76,0.4202843658207608,0.4827528779105933,0.4573702802664733
TRAIN_1326,0.71,0.5280736461485271,0.5698721437793285,0.5142626144554379
TRAIN_1327,0.52,0.374785198055538,0.507385641999201,0.5051257912221879
TRAIN_1328,0.92,0.4561069523005261,0.47099482562582606,0.4767233478046398
TRAIN_1329,0.95,0.7690818120967367,0.4548777054695271,0.7913265640366249
TRAIN_1330,0.38,0.4842437447631082,0.48199037281501395,0.4915335983973882
TRAIN_1331,0.02,0.4351193277041741,0.06899009571917464,0.07896316182000851
TRAIN_1332,0.03,0.5454880671429935,0.5441892633892286,0.5278289058839919
TRAIN_1333,0.99,0.5740035530611068,0.4893620355111938,0.5374536803935426
TRAIN_1334,0.42,0.4193443349046243,0.4190573378018748,0.4182952868764243
TRAIN_1335,0.24,0.4690904287713744,0.43876417589345684,0.44733700818931266
TRAIN_1336,0.55,0.5173718369903708,0.38493547678030887,0.5247010972263672
TRAIN_1337,0.64,0.5988387653009333,0.6016267795971376,0.5922293285894829
TRAIN_1338,0.99,0.3912995545837527,0.38491332885326623,0.42147192293063435
TRAIN_1339,0.48,0.5340145534191119,0.48395336368298264,0.4782138815839722
TRAIN_1340,0.53,0.4883449953200949,0.4937146806277396,0.49019728573486726
TRAIN_1341,0.88,0.4628713804080476,0.4182201355531673,0.45161225944216105
TRAIN_1342,0.82,0.42296996310195384,0.4130451966255044,0.4219176719788262
TRAIN_1343,0.0,0.46791864670705785,0.521164368243055,0.4971272549314803
TRAIN_1344,0.47,0.4869058182348107,0.45610624815510575,0.45091667613059666
TRAIN_1345,0.53,0.38181981901254286,0.3736206921521268,0.3650443093445648
TRAIN_1346,0.95,0.5178720594002797,0.5000055756605076,0.5030641742699278
TRAIN_1347,0.88,0.8778836976715763,0.8755529981462762,0.8738604987165051
TRAIN_1348,0.9,0.8957922843677628,0.893641155801951,0.8939080520693619
TRAIN_1349,0.36,0.49861044403203036,0.4926115244992136,0.4907318179720192
TRAIN_1350,0.4,0.41624171248929287,0.4080535808382474,0.41376743745423683
TRAIN_1351,0.55,0.39225941513710344,0.2940396861613115,0.33551936861061654
TRAIN_1352,0.68,0.6822404735285895,0.6809220771949818,0.4240546973695165
TRAIN_1353,0.45,0.45148335415962476,0.4485169591811388,0.44814309523581536
TRAIN_1354,0.69,0.5003045017801,0.5899312725683926,0.4952103103294037
TRAIN_1355,0.41,0.5654203174867223,0.5029148635386057,0.5128420442133151
TRAIN_1356,0.0,0.41180128587594533,0.5070746998189112,0.38272560174851705
TRAIN_1357,0.05,0.6291522689395832,0.5979238092008207,0.6112466772323373
TRAIN_1358,0.07,0.06987672234610548,0.4548738764242127,0.07054665791320658
TRAIN_1359,0.91,0.5883522044340452,0.5921278515532123,0.558958749069995
TRAIN_1360,0.62,0.48085360959027496,0.4898085635424636,0.4809710077816126
TRAIN_1361,0.08,0.3025738431094315,0.21135395137699042,0.30070378927812863
TRAIN_1362,0.56,0.6109426778310196,0.5804153649211663,0.5987023631616012
TRAIN_1363,0.59,0.5890676312965375,0.5890018361536059,0.5090355481388598
TRAIN_1364,0.76,0.5065623315210062,0.5467396189590517,0.5075613620814242
TRAIN_1365,0.18,0.5093723807794361,0.48434099233681405,0.42115096831525145
TRAIN_1366,0.17,0.4520547142821329,0.4423136320963525,0.4560471253063948
TRAIN_1367,0.02,0.022601474520524245,0.02211072990305213,0.4936088347696418
TRAIN_1368,0.49,0.41948558790969315,0.44059620752878415,0.42755147031178603
TRAIN_1369,0.47,0.4407434415573924,0.436043088420996,0.4512674697879795
TRAIN_1370,0.88,0.5379755344564239,0.5484926038056765,0.5369253199322866
TRAIN_1371,0.23,0.5943158490643082,0.6545803376162549,0.6457141899388563
TRAIN_1372,0.8,0.8007533728782462,0.7999335311207194,0.8009782876978639
TRAIN_1373,0.56,0.4853574277355026,0.47606613959789273,0.4921832395460393
TRAIN_1374,0.17,0.44798108099975653,0.42479929338099776,0.45589340931747013
TRAIN_1375,0.49,0.4895191924009928,0.48929055273572597,0.4895397878927219
TRAIN_1376,0.71,0.37023099626662825,0.20255555603755587,0.1712019326666674
TRAIN_1377,0.24,0.4464589677404735,0.4267764708108366,0.42607311949431714
TRAIN_1378,0.47,0.5756357553543578,0.5928777192571739,0.583426768437082
TRAIN_1379,0.06,0.06225343436821523,0.06301644539184814,0.5805960916091332
TRAIN_1380,0.59,0.43747374645133036,0.452705622641185,0.4357842146016386
TRAIN_1381,0.18,0.2761559176033469,0.3450042930959304,0.32145696850628414
TRAIN_1382,0.72,0.5436294010770919,0.517812595381216,0.5352117008266105
TRAIN_1383,0.96,0.5157507731246238,0.5513126425617844,0.5074729118004906
TRAIN_1384,0.28,0.46338175488781574,0.49581659177550597,0.4129411836872918
TRAIN_1385,0.95,0.5444256710322676,0.47111578679438504,0.42990610991362943
TRAIN_1386,0.13,0.19787078606870584,0.20689216152650192,0.20995645805496377
TRAIN_1387,0.49,0.30980051805683845,0.2745913725918806,0.21801457293794513
TRAIN_1388,0.21,0.22251871698727516,0.2254711846037986,0.22349532333545258
TRAIN_1389,0.21,0.20193612972152875,0.2024722857558105,0.20266179424072905
TRAIN_1390,0.44,0.4378116010154651,0.43609548835471457,0.43740867685481
TRAIN_1391,0.14,0.4574462066516425,0.39696058032583614,0.38113279779254594
TRAIN_1392,0.44,0.47200754709668186,0.47960475852396267,0.4751594539525089
TRAIN_1393,0.65,0.6705390868611825,0.6446617323153782,0.6453291208673891
TRAIN_1394,0.58,0.5798178170795427,0.5795871587708455,0.5794508622332978
TRAIN_1395,0.67,0.6523343923442554,0.6594270285599271,0.6589995279644947
TRAIN_1396,0.64,0.6403751079910419,0.64032118401927,0.6406588199176726
TRAIN_1397,0.18,0.37573643862083816,0.39798448369399475,0.5519959854991748
TRAIN_1398,0.92,0.5520934171506721,0.540727534835972,0.519496730655932
TRAIN_1399,0.78,0.681708938541858,0.6565888026055267,0.6985720306790957
TRAIN_1400,0.77,0.7601873966141769,0.7603787133809017,0.7604600084325466
TRAIN_1401,0.42,0.5377346916540808,0.5251308099803749,0.5321275216158714
TRAIN_1402,0.21,0.4972076013538964,0.48659466806905377,0.4811661496434807
TRAIN_1403,0.0,0.5148655404467751,0.002183038949974514,0.0026378205882225947
TRAIN_1404,0.89,0.4449892017186312,0.4685706174529782,0.4659194341741784
TRAIN_1405,0.56,0.40755130046352817,0.3798508838534931,0.47627601808489856
TRAIN_1406,0.92,0.5810865919255557,0.8055711989641807,0.7772720896850809
TRAIN_1407,0.96,0.9483720061304426,0.5167375978202907,0.9482017082711481
TRAIN_1408,0.07,0.5284942770454811,0.5370172730279287,0.5360094669994018
TRAIN_1409,0.6,0.4370957818012812,0.40374712685805725,0.5021635716131088
TRAIN_1410,0.79,0.47818392989025676,0.45015980188858573,0.5054742998087148
TRAIN_1411,0.15,0.30535150246710563,0.3095380410880775,0.2697079290273969
TRAIN_1412,0.4,0.5272266791743871,0.44869628006179146,0.4919769836168227
TRAIN_1413,0.9,0.8241761037533106,0.8231026588221734,0.810225510784259
TRAIN_1414,0.22,0.5330539515000575,0.2481207802246995,0.44961443861786987
TRAIN_1415,0.36,0.35874630727726753,0.3589979534764808,0.3572793415880741
TRAIN_1416,0.22,0.4187503441230428,0.5744371131677296,0.4162771777139552
TRAIN_1417,0.01,0.5033508633082052,0.41167009499821516,0.453389621615508
TRAIN_1418,0.22,0.42274404660206244,0.4632077346310628,0.4547443562459252
TRAIN_1419,0.78,0.49237949321706265,0.4906252870118183,0.4940955868218095
TRAIN_1420,0.81,0.6777582972966651,0.6712090871726588,0.6590252051722219
TRAIN_1421,0.17,0.39793705072406116,0.38590166673961884,0.35498741871328376
TRAIN_1422,0.82,0.510221257858499,0.5542307049671272,0.5323011494451841
TRAIN_1423,0.5,0.5024710736191045,0.49704299403013574,0.5141188379325996
TRAIN_1424,0.31,0.5481182504566604,0.5553084792952667,0.5612787869257339
TRAIN_1425,0.53,0.5593641303489975,0.5467754031765598,0.5468901492233751
TRAIN_1426,0.83,0.8300198295263495,0.8299489504475732,0.5514027304988423
TRAIN_1427,0.66,0.5127682944152955,0.5027098739440015,0.503603725769404
TRAIN_1428,0.15,0.15668622987306846,0.15682674685769216,0.15647402760913515
TRAIN_1429,0.82,0.4628364511027775,0.45363294618355793,0.47725422853756666
TRAIN_1430,0.15,0.5145266211253982,0.5175748835346262,0.5218462414783135
TRAIN_1431,0.38,0.4018312042235287,0.5304388938766587,0.43355643025041357
TRAIN_1432,0.21,0.21532123237437784,0.21267391529697255,0.21355120700939684
TRAIN_1433,0.74,0.7160806228469054,0.7287402846946798,0.7125150285911634
TRAIN_1434,0.32,0.4918672612831064,0.48878088142787496,0.48980145214341875
TRAIN_1435,0.01,0.42860132844639565,0.4141768927583775,0.5190588381383991
TRAIN_1436,0.53,0.6545555857927077,0.507815644973475,0.5059167796784511
TRAIN_1437,0.92,0.6241125839404279,0.5991370788452159,0.6271449814164216
TRAIN_1438,0.45,0.522173863248528,0.5219315763773749,0.5246496387166222
TRAIN_1439,0.27,0.39272203936471833,0.37776573546101144,0.37710027558302994
TRAIN_1440,0.88,0.5151889756293295,0.505514885011324,0.518099374905427
TRAIN_1441,0.02,0.4523331963216691,0.17945419399305984,0.17260843312838703
TRAIN_1442,0.24,0.2568849761770051,0.2662305559174866,0.25184317819416585
TRAIN_1443,0.37,0.5628291230266442,0.3569066458676468,0.5115448681901333
TRAIN_1444,0.18,0.414211782611654,0.47368743132990265,0.423660743830871
TRAIN_1445,0.78,0.7838411122923843,0.7837470881073709,0.7846737938071005
TRAIN_1446,0.07,0.076055991642906,0.07461366834800615,0.06927569433491554
TRAIN_1447,0.92,0.6471733140483571,0.5877063425860911,0.6303281624476972
TRAIN_1448,0.15,0.1841931922479783,0.18438614567539524,0.4997423324352313
TRAIN_1449,0.42,0.427600957582194,0.4244096064331177,0.42563639981119317
TRAIN_1450,0.68,0.6519074221342436,0.6468073248514191,0.6421992158945751
TRAIN_1451,0.3,0.2997090766982142,0.3001923636718339,0.3002111338036866
TRAIN_1452,0.04,0.5176877490190542,0.46341617549931147,0.6127460437762089
TRAIN_1453,0.37,0.3668126135624019,0.3799928845713688,0.34833679141581186
TRAIN_1454,0.02,0.5061748244597049,0.5358639587164604,0.5383946949897545
TRAIN_1455,0.31,0.5769749404383748,0.562184005821931,0.5941447546529173
TRAIN_1456,0.32,0.5720485631695568,0.6470533445679514,0.606870000737289
TRAIN_1457,0.85,0.8487997054492169,0.8493076269987383,0.8481372282018418
TRAIN_1458,0.49,0.49861888220622846,0.5277876725978289,0.49445739256078475
TRAIN_1459,0.21,0.5008280977135964,0.5209471726402861,0.4435240715694353
TRAIN_1460,0.88,0.4573064802465527,0.8792756705364067,0.42665232712124046
TRAIN_1461,0.07,0.07424622742648712,0.07408213409379044,0.07517740395967104
TRAIN_1462,0.42,0.4771148799066347,0.4813140144006023,0.49847650158134527
TRAIN_1463,0.23,0.4383215529306682,0.41975363235978924,0.4812984728466879
TRAIN_1464,0.33,0.5079138335799821,0.5188873528463933,0.5161738946268304
TRAIN_1465,0.31,0.5092943131341338,0.43114336921770446,0.46023140733655793
TRAIN_1466,0.46,0.46268921020934917,0.46352194434580535,0.44714105478208654
TRAIN_1467,0.29,0.4297805039048531,0.38203406123513906,0.3860804646134028
TRAIN_1468,0.99,0.6118969215805006,0.5142905420085407,0.5601694704048632
TRAIN_1469,0.68,0.6793474738800396,0.6777041930446634,0.4963457954266902
TRAIN_1470,0.46,0.7277200624215086,0.6475494993691098,0.7123871368237067
TRAIN_1471,0.42,0.43066648690112663,0.4295528149205294,0.42942798509843805
TRAIN_1472,0.08,0.08535085515727264,0.0855205134195336,0.08572875379843858
TRAIN_1473,0.25,0.587983478606545,0.5872032466634896,0.5887178868486237
TRAIN_1474,0.28,0.5618782568798654,0.5264593333643416,0.5467272261061149
TRAIN_1475,0.74,0.5927110702431877,0.5946890539684785,0.5943361350756962
TRAIN_1476,0.02,0.5844001151030903,0.02161320684561885,0.01920473197107725
TRAIN_1477,0.55,0.54628418012733,0.545752132560323,0.6308738774046844
TRAIN_1478,0.43,0.4420275663936514,0.5909277238711185,0.45426845553543743
TRAIN_1479,0.64,0.4992824615157261,0.4884995762496843,0.44348064983567603
TRAIN_1480,0.13,0.7174923218372453,0.6466206100697451,0.671454909767587
TRAIN_1481,0.58,0.5207260066873053,0.4948592069188081,0.5035211241578327
TRAIN_1482,0.15,0.5391036526323881,0.1523754618601862,0.15245414706110333
TRAIN_1483,0.39,0.38797549036214907,0.38831276595661457,0.3882438539551711
TRAIN_1484,0.01,0.42900193512842144,0.4968956767400574,0.41882363878334156
TRAIN_1485,0.94,0.36883112112744665,0.35277503370309393,0.3706140464140584
TRAIN_1486,0.58,0.5510822440071285,0.5414925635293678,0.548944158487511
TRAIN_1487,0.34,0.3894069401450091,0.3705242738848017,0.36240686003706996
TRAIN_1488,0.96,0.9611305563538755,0.9609126146377707,0.9606003247789214
TRAIN_1489,0.48,0.49883022709085045,0.445322962643692,0.49515729880662757
TRAIN_1490,0.38,0.3810030583084503,0.3806817650718487,0.5026513869991347
TRAIN_1491,0.62,0.6175000440347357,0.6100454556905568,0.6030899095670097
TRAIN_1492,0.53,0.5259135343115668,0.5155715560667464,0.5010609670803896
TRAIN_1493,0.06,0.06773650196390485,0.5662243970168199,0.06799272228817954
TRAIN_1494,0.57,0.3287475789857443,0.42539661005725615,0.4173689950019134
TRAIN_1495,0.29,0.288745061616832,0.28902470432640937,0.2896677366905705
TRAIN_1496,0.53,0.36171386489320656,0.41650242889615363,0.40243696147420627
TRAIN_1497,0.64,0.7251565453777138,0.728883825312608,0.6744906503863946
TRAIN_1498,0.42,0.4141459926825527,0.4359315235512238,0.3878774235907922
TRAIN_1499,0.67,0.43952481091459095,0.4126698616244695,0.4119411120290633
TRAIN_1500,0.66,0.36411765670134594,0.34170570903458336,0.32520715369421316
TRAIN_1501,0.99,0.9616761338166747,0.44796697030711063,0.4832319694479545
TRAIN_1502,0.83,0.5762888168873272,0.5715959064333963,0.5785184012643685
TRAIN_1503,0.4,0.3998806954444273,0.4000271657520134,0.39999501910532786
TRAIN_1504,0.27,0.4249090913608912,0.42539980215183393,0.45787959844400433
TRAIN_1505,0.96,0.9581861345652638,0.9544913823037264,0.9539489369836269
TRAIN_1506,0.09,0.10327808828924251,0.24988063902116614,0.14180800489741696
TRAIN_1507,0.2,0.20687894186669675,0.206115935181866,0.554987420066663
TRAIN_1508,0.47,0.5336232418990005,0.5481924532332221,0.539707703912971
TRAIN_1509,0.33,0.4622402255192125,0.5198377227798999,0.4646560729861513
TRAIN_1510,0.38,0.513304771159945,0.4616335403161426,0.48863576969039174
TRAIN_1511,0.4,0.4400298084827521,0.42735732694595474,0.4763100644768686
TRAIN_1512,0.8,0.6697228496890065,0.6310317177071512,0.6472242120206009
TRAIN_1513,0.94,0.8760138650215813,0.8737631536261781,0.8828268353663853
TRAIN_1514,0.49,0.4193358524433071,0.4578604307549705,0.4224030879834425
TRAIN_1515,0.39,0.4852855700383205,0.5500006699500042,0.5873903232932178
TRAIN_1516,0.75,0.3042341597876443,0.2653448911137869,0.3916030567183364
TRAIN_1517,0.34,0.35205986680001733,0.35112548122255083,0.352076670400269
TRAIN_1518,0.39,0.4985834956368071,0.5135511561142188,0.5177567510964386
TRAIN_1519,0.42,0.5333197472195821,0.5472690386023511,0.554954573969082
TRAIN_1520,0.66,0.5239115899658232,0.4851683902768389,0.5467259133722334
TRAIN_1521,0.27,0.33530621372523384,0.376721510449787,0.3442165963279869
TRAIN_1522,0.38,0.3380480659315659,0.3545774427991569,0.48028938402344945
TRAIN_1523,0.25,0.3672434449825511,0.3713933020848385,0.41726151191282485
TRAIN_1524,0.0,0.5152454925358415,0.0028655636028759313,0.0035519125613109326
TRAIN_1525,0.31,0.40600265867627205,0.389676054029235,0.44889607395249304
TRAIN_1526,0.55,0.5086543952442755,0.5040150169019296,0.4842998021447035
TRAIN_1527,0.28,0.5752220822702642,0.5767903853075161,0.6159990649863563
TRAIN_1528,0.17,0.16799402092859222,0.16752062921758404,0.16810528226984334
TRAIN_1529,0.2,0.4009682082370831,0.4117996426519851,0.37708183157613834
TRAIN_1530,0.85,0.4245236159597141,0.43076855568710315,0.5072320217586888
TRAIN_1531,0.28,0.2805910448660752,0.28206845310719597,0.28098182983376174
TRAIN_1532,0.14,0.5262339965482896,0.5337614376912202,0.5227737545621833
TRAIN_1533,0.36,0.6186987329551314,0.6332153436929274,0.5508235270512963
TRAIN_1534,0.33,0.38282920078082,0.3817010331004045,0.35915412567087257
TRAIN_1535,0.18,0.44282288834146166,0.43164757478263227,0.4934074462228167
TRAIN_1536,0.77,0.7258922368278701,0.7060111629491054,0.7053219693736922
TRAIN_1537,0.72,0.5839790694274054,0.5881216484286194,0.5642456668427224
TRAIN_1538,0.71,0.7092388116158128,0.7096309867937007,0.5524429016431269
TRAIN_1539,0.67,0.6117631545501888,0.6602317444720454,0.620345778461357
TRAIN_1540,0.48,0.5325362367749154,0.5353894909183924,0.5344703587243147
TRAIN_1541,0.4,0.4809615728975629,0.5130739720012263,0.4793972887155147
TRAIN_1542,0.8,0.6352742349525312,0.5978578222532663,0.6075395295630537
TRAIN_1543,0.37,0.3668667376390984,0.3677750643271237,0.36389150821308325
TRAIN_1544,0.13,0.45137277484400673,0.44415104039542036,0.4295864694321151
TRAIN_1545,0.14,0.37416313350743985,0.3649356081133625,0.3676001437936792
TRAIN_1546,0.65,0.6493615479954473,0.6476422432365443,0.6475022735357372
TRAIN_1547,0.16,0.16419928945812234,0.16257809175167098,0.5098567482637737
TRAIN_1548,0.8,0.5023426587351886,0.4835771263077221,0.478298182425022
TRAIN_1549,0.01,0.017338172662602125,0.4750833224610997,0.016624745966987597
TRAIN_1550,0.41,0.3962354611925525,0.35680248772070544,0.35993683799904913
TRAIN_1551,1.0,0.9685562032902417,0.9634241612558991,0.9842436275598591
TRAIN_1552,0.01,0.3223844637516706,0.3107624629152724,0.2639406343441074
TRAIN_1553,0.92,0.4002302094984638,0.46351274205299586,0.46171191445163773
TRAIN_1554,0.09,0.08852330251661705,0.0903945268774996,0.6013156139153001
TRAIN_1555,0.16,0.29293802924416906,0.2963300608188285,0.4807649259628863
TRAIN_1556,0.04,0.5190252585831358,0.5175852809580717,0.4371296692481082
TRAIN_1557,0.08,0.08230590043701325,0.08189354690061135,0.08175575711177674
TRAIN_1558,0.98,0.5115789091885438,0.5474511385623866,0.9107705559002257
TRAIN_1559,0.17,0.36947392071575247,0.3583323059029748,0.3694982011252327
TRAIN_1560,0.99,0.9920611821307604,0.9899272398837936,0.9890821921402368
TRAIN_1561,0.37,0.3795444023593695,0.35360610431728146,0.3451896105084946
TRAIN_1562,0.37,0.3254321175716505,0.3724278112716589,0.4072919545153566
TRAIN_1563,0.36,0.5105217743953878,0.49395122113482853,0.5229591758942265
TRAIN_1564,0.85,0.8501500596179856,0.850946765322451,0.8507894764718115
TRAIN_1565,0.52,0.525396564917765,0.5274465052320878,0.40285415151598475
TRAIN_1566,0.65,0.6254301768554152,0.6192004050644648,0.6486653324791991
TRAIN_1567,0.33,0.4186010826587333,0.43902441716198304,0.40457142400609686
TRAIN_1568,0.58,0.4064714063320423,0.35149840328732196,0.40374088154898846
TRAIN_1569,0.26,0.2625135628655024,0.6437547691052171,0.2627090345872828
TRAIN_1570,0.91,0.7820342470531029,0.8550926801703693,0.8277776029304966
TRAIN_1571,0.4,0.39410308961671625,0.38940378223162164,0.39936419291865377
TRAIN_1572,0.78,0.5642540554620792,0.5363122083991958,0.5670845794759212
TRAIN_1573,0.4,0.4031200291392542,0.40639520209716423,0.4083321952882012
TRAIN_1574,0.13,0.2272273634949472,0.2304856268670462,0.21598252999383155
TRAIN_1575,0.78,0.7740332818610473,0.774052965253284,0.77516406825213
TRAIN_1576,0.46,0.45825673131498046,0.38855995475057603,0.45310169832755093
TRAIN_1577,0.5,0.5114198630428072,0.5283084100163957,0.5345515193520788
TRAIN_1578,0.36,0.43550924043122136,0.4674654868054949,0.45783653874806207
TRAIN_1579,0.33,0.5012957536704123,0.35856535264563644,0.35734648492354937
TRAIN_1580,0.19,0.21696749164940765,0.22147603148972983,0.21321577415476084
TRAIN_1581,0.64,0.5231409003328309,0.5520512462576151,0.4694224910066796
TRAIN_1582,0.57,0.5632831076186539,0.5660572322577955,0.5705445521613617
TRAIN_1583,0.7,0.27513795122938733,0.3119417707815169,0.36200882752297847
TRAIN_1584,0.03,0.5603861942823625,0.5841264599297648,0.5743879284542117
TRAIN_1585,0.59,0.5843153542734927,0.4909684092213775,0.5815257291210929
TRAIN_1586,0.21,0.22997127980612736,0.22737887552742414,0.22182495413041925
TRAIN_1587,0.19,0.5597470867638943,0.22329775444501315,0.21216539478314972
TRAIN_1588,0.08,0.3521159636665692,0.4451015813646248,0.08460504782991024
TRAIN_1589,0.45,0.5381011722731408,0.5158305818285542,0.540284755677459
TRAIN_1590,0.07,0.5181083517621198,0.541412785652654,0.5549985241706985
TRAIN_1591,0.22,0.30376733581429965,0.30873962714989356,0.305177334143775
TRAIN_1592,0.26,0.26246381232289606,0.26240630810138366,0.26384360846218063
TRAIN_1593,0.79,0.41975196463257675,0.3839250103091841,0.43493418414203666
TRAIN_1594,0.01,0.5230871836096658,0.5334298053490726,0.520077122897142
TRAIN_1595,0.43,0.5249043878343723,0.43117966630002624,0.45925859446858164
TRAIN_1596,0.01,0.004222732113315808,0.4722764385421631,0.009136837256140284
TRAIN_1597,0.25,0.2538787277694531,0.25584079481706834,0.25287005568911114
TRAIN_1598,0.54,0.5398773403470065,0.541853274328663,0.541580707394643
TRAIN_1599,0.15,0.5179475656703932,0.37617181864713023,0.4904312169411558
TRAIN_1600,0.63,0.5273743555528182,0.5511310127458263,0.5454702975567425
TRAIN_1601,0.29,0.44953659701660675,0.4937284032567972,0.4786772295516172
TRAIN_1602,0.99,0.39510060615209763,0.4339351746066431,0.41229888865318287
TRAIN_1603,0.25,0.4901916103896547,0.4481810267962949,0.25035487816017665
TRAIN_1604,0.58,0.5827583734233833,0.5835577313344257,0.5833171011163624
TRAIN_1605,0.71,0.3500920588436347,0.32589975227851653,0.3403683490138424
TRAIN_1606,0.56,0.5276797789276987,0.3962067987417371,0.5231653777253416
TRAIN_1607,0.71,0.708310007682196,0.7117387194810421,0.706006017074074
TRAIN_1608,0.3,0.36734310013341415,0.42730249452425084,0.3913364093738445
TRAIN_1609,0.18,0.4600024317152599,0.45379481118309484,0.4973823463194204
TRAIN_1610,0.11,0.5539772752388105,0.48262232523152176,0.5129175418913039
TRAIN_1611,0.46,0.5594090615949794,0.6120817990018862,0.5610071329033515
TRAIN_1612,0.72,0.5114167796608579,0.5068529939467502,0.5134878097851571
TRAIN_1613,0.76,0.7588017487957217,0.7606801818011085,0.7631387837229195
TRAIN_1614,0.21,0.20334953612116052,0.20615949769403097,0.21464092710736427
TRAIN_1615,0.75,0.4861233237917231,0.44726536714204695,0.4838722634952361
TRAIN_1616,0.64,0.6334579971318527,0.6631642408212705,0.8299143048400475
TRAIN_1617,0.76,0.47188750040151134,0.4649290559120023,0.4294801192138677
TRAIN_1618,0.12,0.4161472414203975,0.44512247446620623,0.4594446686927898
TRAIN_1619,0.15,0.1778877432218216,0.1774093338405346,0.4940101056898201
TRAIN_1620,0.81,0.8154038000048353,0.601508025636007,0.8134178585492261
TRAIN_1621,0.0,0.4558091486128547,0.4317897046287917,0.3203996667534868
TRAIN_1622,0.55,0.34496331410780456,0.3652600459402392,0.20774920578966305
TRAIN_1623,0.08,0.1158560071672674,0.11174707816690305,0.12154559065498255
TRAIN_1624,0.99,0.500239108117958,0.5038493882850672,0.5158004669433555
TRAIN_1625,0.51,0.5640111398056721,0.5575127436042926,0.5087987206982564
TRAIN_1626,0.72,0.6930231303777932,0.7016642474693247,0.5152772814093699
TRAIN_1627,0.72,0.34728830051886467,0.3424476983566057,0.3833235791188802
TRAIN_1628,0.43,0.4909247537249781,0.4811866156853375,0.48985882389838925
TRAIN_1629,0.74,0.5168083339091702,0.494907575066294,0.5115054436443863
TRAIN_1630,0.74,0.32429493295689615,0.4684412952808041,0.4918002650738475
TRAIN_1631,0.53,0.5593021062861622,0.5536236238624875,0.5560415945927977
TRAIN_1632,0.27,0.4572612762609789,0.48202062566243453,0.45440784315101973
TRAIN_1633,1.0,0.9643518903285798,0.958720734510887,0.9591925090134183
TRAIN_1634,0.23,0.21322412536524288,0.2206310961625737,0.21653342089176675
TRAIN_1635,0.86,0.522688776406769,0.5437718012628182,0.5701732172390679
TRAIN_1636,0.53,0.4748617549616426,0.47011421619236426,0.5227677535062056
TRAIN_1637,0.36,0.516335566644215,0.3619657766914774,0.531359576166381
TRAIN_1638,0.52,0.5357556659732672,0.5273000178281827,0.5332300396404525
TRAIN_1639,0.19,0.5983852663679888,0.4202161816591836,0.39153615001990544
TRAIN_1640,0.8,0.4533421678363821,0.6046876769853152,0.6036052315445851
TRAIN_1641,0.68,0.6376596275031927,0.6463794230698825,0.6353973435589771
TRAIN_1642,0.93,0.5038962230426414,0.5161003580569725,0.5326408256306159
TRAIN_1643,0.5,0.46916472616283467,0.4864778828620301,0.464647070601668
TRAIN_1644,0.04,0.2197642890478987,0.25219181461182744,0.24162436188093528
TRAIN_1645,0.73,0.6978740598502813,0.4676381334917015,0.4333101766524124
TRAIN_1646,0.94,0.8130785342729113,0.8057425536947533,0.7992701538873368
TRAIN_1647,0.11,0.23418713765198346,0.20264481739674628,0.41038701727858506
TRAIN_1648,0.94,0.35204462579520124,0.33155028158262845,0.2793921839000674
TRAIN_1649,0.24,0.29038879399242035,0.4707206062182565,0.5105894359690228
TRAIN_1650,0.59,0.4772906241150348,0.5785825071966688,0.5769391406842085
TRAIN_1651,0.14,0.3811761805241007,0.37261978040899024,0.3756707428499382
TRAIN_1652,0.27,0.2758836549923332,0.2759298060000992,0.6413884599102132
TRAIN_1653,0.58,0.5196134356867362,0.5274673845398936,0.5102507009620268
TRAIN_1654,0.35,0.46190017794039345,0.48810981384052143,0.47159648358975115
TRAIN_1655,0.77,0.5259429202932298,0.5372354730154668,0.5191718377622666
TRAIN_1656,0.04,0.37352500338058425,0.4259869429522784,0.4155529537662729
TRAIN_1657,0.76,0.7623325846031737,0.7614475566852374,0.7591300310281648
TRAIN_1658,0.89,0.5690337399788982,0.5689191396271709,0.47576949369803817
TRAIN_1659,0.71,0.4850197073728663,0.46935112173163696,0.58676600286345
TRAIN_1660,0.11,0.5487264497546311,0.518309411424625,0.5692007575141581
TRAIN_1661,0.31,0.5170023861635106,0.4720771453058057,0.40415366774348105
TRAIN_1662,0.45,0.3972693116978059,0.3916219171254319,0.4191393571133829
TRAIN_1663,0.47,0.575528950978686,0.45983861169024165,0.6446127206814082
TRAIN_1664,0.11,0.10854934489579138,0.1089760526336821,0.10894694918780179
TRAIN_1665,0.98,0.514468870654404,0.5448821843948137,0.5373934638814
TRAIN_1666,0.95,0.4245897900151561,0.4452463117008547,0.44425134065239064
TRAIN_1667,0.14,0.18436307587230494,0.21120291415867903,0.21522105578831974
TRAIN_1668,0.93,0.6324380836057557,0.6477189338722366,0.6194576084670386
TRAIN_1669,0.46,0.42457514775546856,0.4302005799359269,0.45717338171423083
TRAIN_1670,0.14,0.4853214401949315,0.3485000084832937,0.41560312170889524
TRAIN_1671,0.86,0.5281913780437086,0.5449957553152375,0.5004493151699356
TRAIN_1672,0.3,0.39531346045113,0.44766555641264477,0.306825607827031
TRAIN_1673,0.68,0.6800695369210348,0.6795727814377451,0.6797172711011188
TRAIN_1674,0.42,0.4112602572496632,0.4156388102245854,0.42851001825822993
TRAIN_1675,1.0,0.9479127466901153,0.9511440505239592,0.9560388168533999
TRAIN_1676,0.98,0.6225916750941736,0.5170908277799653,0.5655914725147267
TRAIN_1677,0.31,0.4632116540752765,0.3096359536467135,0.4910315633142796
TRAIN_1678,0.65,0.6874501374842096,0.6508346345924239,0.6298200495095314
TRAIN_1679,0.8,0.5290171055837745,0.5329728915372061,0.5317684148854679
TRAIN_1680,0.39,0.4734484768347364,0.49556200537224243,0.4825133836853159
TRAIN_1681,0.54,0.4654049412994614,0.4753851641012597,0.4491908191354482
TRAIN_1682,0.85,0.5147956030149575,0.8586613079859615,0.8580898529138026
TRAIN_1683,0.33,0.5232653345861242,0.5435588251445974,0.5171619946757039
TRAIN_1684,0.36,0.3777129848753361,0.39982806775488033,0.4121532524649713
TRAIN_1685,0.88,0.4562141863088226,0.5091570780582768,0.5017208461796543
TRAIN_1686,0.35,0.37272552680840354,0.3746771454932847,0.3741325968065593
TRAIN_1687,0.42,0.4216632857601281,0.421292537154584,0.4209149085750554
TRAIN_1688,0.87,0.5057320523325975,0.502458701211434,0.5110431525086988
TRAIN_1689,0.79,0.6759324998248124,0.5019269239206382,0.659095677695119
TRAIN_1690,0.35,0.3480919262652079,0.3482582388952531,0.3916844398205204
TRAIN_1691,0.15,0.3352580428072214,0.3055804145163017,0.303987246578127
TRAIN_1692,0.98,0.4144298670352281,0.4328516081432606,0.5257688765045464
TRAIN_1693,0.39,0.5348980871201948,0.5378855900067017,0.5034524274953085
TRAIN_1694,0.63,0.6185854955133229,0.619486875062928,0.6200818991553214
TRAIN_1695,0.63,0.6332976038932998,0.6291356887496911,0.39594347214315584
TRAIN_1696,0.29,0.5055891174779271,0.5294494233953843,0.5315069220106899
TRAIN_1697,0.76,0.5470800694371784,0.4997821871882905,0.5665535952232493
TRAIN_1698,0.39,0.4891327523069624,0.4957527991164376,0.49899836211080606
TRAIN_1699,0.21,0.3883110931450298,0.4079072479601705,0.37379118677762324
TRAIN_1700,0.26,0.5468289094395625,0.5649205031092339,0.5556653879810356
TRAIN_1701,0.47,0.4656575238217428,0.46348331367606943,0.38526629523491085
TRAIN_1702,0.49,0.47743091783278946,0.4634836905251005,0.47046464895632384
TRAIN_1703,0.83,0.830159484055347,0.8297040558652975,0.8300759862921465
TRAIN_1704,0.71,0.40915410790244566,0.4559281597225416,0.43128965480793996
TRAIN_1705,0.48,0.4342952864793341,0.4349067710179407,0.42925602324048606
TRAIN_1706,0.26,0.5590008863849454,0.34317547061217013,0.36161184495663035
TRAIN_1707,0.08,0.47663718361196267,0.08137231590877408,0.08162120823374064
TRAIN_1708,0.91,0.5113800550714733,0.5158020845020101,0.509085761664156
TRAIN_1709,0.11,0.1370179560253711,0.13754708843660723,0.14027319036631913
TRAIN_1710,0.81,0.808609923661446,0.8082174590894142,0.527227184632789
TRAIN_1711,0.25,0.47387444340203255,0.4321463810205578,0.4166695051204863
TRAIN_1712,0.78,0.7787075575523414,0.7804559130437569,0.7778353795348869
TRAIN_1713,0.03,0.5465709917857813,0.5574279821642575,0.5350726263758107
TRAIN_1714,0.46,0.4517767381253569,0.4516591010081934,0.45393666927016446
TRAIN_1715,0.25,0.5145127340678588,0.5179437281945521,0.5186288861858476
TRAIN_1716,0.79,0.4123208229727111,0.4742143531509199,0.4220340225763729
TRAIN_1717,1.0,0.9256064730753113,0.9361040608253972,0.9428961155945946
TRAIN_1718,0.41,0.5017452046459489,0.4974023199785878,0.49602436216161055
TRAIN_1719,0.91,0.5014836085083414,0.39142395669825153,0.34211949540195197
TRAIN_1720,0.63,0.6325174760679502,0.6337733631008322,0.6315930810317094
TRAIN_1721,0.37,0.579916493780969,0.4834967378823824,0.4440078951835351
TRAIN_1722,0.71,0.43583269718616413,0.5370256811284569,0.4569618883267706
TRAIN_1723,0.33,0.3887141027019988,0.3643986196364185,0.5173636265647535
TRAIN_1724,0.78,0.734986960358606,0.7437898243270189,0.7349669906029805
TRAIN_1725,0.41,0.5968250383499712,0.5345182343419803,0.5522197202159332
TRAIN_1726,0.14,0.1405825482849356,0.14012553664734767,0.14027984431202495
TRAIN_1727,0.48,0.4834685881541191,0.4867965119190791,0.5249156025656798
TRAIN_1728,0.81,0.5845502476259355,0.5516763317565218,0.5475891444744894
TRAIN_1729,0.2,0.47673952097052935,0.49185967785467616,0.4816495016262175
TRAIN_1730,0.6,0.4912020204710547,0.4867892549512103,0.5044948205797681
TRAIN_1731,0.76,0.31067412032867747,0.3268760092538472,0.3462762093002744
TRAIN_1732,0.19,0.48551747954303276,0.20152831511754216,0.19099637840769984
TRAIN_1733,0.75,0.5519312396050392,0.603343752998978,0.5500314152624892
TRAIN_1734,0.61,0.36798422718970003,0.3741920257680039,0.3649422565901791
TRAIN_1735,0.45,0.5147284000572437,0.5085750883306807,0.5138167226701404
TRAIN_1736,0.55,0.59675378880611,0.5585287795967555,0.5421482585165991
TRAIN_1737,0.19,0.3126975473980774,0.3224343974739349,0.29615632850328144
TRAIN_1738,0.08,0.506695294067691,0.08252704368366537,0.08296397854225096
TRAIN_1739,0.12,0.6266618644978008,0.6375449545391422,0.6332496697338894
TRAIN_1740,0.55,0.5730440026031448,0.5380306112415862,0.539297418223263
TRAIN_1741,0.34,0.3527190442794915,0.5178525652845769,0.34383168367663164
TRAIN_1742,0.37,0.3738237697138387,0.3743772768232869,0.37219530553059377
TRAIN_1743,0.74,0.7194027050053393,0.7086966677090634,0.713392200816653
TRAIN_1744,0.58,0.37113040701596434,0.36983778886484286,0.3352761052643488
TRAIN_1745,0.03,0.4620426959892748,0.49458839764705226,0.49330152308404007
TRAIN_1746,0.69,0.5188696018510607,0.6281807271244793,0.6640434371826184
TRAIN_1747,0.91,0.5299079278712122,0.524372020298493,0.5432306033339583
TRAIN_1748,0.5,0.4884257631537436,0.49066167840839064,0.5200959158348935
TRAIN_1749,0.54,0.4078424692582028,0.4998246739756945,0.4107142462212333
TRAIN_1750,0.83,0.39275005486068437,0.39914838388751045,0.408087328685999
TRAIN_1751,0.93,0.5863200534577684,0.5078500661926675,0.48076754805422717
TRAIN_1752,0.25,0.46579908199907005,0.46287061519590333,0.4577876764166172
TRAIN_1753,0.97,0.4977223733533754,0.6142854968817975,0.636090776449671
TRAIN_1754,0.11,0.10706147766104279,0.10762536818316515,0.10340310121423502
TRAIN_1755,0.45,0.4142279656520249,0.43310712389261663,0.4319843965286809
TRAIN_1756,0.8,0.7823659104888409,0.49359915992469067,0.7876583694763843
TRAIN_1757,0.52,0.5053033569639158,0.5249790723397008,0.3502225247189067
TRAIN_1758,0.38,0.37968694815619497,0.379843191763783,0.5019373887133386
TRAIN_1759,0.33,0.3270017506141685,0.32865584075910825,0.3295101035696858
TRAIN_1760,0.7,0.484395426746396,0.49205380465608556,0.48723143886182774
TRAIN_1761,0.8,0.782111792197964,0.7935148235467098,0.7844867680440988
TRAIN_1762,0.71,0.5764614796220904,0.6043537189363842,0.6113304279235164
TRAIN_1763,0.39,0.39384533885922784,0.43001538061852906,0.45925795003810566
TRAIN_1764,0.86,0.503792172437096,0.5350965935734155,0.5659225188704692
TRAIN_1765,0.28,0.4793525206574369,0.280126434293257,0.4300447420981635
TRAIN_1766,0.39,0.5032724781401162,0.49819883114004127,0.5399238648473078
TRAIN_1767,0.73,0.35370100710535224,0.45261912723032044,0.33491572982461604
TRAIN_1768,1.0,0.6143845161582875,0.6107021817908775,0.5995659456619464
TRAIN_1769,0.57,0.569785284649174,0.5710903638561727,0.5717854541328686
TRAIN_1770,0.02,0.40177637342034533,0.5078776526224745,0.4698470287787379
TRAIN_1771,0.93,0.43745025624852746,0.45432512380791545,0.4338177154564483
TRAIN_1772,0.7,0.49411155230397696,0.4902966353745942,0.4876821986541623
TRAIN_1773,0.05,0.08244980320050299,0.08656071233755308,0.0853485416343358
TRAIN_1774,0.02,0.4384745322170872,0.16814125094124316,0.1391522530511684
TRAIN_1775,0.97,0.5695297493279828,0.5657896244793246,0.5689004299696937
TRAIN_1776,0.46,0.48423904320158095,0.49541388901751826,0.4944471172173764
TRAIN_1777,0.82,0.5826623250960291,0.5870677058610668,0.588030564425286
TRAIN_1778,0.63,0.6157373421452242,0.6045692752267692,0.6004672242286919
TRAIN_1779,0.54,0.45261323793684294,0.5843596966382294,0.5204864069293121
TRAIN_1780,0.22,0.3093185957847003,0.3111997169615005,0.30759315091151995
TRAIN_1781,0.62,0.6206061819488847,0.6199136043705055,0.5273816399982905
TRAIN_1782,0.18,0.4841143597178493,0.5804252922775174,0.5642500155828559
TRAIN_1783,0.64,0.6485912243454441,0.5842597818601422,0.6276513244882741
TRAIN_1784,0.23,0.40673788952328116,0.22913454767488528,0.22844970734277215
TRAIN_1785,0.15,0.27494209815872855,0.2807499626191816,0.5447667280562631
TRAIN_1786,0.53,0.5615025298441995,0.5508034996792307,0.563773694489733
TRAIN_1787,0.24,0.36625118597224676,0.46240489996319395,0.46819228904060384
TRAIN_1788,0.26,0.5085795779968507,0.47701405604918545,0.49163038180919516
TRAIN_1789,0.54,0.4770119806976475,0.4557179009711234,0.451529104273137
TRAIN_1790,0.38,0.4766178948239627,0.48254724658166753,0.4394165315276721
TRAIN_1791,0.65,0.45201821109703216,0.4224362776984826,0.5061766201707137
TRAIN_1792,0.89,0.4840021518905679,0.4896533978505324,0.48912557017321
TRAIN_1793,0.51,0.39275429642898807,0.46704503647670104,0.469076897821532
TRAIN_1794,0.58,0.691108476520657,0.7119634361184168,0.7080416114033462
TRAIN_1795,0.96,0.4643015213543876,0.4472644463299424,0.5116426706559527
TRAIN_1796,0.61,0.4951296462972396,0.4971483243647073,0.4423950680202345
TRAIN_1797,0.58,0.3884650937189359,0.5340377940321356,0.38473817333406013
TRAIN_1798,0.25,0.6746400717195485,0.6397393650188895,0.4342926364610819
TRAIN_1799,0.97,0.5785871988587202,0.558898032546996,0.5727276718734331
TRAIN_1800,0.27,0.37329325604126284,0.37056343492207633,0.379229256458263
TRAIN_1801,0.38,0.38978281310109786,0.4235988372591257,0.411108050266424
TRAIN_1802,0.76,0.4161081896561405,0.4784442614184166,0.41889394295823557
TRAIN_1803,0.31,0.46396967031655045,0.31112054587706184,0.4917240595484311
TRAIN_1804,0.58,0.5779431517076093,0.5768469832861655,0.5761326242743618
TRAIN_1805,0.59,0.5906772235430576,0.5912980154742784,0.5661911711824932
TRAIN_1806,0.69,0.4786240252741729,0.5673115035494125,0.4837366767431878
TRAIN_1807,0.34,0.7465112164706983,0.6899421679343203,0.6116130058218341
TRAIN_1808,0.86,0.4468114564631163,0.441754295352888,0.45779719210943903
TRAIN_1809,0.06,0.45238708327647453,0.5003028458861447,0.4639779001336453
TRAIN_1810,0.44,0.44738748055303124,0.4443037456190774,0.3565253551896096
TRAIN_1811,0.15,0.16074017732455603,0.1607581326893302,0.15986295244708798
TRAIN_1812,0.83,0.47511048629726343,0.5121105471450021,0.8279320577266717
TRAIN_1813,0.09,0.6114269217977243,0.5595305352135621,0.5757623624129672
TRAIN_1814,0.98,0.9775778802674246,0.9768636617440987,0.6551674186693961
TRAIN_1815,0.1,0.10976801821540433,0.10980851116845264,0.5104432685163914
TRAIN_1816,0.68,0.44150424585567927,0.4261156017346874,0.47229849345830555
TRAIN_1817,0.56,0.444461652634203,0.511184383671235,0.5620661099754584
TRAIN_1818,0.01,0.017208412328755973,0.013593569985834109,0.016555847557605252
TRAIN_1819,0.55,0.5033292409118122,0.5337774531341974,0.5470544934533864
TRAIN_1820,0.97,0.393420861172722,0.40025525051572863,0.39722968561521343
TRAIN_1821,0.12,0.26797642172760794,0.26024733014388235,0.24380457013050716
TRAIN_1822,0.17,0.17921924319290916,0.18084307972780972,0.17762165893110815
TRAIN_1823,0.19,0.5231798531747907,0.19444996926330138,0.19439523940733705
TRAIN_1824,0.73,0.4171900773327616,0.3860345644030747,0.40321229699313355
TRAIN_1825,0.59,0.5509625254618284,0.34976018394547714,0.5431596845407681
TRAIN_1826,0.78,0.46664342291105454,0.45444487998307287,0.4753931742012334
TRAIN_1827,0.85,0.3928868739555783,0.41613843295642716,0.41639659607638607
TRAIN_1828,0.19,0.19606930827198676,0.19614219004248212,0.19457799196873454
TRAIN_1829,0.47,0.40222789041939455,0.42452170967279623,0.4070623534995261
TRAIN_1830,0.21,0.581984241044194,0.5987182909268083,0.5389388692464891
TRAIN_1831,0.74,0.5184089440387907,0.5294771771480902,0.5162631040750276
TRAIN_1832,0.24,0.34209596596811576,0.30173778029751835,0.6064137474099043
TRAIN_1833,0.25,0.322726781918625,0.3363297153519383,0.33620485897486435
TRAIN_1834,0.24,0.4626295784412613,0.47503220399679913,0.4804898466608551
TRAIN_1835,0.12,0.6064693204229981,0.602422413857516,0.577136340464375
TRAIN_1836,0.95,0.4837597692045069,0.4822958026250768,0.5076245437955778
TRAIN_1837,0.28,0.3378977674897047,0.2837859311252491,0.34993979581260914
TRAIN_1838,0.89,0.5988571985490254,0.5892792173737335,0.5650512738648602
TRAIN_1839,0.21,0.5026957066546894,0.5001843433705655,0.5002577603549179
TRAIN_1840,0.28,0.28649935342782795,0.29198059535273957,0.2931880474777617
TRAIN_1841,0.29,0.33795488205665003,0.35215782363134346,0.33286570823081063
TRAIN_1842,0.12,0.11973076831335339,0.1191365684214657,0.5826064128497818
TRAIN_1843,0.01,0.44743288936559344,0.5075171063613729,0.50262947517279
TRAIN_1844,0.54,0.48578328717145636,0.4450542213171932,0.48066340015888764
TRAIN_1845,0.34,0.44381664175797664,0.45567627773028896,0.43887919641840895
TRAIN_1846,0.37,0.37577010211591155,0.3862414315295513,0.38145729923998495
TRAIN_1847,0.52,0.5203322293738961,0.5193496649642142,0.5198118785645304
TRAIN_1848,0.53,0.5206878455273986,0.5172611479946337,0.5133211690432353
TRAIN_1849,0.21,0.3631939308074307,0.2978619757560501,0.3657931358942115
TRAIN_1850,0.54,0.4638365508790646,0.43119002934973555,0.44906223428952713
TRAIN_1851,0.36,0.5331101162079257,0.5426982779285839,0.5133617375798007
TRAIN_1852,0.12,0.5145930333742851,0.5145560259637318,0.510197490755476
TRAIN_1853,0.4,0.4851970847509973,0.6149894295725674,0.5174195960297547
TRAIN_1854,0.33,0.3343698439242295,0.3409194363224247,0.3525080755861978
TRAIN_1855,0.5,0.4907569339191859,0.5006254856649396,0.4957656289422803
TRAIN_1856,0.44,0.5470666596203276,0.5622439771020736,0.5411543414859664
TRAIN_1857,0.56,0.5543244635529405,0.49915940656233043,0.5571744146620782
TRAIN_1858,0.08,0.5345032680024955,0.565587110261242,0.5808502432566012
TRAIN_1859,0.42,0.38131753084106,0.40714659301579204,0.44945805163185754
TRAIN_1860,0.84,0.43608100526129734,0.5084902496391729,0.5174640311503139
TRAIN_1861,0.24,0.5157665488425935,0.5458014150675917,0.5300827019635214
TRAIN_1862,0.24,0.2415205316365242,0.5608802436335262,0.24031830894675404
TRAIN_1863,0.26,0.2606747396903629,0.2603329814922912,0.5160741526059468
TRAIN_1864,0.33,0.33045332682823253,0.578502625429088,0.3302770317512171
TRAIN_1865,0.25,0.24990609357146676,0.24781104215511124,0.24622977316040207
TRAIN_1866,0.52,0.4629599404594864,0.44793494480133117,0.4964714641677096
TRAIN_1867,0.16,0.4280326517302284,0.4546045427108115,0.4944812763175893
TRAIN_1868,0.54,0.45805888419729407,0.5428069280831115,0.48097681718027513
TRAIN_1869,0.43,0.42871313766198416,0.45285474898263944,0.428248024639721
TRAIN_1870,0.82,0.48246746235313465,0.4442524955495679,0.3539551169484206
TRAIN_1871,0.5,0.44516295517843274,0.4394319496692728,0.45524394935569096
TRAIN_1872,0.57,0.48011792981472273,0.522610334261334,0.5214715600589431
TRAIN_1873,0.43,0.42136293298820854,0.4066811009401253,0.43106508729073023
TRAIN_1874,0.67,0.6053658154254333,0.6119490516545206,0.614278118822006
TRAIN_1875,0.85,0.5433686905770516,0.8340768072637412,0.48064660561751255
TRAIN_1876,0.13,0.5005337209929556,0.51174512598454,0.4653943231959342
TRAIN_1877,0.37,0.6101524682589676,0.5831416499222741,0.5930069066328276
TRAIN_1878,0.65,0.6000045594610849,0.627115958099182,0.6175102642395901
TRAIN_1879,0.64,0.6401422714244724,0.6361347171455193,0.6381656273305153
TRAIN_1880,0.66,0.6041805732997115,0.6390349491574623,0.6369034703057588
TRAIN_1881,0.28,0.28506242036851986,0.28875789941610963,0.29075999705181765
TRAIN_1882,0.65,0.3866004764667288,0.39884530131588475,0.3636705097103298
TRAIN_1883,0.33,0.3294067982668202,0.3282840206071773,0.3303459509835154
TRAIN_1884,0.2,0.44525377997323884,0.48065119158209724,0.5165561126778438
TRAIN_1885,0.85,0.520149326399443,0.5141679982863993,0.49356161016567796
TRAIN_1886,0.21,0.2966165363945361,0.3654725193900922,0.32929771002162134
TRAIN_1887,0.11,0.513952397317832,0.5316378737874901,0.5369268986434534
TRAIN_1888,0.34,0.340108496264966,0.3401362638462313,0.3396473631999899
TRAIN_1889,0.79,0.45189462193700586,0.4353287171407214,0.4747868520910356
TRAIN_1890,0.61,0.6687106724697434,0.6444696558242748,0.7199344219419235
TRAIN_1891,0.77,0.5111604029266154,0.5594417340846827,0.5970103649085373
TRAIN_1892,0.12,0.11978834934445515,0.11871157189326143,0.11810783125660529
TRAIN_1893,0.9,0.89324787999527,0.895677238390594,0.8923542225525868
TRAIN_1894,0.63,0.630292993419107,0.629759512552736,0.6302541434897231
TRAIN_1895,0.46,0.4649642996642223,0.46315197528260643,0.467773302055175
TRAIN_1896,0.13,0.2142743943940344,0.23565899955348402,0.1894497714263078
TRAIN_1897,0.85,0.7582634933216439,0.5662200798161698,0.7890174571967354
TRAIN_1898,0.39,0.4199055974803613,0.396333971559935,0.37702204087508107
TRAIN_1899,0.32,0.4497971067361402,0.4868829679092668,0.45565607100578265
TRAIN_1900,0.07,0.5015853015832081,0.45788362168938984,0.515859219384488
TRAIN_1901,0.66,0.5051145169110209,0.48415079373637016,0.497973235574517
TRAIN_1902,0.54,0.5251939107232326,0.5332466909027023,0.5069701236323723
TRAIN_1903,0.32,0.5293458404876761,0.4849742791552084,0.5215691163782347
TRAIN_1904,0.43,0.36847481971545004,0.41778163052166195,0.4385976497458052
TRAIN_1905,0.72,0.6821943929276738,0.6645198561513324,0.6669228290585871
TRAIN_1906,0.02,0.42786262644402595,0.43324258021114426,0.4613095439997925
TRAIN_1907,0.42,0.3698739611092599,0.3986860484827718,0.5702483239315869
TRAIN_1908,0.61,0.6124843262648167,0.6119336490850107,0.6144918387975175
TRAIN_1909,0.41,0.41890518706532154,0.4191661065156267,0.4360127216857249
TRAIN_1910,0.91,0.9123048380755473,0.5153266241800946,0.9099501006403875
TRAIN_1911,0.94,0.5049327868235872,0.47156009666966353,0.4878434913287379
TRAIN_1912,0.86,0.5784209329875052,0.595042754947345,0.5807009617016624
TRAIN_1913,0.41,0.5378977793857749,0.4670926316928478,0.46518132495359443
TRAIN_1914,0.54,0.5324213040337076,0.5387143319653646,0.5418949665395771
TRAIN_1915,0.53,0.4827471733622281,0.5036882127578898,0.47515220290301186
TRAIN_1916,0.63,0.444751382452191,0.4683545647341007,0.5453295466214364
TRAIN_1917,0.83,0.46861581828871895,0.42486268702879504,0.4553178362097811
TRAIN_1918,0.57,0.438001257673047,0.4114601342229747,0.43002811895302206
TRAIN_1919,0.03,0.03067240732438914,0.033533626906218916,0.5616994330478646
TRAIN_1920,0.67,0.6750498828624127,0.5244574346519035,0.5479068705677067
TRAIN_1921,0.72,0.5558202864319446,0.5933142767096287,0.5512626264070087
TRAIN_1922,0.34,0.4664343539611206,0.4432937212743319,0.435654984571024
TRAIN_1923,0.98,0.614255067158398,0.47023686787080127,0.5450169531522633
TRAIN_1924,0.73,0.7294860142353621,0.729589174847681,0.4430351046837035
TRAIN_1925,0.71,0.7133947726275442,0.7115145846841637,0.4986480037680727
TRAIN_1926,0.82,0.8207876256938208,0.7895023815200735,0.4107361133770091
TRAIN_1927,0.08,0.5042697187693539,0.48166772704839617,0.49117205474850056
TRAIN_1928,0.17,0.1745442033529887,0.17394691366490106,0.1748273062451326
TRAIN_1929,0.06,0.06019625363948766,0.05999705314728654,0.5797073743376074
TRAIN_1930,0.24,0.4879867894590386,0.23786774771900887,0.4445119378845056
TRAIN_1931,0.4,0.43819768307776746,0.4193369573900678,0.46446185286987085
TRAIN_1932,0.5,0.3355747259413343,0.3333575228075144,0.3521853906212528
TRAIN_1933,0.52,0.4959979863181089,0.496943970313288,0.5143796287005016
TRAIN_1934,0.76,0.5834138389059766,0.7480603691293224,0.6742998041939008
TRAIN_1935,0.28,0.28601115005342936,0.28664428555057697,0.2845054472487558
TRAIN_1936,0.3,0.3489570823732763,0.3636249820280023,0.3600893380406526
TRAIN_1937,0.06,0.1817221752927865,0.1888547011267636,0.1580605893386302
TRAIN_1938,0.48,0.3492488410828014,0.38512316983023964,0.37570145800613747
TRAIN_1939,0.19,0.5076003138650627,0.5269172735435412,0.5030777579067601
TRAIN_1940,0.38,0.4614930228627111,0.4603597919367313,0.46716611193408936
TRAIN_1941,0.77,0.7642646662303065,0.767309543744868,0.7596712066319595
TRAIN_1942,0.09,0.13280002439685762,0.44967430145405285,0.1285696928758882
TRAIN_1943,0.67,0.5043846472597571,0.5153131170904651,0.49656803854396836
TRAIN_1944,0.3,0.4551840922070203,0.47436119344646305,0.5376649051664927
TRAIN_1945,0.67,0.4211561776898392,0.4268781628048509,0.37826219203918954
TRAIN_1946,0.15,0.2580272957414597,0.24069451370649952,0.22288406012627404
TRAIN_1947,0.34,0.4429009368938038,0.4605992734624403,0.46310509766692226
TRAIN_1948,0.83,0.5815501391853768,0.831818971364229,0.8295172885809551
TRAIN_1949,0.5,0.5010282695916487,0.5006621184195251,0.5003357555860327
TRAIN_1950,0.9,0.5186275948282977,0.5036523917936366,0.5179238268660966
TRAIN_1951,0.04,0.4624068799147965,0.40491916857483007,0.42170540254980693
TRAIN_1952,0.0,0.042507967859151785,0.051497671333708805,0.042620399030929124
TRAIN_1953,0.16,0.16335675764775331,0.16614587703052924,0.1639215560934732
TRAIN_1954,0.6,0.6159751029548475,0.6138067262136996,0.626472768860567
TRAIN_1955,0.88,0.6188363152747883,0.6353130994587778,0.6797305264802858
TRAIN_1956,0.96,0.9071094446145426,0.9079539058784879,0.9106617737175936
TRAIN_1957,0.13,0.46981940879848183,0.48181207997786685,0.4646772630624646
TRAIN_1958,0.11,0.14486111285483072,0.15127457557648666,0.1594065000062097
TRAIN_1959,0.87,0.39053184739546365,0.3609115627953169,0.40019820420672253
TRAIN_1960,0.97,0.6382957787259733,0.4194956318669264,0.632913202915623
TRAIN_1961,0.64,0.36129344199942914,0.330226992073266,0.31736664145072035
TRAIN_1962,0.62,0.4139159675903569,0.4842778418124977,0.42324657824006373
TRAIN_1963,0.76,0.4434881655397991,0.46304171693256224,0.4318201539661643
TRAIN_1964,0.66,0.5503876024323466,0.4836599845855819,0.5181416743306414
TRAIN_1965,0.12,0.3372974374429686,0.3300244791483655,0.33435981696418104
TRAIN_1966,0.07,0.4281131110104128,0.502970890831031,0.5373151662070624
TRAIN_1967,0.69,0.6532625837227118,0.5688685744241004,0.5389411968651794
TRAIN_1968,0.46,0.46607919570579676,0.4876127096188725,0.3974022356555759
TRAIN_1969,0.54,0.5149049127293177,0.528682751415829,0.5217631130166357
TRAIN_1970,0.62,0.5270590789413151,0.47597894906827687,0.5352229428138906
TRAIN_1971,0.54,0.6655323764790869,0.6105585621482224,0.6938329133148502
TRAIN_1972,0.16,0.15336798840413657,0.1503810111739976,0.5070780207814793
TRAIN_1973,0.17,0.17445225146414006,0.17493961447944467,0.17561761565289458
TRAIN_1974,0.14,0.4878712054546748,0.45778341341334977,0.47026230497808397
TRAIN_1975,0.88,0.4968686217548863,0.5338036072710001,0.510487667110538
TRAIN_1976,0.39,0.4597168977239887,0.47566574615480545,0.4782800648423411
TRAIN_1977,0.71,0.5456763312042626,0.5231309294038838,0.4535461411793062
TRAIN_1978,0.73,0.4460553503169885,0.42418436641628265,0.44727034504965313
TRAIN_1979,0.91,0.58673041518625,0.5639715709107384,0.5662046003891344
TRAIN_1980,0.05,0.6109836532245291,0.5382391779769087,0.5665091420053494
TRAIN_1981,0.68,0.33810577066764164,0.3327445055240653,0.46662348381191565
TRAIN_1982,0.66,0.3977126441776817,0.4329976726749294,0.41860109308812243
TRAIN_1983,0.9,0.4747588808850139,0.4598968551121496,0.460706577049051
TRAIN_1984,0.3,0.5810626338765554,0.5852000133342162,0.5774979580648214
TRAIN_1985,0.27,0.31355530662644776,0.3528315732947055,0.5808184732366413
TRAIN_1986,0.75,0.41371689328223893,0.4260479692760758,0.41988688978218114
TRAIN_1987,0.03,0.17034293560117908,0.16338580799087443,0.16667225699111016
TRAIN_1988,0.8,0.505196014833911,0.44699251594168715,0.37027615527019486
TRAIN_1989,0.1,0.3865783018579195,0.460027124648036,0.4492967763831935
TRAIN_1990,0.23,0.23146570408009876,0.2313493897756893,0.5129940325931404
TRAIN_1991,0.71,0.6782723082981774,0.6316849552875469,0.6367809802213623
TRAIN_1992,0.37,0.36531674265666314,0.36356093704809556,0.36578709041716995
TRAIN_1993,0.74,0.7846836390447322,0.6829189971705144,0.7960186282346208
TRAIN_1994,0.78,0.7777720194547603,0.7788723716989125,0.7782805788436773
TRAIN_1995,0.57,0.5567510215109479,0.5542239237905138,0.5580715611604444
TRAIN_1996,0.19,0.5205820663103156,0.19243848236001782,0.19087291314198918
TRAIN_1997,0.19,0.4923772640702986,0.519132341657494,0.49801843829531095
TRAIN_1998,0.52,0.5110583059798287,0.513800129204082,0.5121289954767374
TRAIN_1999,0.38,0.5034651311723013,0.4533933598834879,0.49780734874481397
TRAIN_2000,0.45,0.5223020185601556,0.520576554171762,0.533088817271756
TRAIN_2001,0.38,0.3863136641096374,0.3914415099756904,0.36544168889639905
TRAIN_2002,0.98,0.8060874800219759,0.8095905033059287,0.7962084510813775
TRAIN_2003,0.32,0.5377729233947534,0.5378470786706313,0.5309173775293031
TRAIN_2004,0.61,0.6120327637874481,0.6148101377147318,0.6114223008031607
TRAIN_2005,0.85,0.4934038264096832,0.43345002937514104,0.448844550004445
TRAIN_2006,0.58,0.5805495682989074,0.5808753303087947,0.5806818437544188
TRAIN_2007,0.06,0.46690809227154995,0.48567391465831605,0.45223238448078246
TRAIN_2008,0.09,0.43467234894860385,0.37791089183572923,0.394830319224172
TRAIN_2009,0.2,0.2263408030223104,0.2263322999734556,0.22373915055064308
TRAIN_2010,0.46,0.45139119256275695,0.442996199687579,0.44543337207195427
TRAIN_2011,0.61,0.6074218091191771,0.605234151831558,0.605257253140182
TRAIN_2012,0.59,0.6661357692576699,0.6593605564557251,0.6857859597453443
TRAIN_2013,0.98,0.555199707810561,0.5614580932869734,0.5530716839340479
TRAIN_2014,0.13,0.23865561625440335,0.21759958903848597,0.2675901141761332
TRAIN_2015,0.12,0.4851565605804813,0.47683826573566335,0.48954356251760295
TRAIN_2016,0.32,0.3909125073564679,0.33139972005342194,0.46930699721158875
TRAIN_2017,0.29,0.2996340227613308,0.2967987043438568,0.30627838120169837
TRAIN_2018,0.53,0.5420076179685418,0.5386584543364018,0.468912851206744
TRAIN_2019,0.47,0.491411184834121,0.48970353092034336,0.4755893716902641
TRAIN_2020,0.13,0.12432332725036188,0.11502872788784457,0.12197684190938562
TRAIN_2021,0.89,0.5233344803932204,0.49853384487427466,0.5530119478304307
TRAIN_2022,0.43,0.4460730380702392,0.4216274388041859,0.4271146928876646
TRAIN_2023,0.13,0.5071511167662877,0.48983838367146,0.5019048100762016
TRAIN_2024,0.1,0.09876723694364364,0.09759489880927141,0.09911640481386924
TRAIN_2025,0.3,0.419344774095448,0.4052844276458043,0.56929047162739
TRAIN_2026,0.9,0.5061230466661509,0.4815436766876056,0.4806957091091675
TRAIN_2027,0.31,0.34389878539897234,0.4268555164552564,0.4020174237895485
TRAIN_2028,0.21,0.21196358851745145,0.21078855557908216,0.21514456366751178
TRAIN_2029,0.03,0.3449270887764314,0.4363553682868395,0.31568001142574875
TRAIN_2030,0.08,0.506659211227395,0.08223529092487503,0.08253145126479011
TRAIN_2031,0.44,0.5251807734325661,0.5095649279134895,0.5030419023661783
TRAIN_2032,0.05,0.513876099050928,0.5087805827121568,0.5102451250936549
TRAIN_2033,0.72,0.6291713117869397,0.718314299182385,0.548163583272231
TRAIN_2034,0.71,0.5656871614346313,0.5116163393257634,0.5333400669957042
TRAIN_2035,0.82,0.8159905063124169,0.8141711396839459,0.8181297175332274
TRAIN_2036,0.77,0.6560342967311179,0.49375163574656816,0.6483746832412038
TRAIN_2037,0.67,0.526084884914638,0.4938020994514362,0.5162961193272168
TRAIN_2038,0.35,0.5967898056011466,0.5544809357534727,0.5506863557540079
TRAIN_2039,0.59,0.5494478521845721,0.5833698818671207,0.5781660213135376
TRAIN_2040,0.33,0.5632985025009017,0.5470557779471691,0.6128451461145007
TRAIN_2041,0.55,0.5855965626511025,0.5629638288296832,0.5461309103868982
TRAIN_2042,0.8,0.7978798591887165,0.7993200858386398,0.8006113784634272
TRAIN_2043,0.12,0.180084256524508,0.16287398025814942,0.15785851401224943
TRAIN_2044,0.25,0.6592316356193018,0.5463714729204564,0.6204599904019591
TRAIN_2045,0.55,0.5313495947765119,0.5125703303121998,0.5172894079844399
TRAIN_2046,0.65,0.5328678473755454,0.5213970754222081,0.5293563401379734
TRAIN_2047,0.54,0.5298966684609626,0.5349192329499078,0.5373777141126417
TRAIN_2048,0.53,0.5234611576642165,0.5218097015175287,0.4586354408823558
TRAIN_2049,0.36,0.5812375926698129,0.47410405769726266,0.6211196200114467
TRAIN_2050,0.82,0.4491472752778976,0.5229001133236651,0.49804078724616035
TRAIN_2051,0.02,0.4623847803571798,0.028182434729018824,0.020276820057410494
TRAIN_2052,0.8,0.7962712845162216,0.7953864106096521,0.795988741888954
TRAIN_2053,0.1,0.49609845186533624,0.5053172275551793,0.1695973094699892
TRAIN_2054,0.72,0.6414049180145546,0.731180073151665,0.5547776938058201
TRAIN_2055,0.23,0.4441394971259309,0.2566474034884597,0.2523298905210612
TRAIN_2056,0.99,0.9444523312906126,0.9452554155621784,0.9470637620362804
TRAIN_2057,0.74,0.4444181660011415,0.4141049441203096,0.3944358167105816
TRAIN_2058,0.12,0.5328587978910604,0.5161362943961416,0.5581012220733911
TRAIN_2059,0.92,0.5508952648578772,0.7918396908294469,0.804144573194099
TRAIN_2060,0.79,0.5463165215895274,0.5814772523745932,0.583140852787711
TRAIN_2061,0.73,0.7284583909386835,0.7282295612198879,0.7281515429002078
TRAIN_2062,0.37,0.7050213508240261,0.6984460937892066,0.6263044374841972
TRAIN_2063,0.76,0.758722819985828,0.758557945647738,0.7580742003655323
TRAIN_2064,0.11,0.42820625052592687,0.45885303115662507,0.4952792972950627
TRAIN_2065,0.93,0.9226175783459046,0.9245393578628017,0.9246767373487665
TRAIN_2066,0.27,0.2954773602180912,0.27593632803764007,0.24864421874851744
TRAIN_2067,0.94,0.44911754444469437,0.3523182376107607,0.38140372093046626
TRAIN_2068,0.6,0.6045327989291076,0.6059016366717038,0.6041364441651674
TRAIN_2069,0.5,0.3998558253469096,0.3882374032352993,0.40237412319770177
TRAIN_2070,0.04,0.04338367125731307,0.04023666380985513,0.045148465021329465
TRAIN_2071,0.96,0.5357003067247641,0.5147636003710714,0.5331324411561278
TRAIN_2072,0.54,0.5318458463371641,0.5459937492085214,0.5401613235653091
TRAIN_2073,0.24,0.23502437393311226,0.25955555533423064,0.2349519768202361
TRAIN_2074,0.57,0.5704509211658374,0.57226011550028,0.5713729428429756
TRAIN_2075,0.09,0.536335539870771,0.6014676959335662,0.5669032223049598
TRAIN_2076,0.71,0.6412970851690976,0.7334390404797908,0.7256004531066611
TRAIN_2077,0.63,0.627185629001989,0.6131330769628981,0.605806508246138
TRAIN_2078,0.54,0.5668159076752777,0.564343183897647,0.5714277149100632
TRAIN_2079,0.62,0.597555254992259,0.592185810388413,0.5992599902368141
TRAIN_2080,0.73,0.7033028417679579,0.46112913642674225,0.43516684211587997
TRAIN_2081,0.31,0.45048813686333306,0.429975270455926,0.39741528893401895
TRAIN_2082,0.86,0.4726323222745304,0.5057048955076489,0.47005881503678204
TRAIN_2083,0.83,0.8448813199558414,0.7550549244358966,0.7675130146657679
TRAIN_2084,0.49,0.5090457610660849,0.4815032791544387,0.49988379903351016
TRAIN_2085,0.33,0.32226571444207874,0.2977379186233845,0.46367826215929403
TRAIN_2086,0.83,0.5770192843184223,0.5997161641197464,0.4033082597005111
TRAIN_2087,0.22,0.5478619423676844,0.3178426188995249,0.35665743018956125
TRAIN_2088,0.29,0.43537445825353516,0.44152840245799235,0.4670001008404679
TRAIN_2089,0.36,0.515653862737731,0.4738829927583172,0.5329381729397961
TRAIN_2090,0.28,0.2785104704077152,0.2787165481494162,0.2797727580005463
TRAIN_2091,0.33,0.5084865368664605,0.5016375464338214,0.501891999509304
TRAIN_2092,0.75,0.5721358036525419,0.5687121771781986,0.5954778264307357
TRAIN_2093,0.02,0.02029268776781562,0.3726979589856849,0.020960302177058632
TRAIN_2094,0.04,0.5246239289157124,0.5098888573709935,0.5185817724053928
TRAIN_2095,0.28,0.49859571707539363,0.484461462177413,0.4701612251376798
TRAIN_2096,0.86,0.8553435093418573,0.8559288090545121,0.8466383589385242
TRAIN_2097,0.77,0.7667700350246809,0.7618723826849043,0.7584856270954334
TRAIN_2098,0.69,0.6625147607360292,0.6584392582998638,0.6592096952148866
TRAIN_2099,0.86,0.6473838683892453,0.6680088222720039,0.6713257213585693
TRAIN_2100,0.8,0.3808467934104103,0.5115283159345365,0.5071974732682097
TRAIN_2101,0.87,0.5105258352175278,0.5729582037322932,0.5918597994173471
TRAIN_2102,0.62,0.6505307537098526,0.4040401852691202,0.632193715969138
TRAIN_2103,0.74,0.5664538652161033,0.30934546655955786,0.504264905291569
TRAIN_2104,0.29,0.4922731776526571,0.5346475218410108,0.4998401096255014
TRAIN_2105,0.19,0.3810035919461159,0.35693012990872164,0.37562927512848615
TRAIN_2106,0.11,0.46906653365445033,0.47217186007965034,0.4763259976012302
TRAIN_2107,0.81,0.5049558629441676,0.46683187653283287,0.46472781667489055
TRAIN_2108,0.19,0.46201263520679003,0.4440829887030605,0.4921410804237264
TRAIN_2109,0.94,0.8097549875226535,0.7971076568747165,0.8148044572497517
TRAIN_2110,0.71,0.6056946893616836,0.6511489187577554,0.6104124177270362
TRAIN_2111,0.33,0.4372266969041483,0.42752161462993227,0.4322568640199984
TRAIN_2112,0.06,0.11280126508979205,0.18113281499774903,0.18027154108536508
TRAIN_2113,0.59,0.5921859173279257,0.6007322981987373,0.5886923968709322
TRAIN_2114,0.21,0.41937401192468254,0.42912435553518136,0.4381927243814828
TRAIN_2115,0.75,0.7500248306980097,0.7497632123564091,0.749797947808706
TRAIN_2116,0.01,0.41572935992443016,0.40256278249940064,0.3656070385384187
TRAIN_2117,0.7,0.7000018486092695,0.7027266199606846,0.6990948109254288
TRAIN_2118,0.89,0.41209139943174006,0.41160575255348864,0.4684353313100628
TRAIN_2119,0.62,0.5434050978966626,0.5314120248198774,0.5570410451151586
TRAIN_2120,0.59,0.5375881198908293,0.47124798468460205,0.5423487335902499
TRAIN_2121,0.11,0.49417003947261867,0.5534878053445509,0.6038427382201604
TRAIN_2122,0.23,0.23232400484192378,0.231871285402924,0.23105751288814214
TRAIN_2123,0.31,0.4644271898248176,0.48390026756139065,0.5018347040938875
TRAIN_2124,0.9,0.6312707973766428,0.6128265066461484,0.556382923105068
TRAIN_2125,0.86,0.8592480175841237,0.8595291306242414,0.8603307523425978
TRAIN_2126,0.26,0.5128596225283713,0.25367103801298596,0.256648179938412
TRAIN_2127,0.55,0.6768122154232002,0.6934768618639268,0.7131404499114624
TRAIN_2128,0.39,0.31965832871207767,0.4108950118266542,0.3982379421375417
TRAIN_2129,0.97,0.4012831833927842,0.5218361778686453,0.4260889108668885
TRAIN_2130,0.13,0.533461173170399,0.13027469285246224,0.5119825224089605
TRAIN_2131,0.48,0.568660586212909,0.5943162057609626,0.574030427770994
TRAIN_2132,0.28,0.31974204956956415,0.31077188184784027,0.32295307350923663
TRAIN_2133,0.31,0.3135639513510651,0.314385648993989,0.31211514385480943
TRAIN_2134,0.66,0.3886007877082285,0.35620401627257625,0.38849763118789044
TRAIN_2135,0.21,0.42995487232479934,0.44853065809133386,0.42797538053399525
TRAIN_2136,0.45,0.4544725794802158,0.48360184901674286,0.4818781715380093
TRAIN_2137,0.47,0.46118939769201484,0.45049107724494697,0.45554723980139716
TRAIN_2138,0.3,0.5293367052100671,0.30618205880271243,0.30722554681091485
TRAIN_2139,0.56,0.48739077465748665,0.5178691499275856,0.5237871630922907
TRAIN_2140,0.67,0.5097645660891443,0.48640754629964145,0.5066521541555771
TRAIN_2141,0.54,0.5907941858292898,0.5738247194088691,0.5537247333722568
TRAIN_2142,0.24,0.43046575229963596,0.41364752383118597,0.4500969644482302
TRAIN_2143,0.76,0.38461393243004455,0.24675623625197396,0.6463609352307903
TRAIN_2144,0.47,0.46995463206759003,0.46966515666164965,0.5810560773865019
TRAIN_2145,0.33,0.4439263044886789,0.4572025411369197,0.44646938069385717
TRAIN_2146,0.44,0.539874531782049,0.4973385008131419,0.46536881495064164
TRAIN_2147,0.48,0.553601665988225,0.46852564315715295,0.47823394606099157
TRAIN_2148,0.81,0.8133313660281791,0.8159645088668084,0.8139832891587431
TRAIN_2149,0.94,0.4872479541921091,0.4924569930251325,0.943518781397634
TRAIN_2150,0.19,0.19681325232364977,0.19644587296105676,0.19397604810324098
TRAIN_2151,0.74,0.39953037217998255,0.7469530323595511,0.7469160996644629
TRAIN_2152,0.1,0.5677733465811836,0.5672983551791126,0.5695805303159289
TRAIN_2153,0.02,0.470989270645973,0.5145476589257539,0.5321045508486781
TRAIN_2154,1.0,0.9455849457304062,0.4607916586391737,0.9655372075840178
TRAIN_2155,0.53,0.5393436735395923,0.5408297504686845,0.5128449283300733
TRAIN_2156,0.6,0.5397073287651891,0.5326040911109364,0.5115550654591319
TRAIN_2157,0.23,0.5579389327274236,0.5561013712887969,0.5413830451257724
TRAIN_2158,0.84,0.4633829369344578,0.49267935115475137,0.48583671002381346
TRAIN_2159,0.59,0.5022761679041653,0.5049517747700365,0.4998568603947946
TRAIN_2160,0.37,0.3151508139291551,0.3392491730757753,0.35465905232553374
TRAIN_2161,0.99,0.5557313482729231,0.501153059461563,0.4900902885526058
TRAIN_2162,0.58,0.5261355154989283,0.529402698538924,0.5188212394496636
TRAIN_2163,0.9,0.8955294997658556,0.8956064655448204,0.897046231667818
TRAIN_2164,0.7,0.511719795514222,0.49049981464012954,0.5169110196565245
TRAIN_2165,0.73,0.33215534013073517,0.30233336865475324,0.2957511294681775
TRAIN_2166,0.19,0.4403786146062023,0.46976896098774723,0.40684998175779796
TRAIN_2167,0.83,0.48217288799652025,0.42248688283033764,0.4197258280146512
TRAIN_2168,0.85,0.849649303595764,0.8499906327346227,0.587363260039252
TRAIN_2169,0.86,0.7292825187340559,0.7291267361835521,0.7351939917123473
TRAIN_2170,0.23,0.48171839465334926,0.5236879732680835,0.431565553312354
TRAIN_2171,0.34,0.6008910824963027,0.6283739800519127,0.5891804053778248
TRAIN_2172,0.8,0.422485306598093,0.728354937246291,0.7511044631250449
TRAIN_2173,0.92,0.45254732074384857,0.48823767109897304,0.5703877471993879
TRAIN_2174,0.52,0.4951745440567126,0.5196647122332516,0.34360203825118796
TRAIN_2175,0.35,0.3891642179027455,0.3678198247659277,0.3597918370627126
TRAIN_2176,0.96,0.7932029630251094,0.7903419629276747,0.7906945171611574
TRAIN_2177,0.7,0.5109352885337679,0.5194634931228763,0.47409445512692805
TRAIN_2178,0.67,0.666878692473828,0.667970119242923,0.6725584903808087
TRAIN_2179,0.27,0.5127472295657416,0.5172293104611275,0.5131996471325324
TRAIN_2180,0.47,0.4814862916175755,0.4801351113642273,0.49446970191216827
TRAIN_2181,0.64,0.4234960633093798,0.4245840706246995,0.4925258089747274
TRAIN_2182,0.71,0.3799998246587243,0.39482282342734365,0.3685321915507969
TRAIN_2183,0.6,0.6123160175473064,0.4673863861774148,0.6135815557815908
TRAIN_2184,0.8,0.4602280222661828,0.7803689966596978,0.8048207532069211
TRAIN_2185,0.94,0.5151253486886503,0.5243968573267646,0.5234748251697902
TRAIN_2186,0.96,0.40797700603814707,0.40052066561635985,0.38779045397454515
TRAIN_2187,0.56,0.49052922545419414,0.5014463560625552,0.4959457270814313
TRAIN_2188,0.72,0.44877418844427647,0.47093865408533536,0.4242842698003312
TRAIN_2189,0.94,0.9160161665885793,0.4452479225694176,0.9069087986874924
TRAIN_2190,0.54,0.49733828368139954,0.5012837198693829,0.5026859557143109
TRAIN_2191,0.13,0.1303480564882848,0.12995766050010066,0.5236818182725302
TRAIN_2192,0.12,0.23519314172824612,0.43487509412985614,0.19986125538534
TRAIN_2193,0.18,0.5713428157599153,0.5337009067436874,0.5391567615792258
TRAIN_2194,0.11,0.19951456804080397,0.20149781564869584,0.3685434208329471
TRAIN_2195,0.64,0.5493711551265259,0.5478169250925016,0.5510284541422541
TRAIN_2196,0.97,0.8525855534947107,0.4647167442329256,0.8518440573517891
TRAIN_2197,0.38,0.5955884930413402,0.6279502560030984,0.5288893209300782
TRAIN_2198,0.37,0.3726741618215381,0.37239037244179485,0.37523159808833156
TRAIN_2199,0.79,0.7867185067787625,0.785113450542652,0.7873029827513837
TRAIN_2200,0.83,0.8262416898442805,0.8249456455209462,0.8264733281215724
TRAIN_2201,0.57,0.4625503147595132,0.5109233546263465,0.5187970836189799
TRAIN_2202,0.38,0.4054207881585931,0.4746421137290097,0.39989078983506127
TRAIN_2203,0.18,0.17859881118502607,0.17904405425240733,0.17908945007811267
TRAIN_2204,0.36,0.5288979042890679,0.5355510857574636,0.543143247338541
TRAIN_2205,0.4,0.4791997326167937,0.4509519303866764,0.48548439450841724
TRAIN_2206,0.68,0.5898243667097465,0.5811228540223065,0.40317953061744494
TRAIN_2207,0.1,0.5277549241811619,0.5213446291401143,0.47956876319301855
TRAIN_2208,0.39,0.4285781866967793,0.4324455454071181,0.4600143960834605
TRAIN_2209,0.5,0.44880033848278905,0.4125686409950824,0.42797122518816194
TRAIN_2210,0.47,0.4949520099830099,0.5316032255437529,0.5084980873804803
TRAIN_2211,0.73,0.7073662899974758,0.7069324067121405,0.7006842156749479
TRAIN_2212,0.12,0.24123638337351155,0.2023238160409488,0.18059532667083394
TRAIN_2213,0.79,0.5870987938002328,0.6296333727539896,0.5544480620913003
TRAIN_2214,0.85,0.6449533674325377,0.5234057343953094,0.5292142847897654
TRAIN_2215,0.56,0.4356603315567102,0.45341376419776497,0.5003354643913066
TRAIN_2216,0.73,0.6002848488143907,0.4829288425217445,0.6458968729258044
TRAIN_2217,0.75,0.7485034103568772,0.7463728650104055,0.7434315930280865
TRAIN_2218,0.98,0.5119726084250976,0.5268097576996019,0.4774183574027164
TRAIN_2219,0.49,0.4843150193160179,0.4723424349142612,0.4840681026253868
TRAIN_2220,0.25,0.3085833838237717,0.37276073775361457,0.3909087959405077
TRAIN_2221,0.81,0.8107611534741943,0.8106363807724078,0.5275448717910256
TRAIN_2222,0.35,0.5449960141289194,0.5390538269281996,0.5241621548098544
TRAIN_2223,0.68,0.49530716534940117,0.4871584464764343,0.49023255398921
TRAIN_2224,0.5,0.5780724342920888,0.6035122965947115,0.6068066417126642
TRAIN_2225,0.04,0.47244659767090735,0.4752747880856344,0.4761219043290057
TRAIN_2226,0.06,0.06144531339841269,0.5647652359379673,0.06145870701435119
TRAIN_2227,0.61,0.608067355691935,0.5584160226414815,0.6081081657221322
TRAIN_2228,0.42,0.4468232655657572,0.42999359669164855,0.43536702420495227
TRAIN_2229,0.69,0.5014328368479496,0.4318295829697216,0.4989573677239006
TRAIN_2230,0.33,0.33540299375619226,0.33558765324717144,0.33592476433000407
TRAIN_2231,0.22,0.47691723441373923,0.4596364818408433,0.47431779614476277
TRAIN_2232,0.42,0.4454462797302407,0.461833251145104,0.44642544482988716
TRAIN_2233,0.07,0.0907445679125683,0.42301024126642306,0.09139734276576117
TRAIN_2234,0.69,0.6932327039176073,0.6922846406006846,0.6923250644082688
TRAIN_2235,0.27,0.4727193876232674,0.4580125275989089,0.46189619632503376
TRAIN_2236,0.64,0.40211782390852463,0.3654606997766041,0.32930269169935855
TRAIN_2237,0.69,0.4017929898649693,0.39789045202494533,0.3587746785415492
TRAIN_2238,0.64,0.641729464574719,0.5837982237862027,0.6402929377392423
TRAIN_2239,0.4,0.4375662637655139,0.4240689248667324,0.41958460970863165
TRAIN_2240,0.46,0.5373969235460052,0.5180070056559607,0.5245422545789359
TRAIN_2241,0.39,0.3946114160927129,0.39465571853119175,0.3953635458700906
TRAIN_2242,0.74,0.6665485352192735,0.6761374477097345,0.6673363250281319
TRAIN_2243,0.52,0.5247967027943563,0.4371149004716241,0.5264372303062306
TRAIN_2244,0.63,0.5686709894934944,0.5450401117127446,0.595095906242023
TRAIN_2245,0.22,0.32607785130146927,0.24431559113131052,0.2331835060213278
TRAIN_2246,0.1,0.10269387146052406,0.10329778228479192,0.10378848126643536
TRAIN_2247,0.72,0.5454627446681655,0.5710014791194227,0.5590010760544286
TRAIN_2248,0.96,0.8212751481344975,0.8192027359547529,0.8232534132697111
TRAIN_2249,0.14,0.573485578646158,0.14209352028308914,0.1418111015403795
TRAIN_2250,0.52,0.481083261972525,0.4893627000742701,0.4876642377088501
TRAIN_2251,0.29,0.5813017515059917,0.317999174963394,0.311574332408442
TRAIN_2252,0.35,0.35753178971267746,0.35346320831368483,0.3960968854466586
TRAIN_2253,0.04,0.506264520374098,0.6006570511336631,0.587084219421961
TRAIN_2254,0.74,0.6377435840308648,0.613948774499344,0.6312911810545454
TRAIN_2255,0.99,0.5782290074135991,0.692586429571305,0.7051183456351633
TRAIN_2256,0.63,0.6242791317672205,0.6255401718510657,0.3938196353270078
TRAIN_2257,0.68,0.677630564670472,0.677721339476266,0.6782143483112036
TRAIN_2258,0.26,0.2588358129192803,0.26158825555556403,0.2595102453054014
TRAIN_2259,0.3,0.5582362488645513,0.6062072818540023,0.6459668938595813
TRAIN_2260,0.32,0.3627109268073043,0.3877778077376407,0.3914110313414658
TRAIN_2261,0.47,0.45237925443846666,0.4922742061305461,0.44747072172739644
TRAIN_2262,0.13,0.43597664268489084,0.43839497625095164,0.43458883379125635
TRAIN_2263,0.04,0.1522242241238475,0.14357345157748547,0.14016850532235015
TRAIN_2264,0.27,0.3126603010973058,0.5683854141431419,0.31495879519206715
TRAIN_2265,0.56,0.5255555985031322,0.5315189255773272,0.5280280149592412
TRAIN_2266,0.23,0.4094530641538695,0.23640449240855582,0.23194921011831698
TRAIN_2267,0.09,0.455879299938196,0.40127367446619455,0.60697242702519
TRAIN_2268,0.07,0.10656358747090128,0.15165348292106368,0.12008385347477785
TRAIN_2269,0.94,0.44678051333338065,0.405878083319358,0.4085069824572887
TRAIN_2270,0.17,0.3958696412862369,0.4540982104960699,0.42478689930330177
TRAIN_2271,0.74,0.543687310664281,0.49048388170534074,0.5681674294675845
TRAIN_2272,0.01,0.19432254888522754,0.5877125120152716,0.1987303800373334
TRAIN_2273,0.71,0.7080729328253897,0.7068277248369682,0.6971031596111706
TRAIN_2274,0.97,0.43109284008700527,0.7857808663050347,0.7977365659086031
TRAIN_2275,0.0,0.0036566222548714,0.004673664252212717,0.0
TRAIN_2276,0.62,0.5012348754399716,0.62014872663868,0.6197034463867377
TRAIN_2277,0.67,0.6101323237692375,0.500194781885714,0.6067452430301288
TRAIN_2278,0.21,0.23483368026410156,0.2361161584816618,0.233628814783423
TRAIN_2279,0.65,0.6073612463860354,0.5775071141214831,0.5782029408628092
TRAIN_2280,0.81,0.5200682531772918,0.5086510453566333,0.5156444896141557
TRAIN_2281,0.21,0.4616684764221102,0.4618704313106296,0.48178771547571386
TRAIN_2282,0.23,0.4732264292999464,0.4710891661488356,0.4427084933921948
TRAIN_2283,0.49,0.42741659595219056,0.44355025306406126,0.370722260188068
TRAIN_2284,0.0,0.057306411885343134,0.05188631230649776,0.05834389467965978
TRAIN_2285,0.76,0.46255750300300313,0.46495135093914064,0.4685929419719964
TRAIN_2286,0.62,0.47663135579264354,0.5467917673373215,0.4540377733310625
TRAIN_2287,0.92,0.5296978006341011,0.5197895273420972,0.5391428106135173
TRAIN_2288,0.67,0.6029960134270717,0.5027996744811111,0.6270994672420854
TRAIN_2289,0.31,0.4239798875735491,0.30755416063170404,0.3094748148668977
TRAIN_2290,0.81,0.5039216540451285,0.4997601626858156,0.5248978276421922
TRAIN_2291,0.96,0.9201021561588835,0.9358995117986728,0.9140013145057517
TRAIN_2292,0.79,0.7902607964513035,0.7882056126898145,0.7905196490752722
TRAIN_2293,0.62,0.5612399382992502,0.5403515672367335,0.5172542890665419
TRAIN_2294,0.33,0.5083925346364541,0.3734285803650407,0.3296540295535658
TRAIN_2295,0.28,0.45308178565120316,0.45500778275924175,0.45291094869621196
TRAIN_2296,0.37,0.37144965974838656,0.3659501151289706,0.3666305972790701
TRAIN_2297,0.67,0.6733632489743835,0.6673671660049223,0.6726270907432919
TRAIN_2298,0.31,0.511728096219878,0.489678954660925,0.48312669888230364
TRAIN_2299,0.47,0.5112122661399926,0.5202436223454754,0.3938067964703198
TRAIN_2300,0.79,0.485162995934555,0.5142577266849452,0.5501956967717162
TRAIN_2301,0.89,0.8853783887950517,0.5230867546210967,0.8832447503366583
TRAIN_2302,0.7,0.689918641367883,0.4451811870923852,0.6879786270559304
TRAIN_2303,0.67,0.2528161017643663,0.22291538193625138,0.22027048726593906
TRAIN_2304,0.64,0.5561552650670807,0.5469193226662289,0.45243813250080983
TRAIN_2305,0.47,0.5816217310214843,0.4721580766440644,0.6527017477813926
TRAIN_2306,0.56,0.5705020676771608,0.42446313798888696,0.5747046112067986
TRAIN_2307,0.71,0.7089354822038143,0.7105531990202274,0.5512815407923471
TRAIN_2308,0.5,0.5317191163281547,0.5562339607275193,0.5459243230300693
TRAIN_2309,0.04,0.47505419682613104,0.4328306021136944,0.4612625142994435
TRAIN_2310,0.8,0.4985908292941858,0.7973089135406473,0.7951456528626588
TRAIN_2311,0.58,0.5169473059289675,0.4720166353378913,0.47785849819077775
TRAIN_2312,0.84,0.5391581519894783,0.5508584094296229,0.5001380456839457
TRAIN_2313,0.6,0.6018980381314809,0.6002511677153509,0.6014630546111233
TRAIN_2314,0.23,0.32153748926061587,0.45579342556684016,0.3546681361595474
TRAIN_2315,0.88,0.5477267020206957,0.5660884870046426,0.5270161504971856
TRAIN_2316,0.19,0.4199678895768071,0.388406880364167,0.4544332730459195
TRAIN_2317,0.38,0.5166196928039476,0.49284374353908394,0.4811803805747696
TRAIN_2318,0.77,0.719873210663959,0.5323091081540335,0.7190575641335492
TRAIN_2319,0.08,0.41449188514583885,0.07831630062801553,0.07534781552519465
TRAIN_2320,0.42,0.4322171335807944,0.38876761003815213,0.44985043720486084
TRAIN_2321,0.79,0.45374667959924564,0.4744007723984504,0.4586937311513542
TRAIN_2322,0.63,0.4214618707625887,0.4146484376023124,0.47647006407594683
TRAIN_2323,0.17,0.4956363212930966,0.26679364855335874,0.27122361468639145
TRAIN_2324,0.02,0.5897543546846458,0.5274017335568086,0.5814069756967373
TRAIN_2325,0.64,0.48689473147491474,0.4709950601992592,0.4682719502986708
TRAIN_2326,0.43,0.455990157668571,0.44497607119022214,0.45721373438775603
TRAIN_2327,0.33,0.24440086190925703,0.18975595500659265,0.2457463629518848
TRAIN_2328,0.94,0.4813507802541177,0.4862064892734368,0.9311729252592653
TRAIN_2329,0.74,0.5198673356434987,0.5142311949464037,0.5087613400789214
TRAIN_2330,0.26,0.2641869362816226,0.2649363554947487,0.26243136195940864
TRAIN_2331,0.54,0.4288056447727752,0.40160085321331007,0.4428430465960247
TRAIN_2332,0.77,0.4903295292215349,0.4871760760833498,0.5076253886964673
TRAIN_2333,0.32,0.5095254438363089,0.4609667745442886,0.5235404595717771
TRAIN_2334,0.74,0.44006580941884127,0.4606397409492731,0.43351822519345645
TRAIN_2335,0.94,0.9277366573990291,0.9275676263144277,0.8933547162892899
TRAIN_2336,0.49,0.41159017482600174,0.49016238935600087,0.4335249599260186
TRAIN_2337,0.37,0.6193673687200894,0.630598792649475,0.4246238029269498
TRAIN_2338,0.93,0.44450448209918403,0.5571830565937441,0.4860173365919693
TRAIN_2339,0.51,0.3989916411703522,0.37077858480469617,0.38757887245907835
TRAIN_2340,0.33,0.46684679491592723,0.4936175413253287,0.47427784648101334
TRAIN_2341,0.21,0.3560066928948133,0.38028473619476116,0.3725186399848156
TRAIN_2342,0.41,0.5024002485128436,0.4739037453073979,0.46315910692645756
TRAIN_2343,0.63,0.5833021462085288,0.6370630826803845,0.6148013211733154
TRAIN_2344,0.06,0.06223044617812873,0.06178610039694776,0.06185056360174257
TRAIN_2345,0.35,0.5174495764436992,0.4973870863746491,0.531068144682377
TRAIN_2346,0.83,0.46823645933078645,0.5017010828865636,0.8141002530709521
TRAIN_2347,0.6,0.3562264911051494,0.39791997758795417,0.4062981323172676
TRAIN_2348,0.78,0.4350566785090539,0.4862261789549278,0.4859219983058176
TRAIN_2349,0.79,0.6364438511257281,0.5699841533826359,0.5409934450405313
TRAIN_2350,0.62,0.6335366121559218,0.6363061526937562,0.6309493997174674
TRAIN_2351,0.95,0.47900791063118103,0.4045382413834092,0.453121981866898
TRAIN_2352,0.19,0.18321752853907985,0.18119387254321173,0.48621582865554736
TRAIN_2353,0.99,0.5328380348535294,0.522415324023191,0.5533318792472918
TRAIN_2354,0.44,0.39599447499129675,0.45020428221885794,0.3607756910713039
TRAIN_2355,0.25,0.26446247769292575,0.2639550137606286,0.2661073172994298
TRAIN_2356,0.15,0.1538145758369756,0.1791002372892347,0.1772413043939235
TRAIN_2357,0.6,0.5712073993957628,0.5613175191539491,0.5649232767777621
TRAIN_2358,0.95,0.5241858886995031,0.525735900530053,0.5318504559598516
TRAIN_2359,0.75,0.673951528708499,0.6902537893825655,0.33494256137598744
TRAIN_2360,0.29,0.29130907557031605,0.29114570666101636,0.29213060030826266
TRAIN_2361,0.09,0.29959093416001215,0.3836824643743724,0.35033732365123954
TRAIN_2362,0.3,0.556539434596882,0.5732680243806719,0.5593772159763395
TRAIN_2363,0.47,0.4731141737895743,0.4795190538091314,0.4813030180945348
TRAIN_2364,0.14,0.4785896942704617,0.49403660349041234,0.47810633226497756
TRAIN_2365,0.41,0.41026218932279673,0.41033622238660605,0.4106074800189863
TRAIN_2366,0.71,0.6170927290817324,0.6383834647257954,0.5620829043393536
TRAIN_2367,0.68,0.48727607447291643,0.41428055616663567,0.4296389924042948
TRAIN_2368,0.58,0.49216106285213246,0.5619299609371142,0.5855122026523119
TRAIN_2369,0.9,0.8741567528951419,0.8730031894641974,0.8731521502013475
TRAIN_2370,0.17,0.5000760894191033,0.2772153233021071,0.27626883045249373
TRAIN_2371,0.55,0.45591808056149224,0.4688229903599843,0.45728777770296103
TRAIN_2372,0.59,0.585426254214509,0.5429286440745102,0.536827646858861
TRAIN_2373,0.59,0.32467552518371723,0.5044404062400376,0.48377692805572237
TRAIN_2374,0.82,0.4915495128423002,0.4964820582423509,0.4958371208215312
TRAIN_2375,0.77,0.4687171537895027,0.43382288323163753,0.3844777864131814
TRAIN_2376,0.69,0.4462670510688693,0.4159326178137142,0.41424242525560506
TRAIN_2377,0.8,0.7582709223348764,0.7441483859483153,0.7490955206815428
TRAIN_2378,0.16,0.546491837816889,0.5323555985620755,0.5001167090353698
TRAIN_2379,0.28,0.37582618751866037,0.39980500536370633,0.3715625933167892
TRAIN_2380,0.6,0.44640727263669855,0.43819977754338646,0.460159224931979
TRAIN_2381,0.49,0.4649298043135067,0.4549169386115844,0.49229449490507937
TRAIN_2382,0.77,0.7628286211770113,0.764058598737809,0.7659236367921929
TRAIN_2383,0.81,0.3663574922865471,0.4132117133679459,0.36749828902409254
TRAIN_2384,0.29,0.49769257853851634,0.5063514845546547,0.4974213661427908
TRAIN_2385,0.97,0.6134084985489373,0.608836629104182,0.573959575633172
TRAIN_2386,0.91,0.4978998155883055,0.5038529390819745,0.479273988169735
TRAIN_2387,0.34,0.44018095195910817,0.45324461374195535,0.42888741102564765
TRAIN_2388,0.66,0.6569896659147907,0.6528280188432739,0.43083863122751004
TRAIN_2389,0.28,0.5225410015249013,0.5210459399741605,0.5032377931818667
TRAIN_2390,0.67,0.6678429964191204,0.6657568593440834,0.6685898197161927
TRAIN_2391,0.96,0.8975726731826008,0.6634489731320817,0.915643721348114
TRAIN_2392,0.92,0.7366663677024603,0.755189471247769,0.753440125072466
TRAIN_2393,0.26,0.34577078906012837,0.46095716135887055,0.38051310113710957
TRAIN_2394,0.52,0.5241349125933248,0.4916960464059385,0.5276316518249188
TRAIN_2395,0.14,0.4888215735053698,0.5552017832608093,0.5153041692447164
TRAIN_2396,0.79,0.5199083193910968,0.411032353089937,0.536704081575069
TRAIN_2397,0.8,0.7969959148049208,0.7994745184366291,0.7974872201461922
TRAIN_2398,0.17,0.5399527799513172,0.3325833173908258,0.3024085052544032
TRAIN_2399,0.59,0.591690164609794,0.5911140700693281,0.5101336849467722
TRAIN_2400,0.47,0.46384845355781407,0.4666439135904419,0.46460953899324525
TRAIN_2401,0.25,0.5274287031703158,0.5054950660589792,0.5352155019043071
TRAIN_2402,0.19,0.44800802585940186,0.4495502154917617,0.4674269747723982
TRAIN_2403,0.8,0.8015030560086631,0.8043398591692718,0.8021849917774578
TRAIN_2404,0.58,0.49007345225905047,0.5299567626316075,0.49216490571005644
TRAIN_2405,0.98,0.5349822240874373,0.5540775856244364,0.4940582297433203
TRAIN_2406,0.26,0.26105860163631445,0.260629794750888,0.5163017292846716
TRAIN_2407,0.8,0.5086429020840694,0.5084664300839654,0.5072981631334401
TRAIN_2408,0.0,0.00023969642036869576,0.00040952617620915177,0.000345392863118521
TRAIN_2409,0.4,0.4027668470938952,0.4062238225916912,0.40763924739395996
TRAIN_2410,0.28,0.27901783499844757,0.2807085839360321,0.280244557898532
TRAIN_2411,0.46,0.4429074529680827,0.4733149280825043,0.4418924181030941
TRAIN_2412,0.31,0.3100201531351212,0.44987682129842854,0.30994873576798915
TRAIN_2413,0.47,0.3964743680965312,0.4349632438184572,0.41836779227873816
TRAIN_2414,0.21,0.5376838479840974,0.5739759732185262,0.5249367480979986
TRAIN_2415,0.38,0.5849289780530184,0.5854305320157167,0.5829774748968716
TRAIN_2416,0.16,0.4668337412556303,0.49007831279851394,0.42359816547072277
TRAIN_2417,0.91,0.9062704432109447,0.906104931882311,0.9066049947172746
TRAIN_2418,0.55,0.5442355167333469,0.5686311166868585,0.6078549044150623
TRAIN_2419,0.57,0.4943147711465513,0.5056330759329803,0.564102495767187
TRAIN_2420,0.68,0.560081579494054,0.6013467554353228,0.6165816438978194
TRAIN_2421,0.08,0.4840163151652329,0.5343528896298203,0.526901657151592
TRAIN_2422,0.9,0.9004467858863084,0.9024413685424862,0.9013531576813212
TRAIN_2423,0.13,0.5275562925364001,0.5326777702071728,0.5333702636127473
TRAIN_2424,0.5,0.4465083316311893,0.4588767825480871,0.4351740217414316
TRAIN_2425,0.4,0.3959025967004909,0.3955502552907579,0.39854743290337047
TRAIN_2426,0.83,0.375218708912762,0.5488371773869357,0.4597326607482695
TRAIN_2427,0.41,0.3933601867502807,0.427636755789139,0.44048884004067296
TRAIN_2428,0.84,0.8415882998751532,0.840921396845723,0.844207453774072
TRAIN_2429,0.8,0.5410386337972486,0.5591221186636683,0.5702082945675728
TRAIN_2430,0.96,0.469874612175812,0.44961201190670663,0.5275594487598669
TRAIN_2431,0.47,0.4684588010169049,0.4668542218086237,0.5786366018002393
TRAIN_2432,0.37,0.37650415287936406,0.37208259898109963,0.38653617044952804
TRAIN_2433,0.4,0.4381962314488733,0.4569434398829931,0.43544799898769915
TRAIN_2434,0.71,0.5017496665577225,0.527783510952012,0.518056721185768
TRAIN_2435,0.97,0.6196095876966509,0.5844981778708352,0.552822383788064
TRAIN_2436,0.45,0.3781384993048502,0.4522336752734434,0.43728674442309584
TRAIN_2437,0.32,0.4255355739022044,0.445176447569886,0.46950519692180953
TRAIN_2438,0.3,0.5490337141608796,0.3337511646271959,0.3254749576769532
TRAIN_2439,0.71,0.6642323547838084,0.6736384904625958,0.6569396193535262
TRAIN_2440,0.32,0.46274134633913816,0.4583207294000559,0.6483790456382424
TRAIN_2441,0.84,0.7170178759780986,0.7232017915556959,0.6730049587732811
TRAIN_2442,0.4,0.5838069383827464,0.5445782268991842,0.5516621787769759
TRAIN_2443,0.63,0.5252832252920778,0.5178951498031698,0.5174306371321816
TRAIN_2444,0.76,0.5880501532852219,0.7537692394838608,0.7515604176123396
TRAIN_2445,0.63,0.5054038526411834,0.5149051985801577,0.507095359232336
TRAIN_2446,0.28,0.5080183208380926,0.49930945508304375,0.4932163502269114
TRAIN_2447,0.9,0.415843030468555,0.4493063888385162,0.4802449772436934
TRAIN_2448,0.12,0.12513750061829426,0.12454362653382944,0.12328378814110258
TRAIN_2449,0.41,0.5978830049357791,0.55088633984281,0.408606771413357
TRAIN_2450,0.83,0.5052806732523358,0.48678154586394634,0.4318198608934052
TRAIN_2451,0.32,0.5427860721418359,0.669345641082772,0.6708993803366525
TRAIN_2452,0.51,0.4896376757529053,0.4948021693118381,0.49532064891048494
TRAIN_2453,0.26,0.4892115064712546,0.26014941355756793,0.2599442288442544
TRAIN_2454,0.15,0.48869774169399927,0.4985994108625771,0.49152426251437226
TRAIN_2455,0.85,0.8501348270824456,0.8500267729837622,0.587363260039252
TRAIN_2456,0.74,0.34237824276850415,0.5627271673853584,0.5567470784871089
TRAIN_2457,0.96,0.9557186013108412,0.9563315408654471,0.9536061999241725
TRAIN_2458,0.74,0.49806339015736983,0.4984586357244756,0.48687391709666317
TRAIN_2459,0.37,0.38220555381838256,0.38825889878713954,0.40383614316282945
TRAIN_2460,0.22,0.5210528579658865,0.21785732242944,0.4548695158519791
TRAIN_2461,0.3,0.3094314904578629,0.2897827958260186,0.3836739746334923
TRAIN_2462,0.02,0.6539946964682104,0.7079972778397583,0.6245150635859228
TRAIN_2463,0.78,0.4154467489881416,0.4134644991291825,0.47439550585474155
TRAIN_2464,0.79,0.40547122622280407,0.4039478126329119,0.4402262952194564
TRAIN_2465,0.97,0.9704857808277985,0.970794786505492,0.9688676650440444
TRAIN_2466,0.48,0.4952825845239532,0.5663129092103069,0.48539952403801406
TRAIN_2467,0.82,0.5037880318893243,0.5488527310750083,0.5109117776267957
TRAIN_2468,0.52,0.4935573319606592,0.48297047511270225,0.49030138087382763
TRAIN_2469,0.75,0.7472055465109728,0.7448288449364919,0.7456390876618939
TRAIN_2470,0.47,0.47005006302578145,0.4685599701352832,0.46996821147284534
TRAIN_2471,0.74,0.4413917598488586,0.4845308899986413,0.48843949843379536
TRAIN_2472,0.53,0.5036790588231248,0.55492238568604,0.5239259341311403
TRAIN_2473,0.09,0.14343905408751312,0.13287788787170968,0.1479585403993443
TRAIN_2474,1.0,0.465136105690515,0.4752755373784132,0.46658378546869395
TRAIN_2475,0.26,0.28880993495443485,0.281630925322788,0.2701814097857088
TRAIN_2476,0.72,0.4968691377429988,0.5082023806949219,0.5078307559128256
TRAIN_2477,0.99,0.44538263310022874,0.5042398626706498,0.4701207805224247
TRAIN_2478,0.74,0.7154913382929928,0.6600585848774362,0.6933043581513859
TRAIN_2479,0.19,0.1865075010728322,0.18745340820376805,0.18442577494679585
TRAIN_2480,0.67,0.4718943240558905,0.4915226015429638,0.5229958900729486
TRAIN_2481,0.41,0.46628821527606723,0.46652802269437615,0.46379117107545703
TRAIN_2482,0.78,0.4218213193628933,0.4230270672657046,0.42086702055097047
TRAIN_2483,0.61,0.471506808036963,0.5011485641998346,0.48382081257611026
TRAIN_2484,0.05,0.5873231913123846,0.6229400152261767,0.5681453199971931
TRAIN_2485,0.76,0.5419041801299525,0.7493859676945729,0.7605678022289564
TRAIN_2486,0.02,0.45340072423223365,0.07110218078259573,0.06803048269193135
TRAIN_2487,0.42,0.42366657031857435,0.41100218298949953,0.4098716246998757
TRAIN_2488,0.59,0.56956604654147,0.5839601375799703,0.5525416842934703
TRAIN_2489,0.35,0.5948205974481874,0.5852906110586044,0.516618581060635
TRAIN_2490,0.58,0.5257715087616995,0.5281016608998461,0.5248686043922514
TRAIN_2491,0.76,0.5018046724919146,0.42475622213689457,0.4973666034180962
TRAIN_2492,0.03,0.3439517341787146,0.30106581095740426,0.2992510316431477
TRAIN_2493,0.15,0.4342811024365443,0.4468987659551585,0.45442365137361473
TRAIN_2494,0.0,0.47404903972539175,0.05151471990304074,0.052275356350919455
TRAIN_2495,0.69,0.5492938732162944,0.5103260223596848,0.5234818809929451
TRAIN_2496,0.3,0.5599073876886566,0.4182642792883211,0.4230795675442034
TRAIN_2497,0.62,0.6004042746441938,0.6102686462649644,0.5673691322700858
TRAIN_2498,0.11,0.4552050034847701,0.3019374204958416,0.2983620705865757
TRAIN_2499,0.17,0.4980441134276443,0.18866422052041315,0.19931368858120896
TRAIN_2500,0.96,0.9633109782411857,0.5174518105955845,0.9645353886408453
TRAIN_2501,0.8,0.2651164954294809,0.33877739443557797,0.29376183417117263
TRAIN_2502,0.8,0.48828112850317196,0.48900577609946505,0.47149397474570875
TRAIN_2503,0.84,0.8408342769805093,0.48751228703072874,0.8404503809691659
TRAIN_2504,0.07,0.14776218246835032,0.190646663048411,0.45727348738714835
TRAIN_2505,0.99,0.6161864230362513,0.6398425400509373,0.6242529368523024
TRAIN_2506,0.12,0.3616972557949819,0.47561634872296865,0.42424764571923873
TRAIN_2507,0.21,0.20199844103464526,0.1977133702265234,0.1939712480991032
TRAIN_2508,0.37,0.3610180713503988,0.39432401316116267,0.37454202126927516
TRAIN_2509,0.73,0.49713099349741724,0.5463429831090119,0.4986812378198809
TRAIN_2510,0.64,0.4016563265382815,0.42499106076945503,0.37151031228334835
TRAIN_2511,0.98,0.7194827843328853,0.700576611213858,0.5768934040116298
TRAIN_2512,0.14,0.48016800440636576,0.21540251651332654,0.2173603993285485
TRAIN_2513,0.43,0.5568811049960821,0.5215838063883738,0.5287078018563193
TRAIN_2514,0.98,0.621008090572696,0.6154836051382003,0.6202599718845418
TRAIN_2515,0.14,0.5172506100981608,0.48815765559286806,0.5027377323046329
TRAIN_2516,0.45,0.5345973555199309,0.5252831201262917,0.5090570807678175
TRAIN_2517,0.52,0.5166342894153191,0.5181702420769312,0.5191642755466592
TRAIN_2518,0.77,0.534051339202147,0.5329782716518893,0.530168862971597
TRAIN_2519,0.08,0.3831225777244316,0.3854287677243578,0.3721174264763807
TRAIN_2520,0.59,0.4278091530854727,0.4065897279851673,0.4404198157600424
TRAIN_2521,0.81,0.5340705847327644,0.5272061193650339,0.5094013798480156
TRAIN_2522,0.33,0.33640902679363005,0.3384949781492204,0.3374307170187594
TRAIN_2523,0.56,0.5100705268304421,0.49753224306471877,0.5034379354386587
TRAIN_2524,0.18,0.3568141569475466,0.3346535941174339,0.3327301978134918
TRAIN_2525,0.48,0.47473617309161453,0.5528135366541822,0.4758773976043317
TRAIN_2526,0.3,0.3968454481476033,0.39062257060491723,0.44626374588952245
TRAIN_2527,0.86,0.8607431673343273,0.8603345393396039,0.8602991117110248
TRAIN_2528,0.77,0.47778819780926707,0.49867763440070845,0.5097772780373612
TRAIN_2529,0.15,0.46488673687768045,0.44521138141101957,0.4718994666131395
TRAIN_2530,0.5,0.5089643592233144,0.511586603074041,0.531456874060201
TRAIN_2531,0.53,0.46965292934958214,0.46858888974160745,0.428242266624537
TRAIN_2532,0.52,0.4838702252764434,0.43698396176525917,0.5161208298471759
TRAIN_2533,0.39,0.6130753240389183,0.562806531931531,0.6213493384806038
TRAIN_2534,0.21,0.5372217983566168,0.5365080884792165,0.43315517561170547
TRAIN_2535,0.33,0.3485063796570916,0.3369623064029072,0.3304178931680807
TRAIN_2536,0.49,0.4127709240061945,0.41820494945436554,0.40552436867575203
TRAIN_2537,0.85,0.8512381357449402,0.8514054126681099,0.8500937167116432
TRAIN_2538,0.26,0.2618157512808186,0.2629941198566573,0.2627869055886355
TRAIN_2539,0.48,0.48368208402117957,0.4644369353412035,0.45627367259551366
TRAIN_2540,0.43,0.552996449466545,0.5833972478106751,0.5690582825324452
TRAIN_2541,0.75,0.6082120207017155,0.6065780167644036,0.4924118509126506
TRAIN_2542,0.62,0.6025983633482407,0.6238195702931247,0.5938892349724665
TRAIN_2543,0.26,0.5064789075122987,0.5388598779415118,0.5358942670252947
TRAIN_2544,0.58,0.4827435175698918,0.5322073487210719,0.5053479531846126
TRAIN_2545,0.05,0.4574336543275431,0.1080718806675397,0.09252273305416608
TRAIN_2546,0.83,0.4768198850006454,0.44637228975827076,0.3995086619290218
TRAIN_2547,0.97,0.44344171654869335,0.8070425701645716,0.8057905932123617
TRAIN_2548,0.97,0.477473330014712,0.48211302485760693,0.47814371594396116
TRAIN_2549,0.03,0.1812346931575961,0.5202460963156867,0.5384264190053886
TRAIN_2550,0.6,0.5816706205569412,0.45476017800148,0.5814123926519162
TRAIN_2551,0.97,0.9701927254362839,0.9703281707061963,0.9709944836372746
TRAIN_2552,0.36,0.5151310474757821,0.45948720154468725,0.48408959311982663
TRAIN_2553,0.45,0.5679707141380733,0.5457818928274677,0.5624295077868816
TRAIN_2554,0.43,0.4235996917150574,0.5737019210447518,0.44128167696118803
TRAIN_2555,0.58,0.5017066966621584,0.44246787996165043,0.48610652490876755
TRAIN_2556,0.45,0.47403840610807474,0.47400149058546126,0.45790695093632683
TRAIN_2557,0.15,0.5382220972958425,0.14778183297013076,0.15001674154987082
TRAIN_2558,0.34,0.32978682348370036,0.3614430085614374,0.360505780743297
TRAIN_2559,0.0,0.0,0.0,0.0
TRAIN_2560,0.84,0.5793435934809659,0.5611655191111419,0.5275743187939966
TRAIN_2561,0.46,0.4222564047316084,0.41016646119842914,0.48871316886847505
TRAIN_2562,0.65,0.4612188816211032,0.45124906953640825,0.5052034128096943
TRAIN_2563,0.88,0.4592935670400831,0.7259141692499801,0.5009375833247198
TRAIN_2564,0.7,0.4891954515481358,0.49800377477511687,0.4910224245688164
TRAIN_2565,0.11,0.2241808094313777,0.2148421141029696,0.3914185695453591
TRAIN_2566,0.17,0.46127103989637375,0.2631313213222749,0.278134927047847
TRAIN_2567,0.91,0.488906210271901,0.5813937280942896,0.533226716081563
TRAIN_2568,0.4,0.39177958533985924,0.42810029116021225,0.44415387579137605
TRAIN_2569,0.03,0.4124654977395156,0.41017409339930067,0.3899024054037683
TRAIN_2570,0.27,0.3982438367269472,0.38751915474304127,0.3887655175688577
TRAIN_2571,0.8,0.7952850238862266,0.7930984269011814,0.794812738236825
TRAIN_2572,0.95,0.7450798522789207,0.4515492785598798,0.7878088136549699
TRAIN_2573,0.07,0.5275132749514417,0.5150998875452644,0.49046775351177024
TRAIN_2574,0.96,0.9580416234894387,0.9589266000351648,0.958161962858467
TRAIN_2575,0.49,0.45855463840760036,0.47959722101500235,0.4700039345866125
TRAIN_2576,0.78,0.7298625039757125,0.4581457231154864,0.7397823083989232
TRAIN_2577,0.99,0.3556057752518025,0.33369155789425864,0.2886772119127274
TRAIN_2578,0.16,0.23505996800524287,0.24158963966834957,0.4325066793634679
TRAIN_2579,0.38,0.4300237407737093,0.40051269254278726,0.5144203725920024
TRAIN_2580,0.22,0.2165068144076227,0.2127849880867873,0.3480705427766224
TRAIN_2581,0.34,0.5113880537391176,0.5679651561391982,0.5524131579681951
TRAIN_2582,0.51,0.53051970045001,0.5330017427760234,0.5290839495178025
TRAIN_2583,0.31,0.3097533958064847,0.4497561523077285,0.309730120144448
TRAIN_2584,0.29,0.4700099497576875,0.48977743776470584,0.4910349781449756
TRAIN_2585,0.47,0.43129158668370127,0.4220643914861547,0.4813673990213507
TRAIN_2586,0.82,0.7988121108627008,0.803436751951293,0.4004034445278876
TRAIN_2587,0.04,0.549891269263956,0.44598864798629173,0.5261914531720832
TRAIN_2588,0.84,0.8382684542645213,0.486599851255725,0.8386190847646142
TRAIN_2589,0.34,0.4767354045686812,0.4637411138698795,0.4245550650763789
TRAIN_2590,0.77,0.6337423071695817,0.5507524576271445,0.5505926573959063
TRAIN_2591,0.1,0.537635364877063,0.09570099138627669,0.10071163457791776
TRAIN_2592,0.5,0.5116684108426511,0.4930368631304702,0.48855693833400415
TRAIN_2593,0.16,0.3310984104553776,0.3952211137740728,0.44238954563882116
TRAIN_2594,0.14,0.24008680118570463,0.23177468166706106,0.17805041972608127
TRAIN_2595,0.82,0.5756539328512985,0.5826171350468285,0.5988783557720383
TRAIN_2596,0.69,0.6279868304258139,0.6348863935960986,0.6539775168540032
TRAIN_2597,0.04,0.420593660908631,0.38178704596011004,0.39635933606597645
TRAIN_2598,0.33,0.5786162026561782,0.5686665003594934,0.5403786204049585
TRAIN_2599,0.69,0.6944113616973964,0.7156348219988569,0.71759955661348
TRAIN_2600,0.62,0.6032484158193716,0.6042051496526958,0.615338629329107
TRAIN_2601,0.21,0.2188021383172728,0.2195559853995221,0.2214531604557397
TRAIN_2602,0.74,0.5140769319168517,0.5332257762516877,0.5044488577832785
TRAIN_2603,0.81,0.5116248741139502,0.49671363313916567,0.5255952778503877
TRAIN_2604,0.54,0.5297567428609382,0.523156684131607,0.5181451026902664
TRAIN_2605,0.76,0.6066597531597466,0.757077152793925,0.7071714922407342
TRAIN_2606,0.49,0.4374368514813507,0.4752694665097053,0.4840822650656222
TRAIN_2607,0.95,0.9455258758381702,0.9403782288133559,0.9426387519805925
TRAIN_2608,0.39,0.5333106446636819,0.4041114352488092,0.4032477957813879
TRAIN_2609,0.6,0.5438760989951821,0.6146108811375459,0.5735467078064689
TRAIN_2610,0.21,0.2502610822523734,0.257673429297697,0.24640677367945268
TRAIN_2611,0.86,0.6870894840484015,0.6608673802354631,0.6791154998215663
TRAIN_2612,0.64,0.4713925820751399,0.4914003116835821,0.5018339425795323
TRAIN_2613,0.51,0.46779887529393493,0.4675453420662326,0.45669870888746433
TRAIN_2614,0.85,0.36326374882399215,0.4874439608128149,0.5170653868879704
TRAIN_2615,0.26,0.2825224128225917,0.25173357628546317,0.24790841773307587
TRAIN_2616,0.92,0.5090662630000261,0.519001022814079,0.514567373735829
TRAIN_2617,0.23,0.3637413814557484,0.46953546044097494,0.40911747656401787
TRAIN_2618,0.16,0.5320574585066983,0.46405178356819354,0.5487082467229786
TRAIN_2619,0.81,0.7794908208343683,0.7763272033958828,0.7807575168993246
TRAIN_2620,0.01,0.010935581613321532,0.007067036201811372,0.006145345048440831
TRAIN_2621,0.06,0.5260875107951324,0.5481219600158127,0.5642067099671089
TRAIN_2622,0.57,0.6055103976522537,0.6239299351538712,0.6251587304463734
TRAIN_2623,0.18,0.18114705779163937,0.18134380606803008,0.1812927631605613
TRAIN_2624,0.62,0.6194934384273818,0.6193759964505016,0.5269700727584747
TRAIN_2625,0.64,0.6705687781977242,0.6714105300956267,0.6862066851982191
TRAIN_2626,0.95,0.5586089764614821,0.5543024220232396,0.548578294143222
TRAIN_2627,0.73,0.5115383896077409,0.46385576554993563,0.5728318830193457
TRAIN_2628,0.23,0.4565285863460895,0.4505644454584954,0.46279435310774286
TRAIN_2629,0.17,0.330934007523663,0.3303863636779285,0.3396809198525247
TRAIN_2630,0.24,0.21698177340903646,0.206125690216379,0.5507930652257131
TRAIN_2631,0.5,0.48538550346324993,0.48637924952115674,0.4883554455983153
TRAIN_2632,0.46,0.4650952558363602,0.4653390221882564,0.4997220988073284
TRAIN_2633,0.38,0.47987976548571337,0.469704062565867,0.4561397848204304
TRAIN_2634,0.4,0.39728625372585613,0.39821874686794445,0.3976975058555075
TRAIN_2635,0.38,0.3439831181925622,0.3578240674404522,0.3947346954762499
TRAIN_2636,0.22,0.22367373641443317,0.2263709784396768,0.35550574397926116
TRAIN_2637,0.27,0.30240227032727496,0.2779363398081567,0.27981093661470186
TRAIN_2638,0.27,0.45783574816516465,0.4644242978981967,0.4735820241306454
TRAIN_2639,0.3,0.38660381336094335,0.4454797410051478,0.296851984084717
TRAIN_2640,0.96,0.5419659694601633,0.5207243372938731,0.5342947487444422
TRAIN_2641,0.44,0.49488517543059507,0.4836733358765098,0.4928954197203528
TRAIN_2642,0.54,0.4114860211670789,0.3496680074115891,0.37399997245246674
TRAIN_2643,0.58,0.5679385591497607,0.4843876654303624,0.5147697702825547
TRAIN_2644,0.1,0.09976939988509931,0.10006366804529504,0.10014708897441726
TRAIN_2645,0.99,0.9435620093431486,0.946394476161431,0.9473436300565325
TRAIN_2646,0.77,0.7804804811163389,0.7910813727287587,0.79625022131967
TRAIN_2647,0.54,0.6178336894837342,0.6300935522313347,0.5965393166445823
TRAIN_2648,0.54,0.5173392714146341,0.5327714649771702,0.512239230296493
TRAIN_2649,0.59,0.5779420294793243,0.5886002849186527,0.49670919415543074
TRAIN_2650,0.73,0.7284956053065728,0.5001181844907141,0.7292195114544737
TRAIN_2651,0.89,0.3338195337854414,0.3583960489119558,0.343748130908486
TRAIN_2652,0.06,0.17527749984550872,0.19500489481768762,0.2096710253861866
TRAIN_2653,0.5,0.49996113810073944,0.5001288411717295,0.4986887469382796
TRAIN_2654,0.88,0.45777367219750825,0.8797444275225714,0.4271856103453251
TRAIN_2655,0.11,0.43446325719607826,0.46449140636632164,0.4377191636055393
TRAIN_2656,0.85,0.6432155949285628,0.5149810880860948,0.5226345887682615
TRAIN_2657,0.9,0.3722141624639456,0.39289862337239784,0.4008016234272618
TRAIN_2658,0.19,0.27431731925970537,0.26606822660860785,0.27343340536401156
TRAIN_2659,0.54,0.540416457054226,0.5427434586192221,0.5443545343128822
TRAIN_2660,0.86,0.5311268587711676,0.5697898870747771,0.46408346448413795
TRAIN_2661,0.64,0.5239089773403576,0.5262123998681983,0.5168669238183996
TRAIN_2662,0.03,0.510073668027087,0.555945363612731,0.5327989824766998
TRAIN_2663,0.15,0.44388537971066794,0.4613409820898069,0.4590605740109897
TRAIN_2664,0.04,0.12092697192736845,0.1371924568185433,0.11796486321811
TRAIN_2665,0.53,0.5306969874408829,0.5317197882132195,0.5284812863297597
TRAIN_2666,0.45,0.43616632427251034,0.4332131281759221,0.41399177013061794
TRAIN_2667,0.56,0.5783721222498973,0.5180652186005804,0.5663477542436486
TRAIN_2668,0.21,0.2222922886879739,0.23251400465399752,0.22985058844409334
TRAIN_2669,0.2,0.19912625005317403,0.19938948676924567,0.1995666259555765
TRAIN_2670,0.87,0.506633924772432,0.4458215342214429,0.470358103915919
TRAIN_2671,0.72,0.6907621605105518,0.6854701529112893,0.7051285527952158
TRAIN_2672,0.21,0.30121208039683234,0.33930836639405965,0.376617950216107
TRAIN_2673,0.34,0.3311589039981977,0.33449300912788854,0.33183051456722523
TRAIN_2674,0.85,0.5066069188900959,0.8363573262953192,0.8387365093037797
TRAIN_2675,0.77,0.768436331797399,0.7706180250202133,0.7740162791576215
TRAIN_2676,0.7,0.5567626172957938,0.5604732170903426,0.5604987861636204
TRAIN_2677,0.6,0.5311374104674622,0.5231235381252369,0.4920703962953553
TRAIN_2678,0.69,0.6521061925395409,0.672092139560977,0.4550427801403173
TRAIN_2679,0.7,0.49638285266413695,0.4775040083695973,0.5277991142405953
TRAIN_2680,0.99,0.7567760353727351,0.8440563013251452,0.7089652477551407
TRAIN_2681,0.71,0.31760765272263436,0.42383288308878775,0.40852280837441574
TRAIN_2682,0.18,0.3417231969922385,0.3638689174265062,0.17638427269428825
TRAIN_2683,0.85,0.5562877908502728,0.5770319565514772,0.5892740367772432
TRAIN_2684,0.92,0.5430920842968973,0.6003061952287306,0.49456471141048275
TRAIN_2685,0.9,0.5217898418483689,0.5296685990197564,0.5101030070019684
TRAIN_2686,0.62,0.37089686706800884,0.4060972494330502,0.4218387286882764
TRAIN_2687,0.15,0.2793056453311452,0.2901393222432523,0.5704990244212158
TRAIN_2688,0.18,0.5522753698482876,0.5314897876677408,0.5528217672135878
TRAIN_2689,0.16,0.30892904704052604,0.36878778387816025,0.3761112492965224
TRAIN_2690,0.27,0.4108918158609802,0.39452726234722746,0.4099402547405331
TRAIN_2691,0.57,0.4422198521511653,0.4359466086026712,0.43493584838603505
TRAIN_2692,0.26,0.26059203792164354,0.26057354461101445,0.26000555598466457
TRAIN_2693,0.01,0.46311766845108493,0.4370488665890912,0.37718900450387594
TRAIN_2694,0.49,0.46805974755836666,0.4710374213443889,0.47293670112630015
TRAIN_2695,0.36,0.5807489632081997,0.5798289906733874,0.5925073825781582
TRAIN_2696,0.98,0.5009773570666586,0.49268535290160137,0.5252094329520711
TRAIN_2697,0.38,0.39163711153666275,0.3843855135225793,0.4391823706687019
TRAIN_2698,0.63,0.5183677574325164,0.5505359184115762,0.5416844600483667
TRAIN_2699,0.97,0.713292120675197,0.4572356747536942,0.7124551435950642
TRAIN_2700,0.75,0.7563673810365652,0.7443286566180934,0.7450840212501093
TRAIN_2701,0.46,0.4037234257357016,0.3947596367944868,0.4306475425011008
TRAIN_2702,0.45,0.5618245420874747,0.6042109452674084,0.5898708978960743
TRAIN_2703,0.19,0.3528413052465654,0.35995651080274665,0.30495155695228093
TRAIN_2704,0.58,0.5424573033622173,0.508961717555306,0.5383300673648664
TRAIN_2705,0.0,0.33542764710567896,0.407199721624344,0.4586952105235976
TRAIN_2706,0.23,0.4942384734463463,0.48502050839481503,0.4917005488479582
TRAIN_2707,0.77,0.6099440520696727,0.5377928013970467,0.5672211122280543
TRAIN_2708,0.12,0.6541341570535026,0.5131384520274971,0.46198226145599486
TRAIN_2709,0.49,0.49034941752142136,0.4896937847906298,0.4904663020565651
TRAIN_2710,0.6,0.6040607762831346,0.6020255166639289,0.6004245515940162
TRAIN_2711,0.47,0.4525883232450858,0.4684829881149795,0.46469798010157515
TRAIN_2712,0.54,0.3825114506334466,0.3522888199611228,0.39225645219682137
TRAIN_2713,0.79,0.5191326529962492,0.5044510535624869,0.5183241282348848
TRAIN_2714,0.22,0.22990098936271436,0.22987061939664033,0.5938016725831917
TRAIN_2715,0.09,0.08977518006691365,0.08792046244755902,0.5716355381327476
TRAIN_2716,0.25,0.5007929428905828,0.5694417042545017,0.47737725653118557
TRAIN_2717,0.55,0.54127146350967,0.5552668397313367,0.540127765518521
TRAIN_2718,0.26,0.4481631865916623,0.49424473605245434,0.4472603015209141
TRAIN_2719,0.28,0.4689081258414664,0.47141914690756226,0.48397955011649274
TRAIN_2720,0.76,0.5245585556244551,0.5485531034033883,0.5781105662500989
TRAIN_2721,0.08,0.07480591319521407,0.07552727068264653,0.07350072185563994
TRAIN_2722,0.8,0.7974939087700195,0.8057176488132596,0.7959641240084847
TRAIN_2723,0.14,0.5289544813269639,0.3625168837216963,0.3624622544728995
TRAIN_2724,0.13,0.13172441067235785,0.13163153895789376,0.13161580505175796
TRAIN_2725,0.34,0.45816681091016587,0.45153691854145683,0.45313934599991634
TRAIN_2726,0.43,0.6736351288767504,0.6749207206549945,0.6781902378636941
TRAIN_2727,0.85,0.4655796882378803,0.46847670742734754,0.47061624879684427
TRAIN_2728,0.44,0.4295900392761799,0.4309880295706617,0.34336965218364723
TRAIN_2729,0.12,0.4474700630011524,0.46875861107269295,0.4726639050487515
TRAIN_2730,0.84,0.5492566141460423,0.54749279873339,0.5597850997288683
TRAIN_2731,0.96,0.30970370134995107,0.3467050662071639,0.3206501145076007
TRAIN_2732,0.08,0.3428993428535738,0.3636747229032544,0.36411814538551723
TRAIN_2733,0.93,0.9341407179229522,0.6753414758484848,0.935929390105732
TRAIN_2734,0.23,0.5518579089836436,0.5271179673924989,0.5565502852670955
TRAIN_2735,0.99,0.5018153583110467,0.4965053677475872,0.46300601658418983
TRAIN_2736,0.2,0.32540796610434003,0.3514488997863221,0.33810821095782057
TRAIN_2737,0.52,0.5203659902551756,0.5210083517586259,0.5206181006187874
TRAIN_2738,0.19,0.1944367472243525,0.19117023286305668,0.3817248072013431
TRAIN_2739,0.19,0.44577026028119315,0.48889380123163956,0.4468987326645453
TRAIN_2740,1.0,0.5069205603860718,0.5380886233611117,0.46794801966700045
TRAIN_2741,0.23,0.45368548588321245,0.46970675708741916,0.47212205012157005
TRAIN_2742,0.19,0.18905185730486174,0.1902182952967627,0.19027676877250838
TRAIN_2743,0.25,0.4939389444085961,0.6208351636490052,0.569066833715828
TRAIN_2744,0.75,0.5712311439104711,0.6903853678675026,0.6919637385648125
TRAIN_2745,0.8,0.5004300499591975,0.8009456189177561,0.8015714537032108
TRAIN_2746,0.51,0.44893811554661084,0.412448954759828,0.42225109329524524
TRAIN_2747,0.02,0.022432749892229376,0.02353195914447659,0.024070736252366498
TRAIN_2748,0.99,0.5330647743326348,0.6425739967122798,0.643877525033745
TRAIN_2749,0.54,0.44504088340471853,0.4570440622988832,0.5023371072302483
TRAIN_2750,0.28,0.2810981952940698,0.2816121251083208,0.28159157781253386
TRAIN_2751,0.71,0.7083377215792842,0.7105521840107278,0.7103043255918964
TRAIN_2752,0.54,0.4916595957303816,0.48235976737432795,0.49302559098905985
TRAIN_2753,0.83,0.5700887841242446,0.4118643180754147,0.41704318032272536
TRAIN_2754,0.69,0.36229782509462527,0.34321239485985205,0.3461695842209265
TRAIN_2755,1.0,0.47009839684519095,0.5273606108623263,0.5186939633114075
TRAIN_2756,0.77,0.7753761875152402,0.7760051274823014,0.7757958736549452
TRAIN_2757,0.57,0.4385659625896025,0.5517577716202712,0.5469915123201328
TRAIN_2758,0.75,0.5678025406395178,0.5651584960863001,0.5670314875832447
TRAIN_2759,0.26,0.45980517105846924,0.3809334378656341,0.3928160178212152
TRAIN_2760,0.82,0.48637455117567646,0.46568431868574434,0.492453082146717
TRAIN_2761,0.5,0.494155216700695,0.4885120202507144,0.5046603858856143
TRAIN_2762,0.34,0.34019033334199367,0.34246565392750117,0.33957610869179033
TRAIN_2763,0.14,0.5029497301159775,0.48568671363953797,0.41774756813194514
TRAIN_2764,0.29,0.36239569074320055,0.3559133830964887,0.3212836753372409
TRAIN_2765,0.25,0.23565527895198712,0.2477054580983249,0.24824579651967982
TRAIN_2766,0.51,0.4006271689591073,0.34420728626536146,0.41458843194267625
TRAIN_2767,0.82,0.5049242413794588,0.512012967950017,0.5001965561878854
TRAIN_2768,0.28,0.3626157888223791,0.3983863398692366,0.37112718616897583
TRAIN_2769,0.01,0.8348786523718423,0.6021836195985947,0.828816555256173
TRAIN_2770,0.74,0.6445833777390344,0.6221452861836692,0.6009495979650785
TRAIN_2771,0.31,0.4493271850517005,0.45570904140273705,0.4544113376480865
TRAIN_2772,0.75,0.7499567382532568,0.7498949136335018,0.7497722627461193
TRAIN_2773,0.87,0.5157379302376504,0.867589013780752,0.5154352877691314
TRAIN_2774,0.13,0.48862216941575304,0.5231034907936575,0.5134328995537176
TRAIN_2775,0.06,0.3826630446419658,0.4233775146163129,0.4220268442950834
TRAIN_2776,0.43,0.40205011410370195,0.4252961236804806,0.4138400301556096
TRAIN_2777,0.68,0.5259206753182674,0.47261963843622695,0.41114765384642527
TRAIN_2778,0.36,0.5135382072319675,0.5319113762022735,0.49856724409358055
TRAIN_2779,0.71,0.710014120964038,0.7101186176260768,0.7102311462933067
TRAIN_2780,0.2,0.49231392615905867,0.5227714715016016,0.48297404787978215
TRAIN_2781,0.9,0.9094180269726375,0.9069307740247217,0.5173379848571659
TRAIN_2782,0.28,0.489870893670083,0.49184103670402224,0.47897044575755776
TRAIN_2783,0.87,0.4665709805968561,0.48023996842326444,0.50051936828055
TRAIN_2784,0.96,0.47285748513319004,0.47552957735687296,0.48367356438201425
TRAIN_2785,0.9,0.8954049109196465,0.8979861051631045,0.5110690731460263
TRAIN_2786,0.42,0.4148232628690277,0.41399464024031024,0.5347971261739709
TRAIN_2787,0.02,0.021218279310331822,0.021299290183865005,0.4928112214356311
TRAIN_2788,0.59,0.4757156101053785,0.4656193536134571,0.4778541236948734
TRAIN_2789,0.98,0.5313204904124523,0.5797602957856048,0.959103769842524
TRAIN_2790,0.16,0.2709627385304851,0.35174820801021844,0.22431765639440365
TRAIN_2791,0.46,0.3820697524840241,0.5908963281923058,0.4068150780623011
TRAIN_2792,0.4,0.533358415146671,0.527321891977636,0.5254919771852488
TRAIN_2793,0.22,0.5228820583344271,0.48796805074822797,0.5078353285017954
TRAIN_2794,0.11,0.35862867784894176,0.3384028730682079,0.3679230609819799
TRAIN_2795,0.12,0.5019628841805803,0.5549623332487729,0.5541235620188145
TRAIN_2796,0.46,0.460148558814516,0.4608518218673271,0.43327037969794346
TRAIN_2797,0.84,0.576198427663141,0.5077240107910812,0.5994637470722699
TRAIN_2798,0.73,0.7303641501753853,0.7300599231278306,0.7291313151233202
TRAIN_2799,0.16,0.4726522769770215,0.5509404436467912,0.5213496233311246
TRAIN_2800,0.2,0.20091655577560907,0.20119482690422325,0.20051757997806663
TRAIN_2801,0.83,0.44697895540949645,0.8374020741971684,0.8317669973262714
TRAIN_2802,0.03,0.48290975594510865,0.43416909687595756,0.5180354207239178
TRAIN_2803,0.23,0.6361696386094422,0.6347206542527772,0.7195206610613487
TRAIN_2804,0.07,0.1339036323253126,0.13744860449572577,0.11345679566589278
TRAIN_2805,0.77,0.3264304985943127,0.3699318193352192,0.4263827626869131
TRAIN_2806,0.42,0.42083792890060534,0.3834674444082118,0.4617753554144317
TRAIN_2807,0.01,0.05037117155600018,0.05516337790398995,0.07380003811166008
TRAIN_2808,0.07,0.07879176566958962,0.07638789475258517,0.07335441043892743
TRAIN_2809,0.93,0.4458565614924876,0.45554561071400945,0.4827795244114518
TRAIN_2810,0.6,0.43298879980858024,0.44221454352976497,0.4053428018741664
TRAIN_2811,0.6,0.3659072205048212,0.33839502053788484,0.3703127001025271
TRAIN_2812,0.45,0.4415390393045911,0.4398942002294033,0.43725845198846813
TRAIN_2813,0.85,0.7234519794694092,0.5783879101208791,0.7376433689066225
TRAIN_2814,0.75,0.7234818021309395,0.7328598424444916,0.7342157226995072
TRAIN_2815,0.97,0.5561694840032957,0.6596307312001514,0.5396205595588777
TRAIN_2816,0.38,0.37932123205189133,0.36033466215353327,0.4084963210122475
TRAIN_2817,0.7,0.5407271144726676,0.50458335811918,0.560836918956105
TRAIN_2818,0.48,0.4648227467305633,0.46835623959899425,0.4663668012683048
TRAIN_2819,0.48,0.49658647919202964,0.42096428828709204,0.42063014098232915
TRAIN_2820,0.77,0.48285303855344996,0.500124048715308,0.4781621178863791
TRAIN_2821,0.55,0.6094989610651418,0.5482225466634021,0.5951070239039283
TRAIN_2822,0.78,0.7255414077821984,0.7484024433243133,0.7305170923616804
TRAIN_2823,0.25,0.28908939764911684,0.2952135039754984,0.333114559962431
TRAIN_2824,0.74,0.540875253472573,0.7369693608430187,0.5172090414118301
TRAIN_2825,0.48,0.4530037170341193,0.3203624116208068,0.4503486555456241
TRAIN_2826,0.16,0.1550718488293285,0.47716848771403025,0.14534947426909212
TRAIN_2827,0.99,0.4657301696455301,0.4647444989793472,0.45346626369450665
TRAIN_2828,0.62,0.5316603553743604,0.6196473095432704,0.6197058635343584
TRAIN_2829,0.87,0.5627445629355738,0.5153214444644368,0.5651630952910689
TRAIN_2830,0.92,0.6716706887662425,0.6491981495773715,0.6540766249491017
TRAIN_2831,0.41,0.6206838925972216,0.6079644573047479,0.5991497245831658
TRAIN_2832,0.33,0.34658150206700267,0.33890389493392553,0.345061670708724
TRAIN_2833,0.26,0.30488542440170335,0.3803274937152538,0.43447212729069995
TRAIN_2834,0.74,0.555934446368634,0.5503242743629129,0.5585111744155525
TRAIN_2835,0.4,0.3747108550930853,0.37656455348844586,0.4505071835462218
TRAIN_2836,0.95,0.6305615161567528,0.6032213446150095,0.6295277077934527
TRAIN_2837,0.02,0.5895478821746218,0.034648664955636455,0.03508032934136446
TRAIN_2838,0.27,0.2713091334722592,0.5303079206616996,0.27094428850766483
TRAIN_2839,0.36,0.3604034891298954,0.5861920647371486,0.3601948506175988
TRAIN_2840,0.75,0.4818591641306986,0.4938230805836025,0.5034929019443106
TRAIN_2841,0.12,0.4988445885308991,0.5494276280840994,0.5166011006941809
TRAIN_2842,0.74,0.7272801335475677,0.7071998637996261,0.7135327760484214
TRAIN_2843,0.31,0.5968771834120086,0.3045286551288141,0.30339860173898436
TRAIN_2844,0.88,0.5498193149822916,0.5385638268290038,0.5507644767721067
TRAIN_2845,0.24,0.2437277627193027,0.5626692499153212,0.24201863886548913
TRAIN_2846,0.59,0.5074378564968832,0.5136523686381484,0.462083741522119
TRAIN_2847,0.63,0.5203445738949177,0.5090995974864334,0.5358504216428537
TRAIN_2848,0.47,0.413935870353223,0.391424103291517,0.4078388146922352
TRAIN_2849,0.43,0.47602360118033193,0.4822215265255608,0.463876340107872
TRAIN_2850,0.23,0.4482057848473088,0.24585886345842523,0.24396841974207728
TRAIN_2851,0.78,0.4269338558682577,0.44335496586208073,0.41967370071689547
TRAIN_2852,0.69,0.3702053121738671,0.3666186016393551,0.4283162375310875
TRAIN_2853,0.35,0.45640348948130166,0.48229739380358605,0.5119917710268532
TRAIN_2854,0.23,0.25567693508551015,0.2460970644269026,0.2537759072792432
TRAIN_2855,0.75,0.7503126124154194,0.7481895927462382,0.7484573245682365
TRAIN_2856,0.18,0.33664756949398034,0.3516522229516201,0.308038134650347
TRAIN_2857,0.03,0.10209060883189763,0.12601551537260502,0.14681604745529508
TRAIN_2858,0.99,0.5859272701002397,0.5179916196767377,0.5094433355814905
TRAIN_2859,0.88,0.4933995510566801,0.4989033342056658,0.49253571919896916
TRAIN_2860,0.24,0.49049189815735,0.2437363764371121,0.44838626140016524
TRAIN_2861,0.19,0.28422771786410195,0.26878049354989586,0.26856053176802797
TRAIN_2862,0.43,0.4286865932846155,0.4321867723025959,0.4324692698542867
TRAIN_2863,0.65,0.4740387183429806,0.46275413181402364,0.47956445335847236
TRAIN_2864,0.4,0.41606886320709346,0.40625477132357696,0.4056549502327276
TRAIN_2865,0.48,0.4937236693453505,0.4709331409563701,0.45753145503580606
TRAIN_2866,0.59,0.46764770420207113,0.4844887907481545,0.49125182331042033
TRAIN_2867,0.11,0.5405268413775044,0.4963751287945999,0.5469609787969284
TRAIN_2868,0.88,0.3740423396365904,0.41674967361502613,0.41432015053271476
TRAIN_2869,1.0,1.0,1.0,1.0
TRAIN_2870,0.27,0.48363609647082845,0.5024306583756202,0.5139252434623027
TRAIN_2871,0.07,0.23647159642403587,0.22677199829654604,0.46511186804308874
TRAIN_2872,0.93,0.9235653652633075,0.668554822034618,0.9234074476058991
TRAIN_2873,0.16,0.15724527198265686,0.15765974282599643,0.157854258267971
TRAIN_2874,0.92,0.46482321383809644,0.473146794971675,0.46345849405370754
TRAIN_2875,0.67,0.4356552224485387,0.43606234196672766,0.44648733044414685
TRAIN_2876,0.13,0.23865874863495984,0.27265591117370275,0.20127884511469613
TRAIN_2877,0.97,0.9690472182822905,0.9693718161163405,0.9695326076385535
TRAIN_2878,0.7,0.553181060330081,0.5566513002968503,0.5954401735905801
TRAIN_2879,0.84,0.4950133778292935,0.5565306136649542,0.562327908823138
TRAIN_2880,0.26,0.590782265796915,0.5980102656546125,0.6177780607732272
TRAIN_2881,0.02,0.4937131962607838,0.4170307778990956,0.3983137692567166
TRAIN_2882,0.88,0.47487821134354713,0.47177235700049736,0.493513045512068
TRAIN_2883,0.0,0.13015315645600867,0.16491960713747023,0.16693344425311807
TRAIN_2884,0.16,0.1889365363040152,0.1882833827953181,0.36560435581175077
TRAIN_2885,0.21,0.21157324085972484,0.23650271394200073,0.21443250241659945
TRAIN_2886,0.91,0.3285810342075474,0.38783929744679607,0.4407348107838593
TRAIN_2887,0.95,0.651454556181618,0.6210739951224811,0.6249475650066163
TRAIN_2888,0.03,0.5321658413157535,0.03009759439023224,0.030490952535178695
TRAIN_2889,0.68,0.5138364205071085,0.544203393790194,0.5337737616712979
TRAIN_2890,0.82,0.44418937097439853,0.6008867908308344,0.586872463592813
TRAIN_2891,0.09,0.25419552525037925,0.23384841624726682,0.46610340058235766
TRAIN_2892,1.0,0.5107530334401184,0.49188234469092235,0.4638861213387575
TRAIN_2893,0.48,0.60148564619487,0.5639791221004622,0.580250654047652
TRAIN_2894,0.84,0.8393065024574351,0.8392107035259571,0.8396954430228423
TRAIN_2895,0.02,0.5173072683663855,0.4376014982869169,0.4306886606565756
TRAIN_2896,0.37,0.590582717593519,0.5955902878654002,0.34054294160245085
TRAIN_2897,0.74,0.39116806003071686,0.723251705505543,0.7228601780004964
TRAIN_2898,0.27,0.37964909656979967,0.3851068051247304,0.5359752200268332
TRAIN_2899,0.33,0.4555645787710889,0.45300107626835495,0.4911915135280159
TRAIN_2900,0.14,0.13266272096263065,0.17697512635684837,0.17317312573412175
TRAIN_2901,0.44,0.4676374778224416,0.4887212294654554,0.49778135743574087
TRAIN_2902,0.7,0.4016140218745537,0.700103031277289,0.6998726447631489
TRAIN_2903,0.13,0.19000573692348838,0.2338498880698941,0.19367540827614804
TRAIN_2904,0.14,0.4969297264496617,0.5228222075635456,0.5536480091655918
TRAIN_2905,0.18,0.4164298563120188,0.2208326840735243,0.22403637903235857
TRAIN_2906,0.75,0.3552856907264084,0.3514387020262622,0.4327443105569989
TRAIN_2907,0.65,0.5153880132844832,0.5206469500623617,0.5221801914433508
TRAIN_2908,0.96,0.959491559607559,0.9593664494901741,0.9595529605492683
TRAIN_2909,0.43,0.42895035148685556,0.425973325438845,0.42738898949305415
TRAIN_2910,0.38,0.3277555682847728,0.3398283943498348,0.42409532088234764
TRAIN_2911,0.33,0.531741688157579,0.573366312567346,0.5586174708093532
TRAIN_2912,0.19,0.18947882812043337,0.18766023722789243,0.3798705850620877
TRAIN_2913,0.91,0.9133768828146128,0.452184940851222,0.4899143392385273
TRAIN_2914,0.33,0.43072875252519427,0.48920243359579174,0.4193055534831265
TRAIN_2915,0.93,0.4147602948493671,0.8398824502145773,0.8428337051320032
TRAIN_2916,0.08,0.3586401827003595,0.38406643071164265,0.37737403169289113
TRAIN_2917,0.53,0.4304637979480954,0.45756184342289197,0.37971831840725767
TRAIN_2918,0.87,0.5155174237194778,0.865216225788706,0.5149628176332619
TRAIN_2919,0.72,0.4560875481754779,0.42397757231508637,0.47554751250348476
TRAIN_2920,0.9,0.9020279635355903,0.9108400843490577,0.9084609696041708
TRAIN_2921,0.82,0.3708531831011912,0.4388364737511664,0.40715694657931434
TRAIN_2922,0.18,0.1777456309121968,0.184480281909233,0.5380650471659817
TRAIN_2923,0.63,0.4972579264712824,0.5305518193612568,0.5506055086367635
TRAIN_2924,0.76,0.7764334042152023,0.761446503728602,0.6439006461378954
TRAIN_2925,0.6,0.5118440174761596,0.5114421444371148,0.5050112672717728
TRAIN_2926,0.27,0.2704358247763126,0.2676775229450152,0.6416547125282855
TRAIN_2927,0.75,0.38379653808576525,0.7423479902250241,0.7433951661749735
TRAIN_2928,0.02,0.562383273218559,0.6021367813739819,0.6021156561344685
TRAIN_2929,0.84,0.5336452279613759,0.5361015451560721,0.5322272928942994
TRAIN_2930,0.26,0.3987250657863678,0.4320717271557561,0.44810070828530735
TRAIN_2931,0.51,0.4649914227983074,0.48140898357083756,0.48061759761181483
TRAIN_2932,0.16,0.14333075137797824,0.15530226207379144,0.1342996611544332
TRAIN_2933,0.65,0.4579535708526509,0.3804216598088825,0.495007092916231
TRAIN_2934,0.82,0.8214094109831782,0.5660657070517253,0.8204714713809813
TRAIN_2935,0.64,0.6497191635497944,0.6458349881952807,0.6428871713580833
TRAIN_2936,0.88,0.4907442262808858,0.4945832971152464,0.5175771535461358
TRAIN_2937,0.83,0.5099236342748114,0.5365453319213981,0.4987223033040599
TRAIN_2938,0.45,0.4916858791553819,0.5085056317827912,0.48645644782117486
TRAIN_2939,0.72,0.5738914396965415,0.5041202774213522,0.5431263235946717
TRAIN_2940,0.2,0.38988496904524356,0.3803023127640688,0.3801184762601784
TRAIN_2941,0.05,0.532511239024865,0.31920600965384366,0.3256311530071542
TRAIN_2942,0.17,0.219325888166724,0.2072235273252962,0.2035521194307816
TRAIN_2943,0.23,0.4846852882813303,0.5024055782788406,0.5052485295390216
TRAIN_2944,0.22,0.5966021019328458,0.576152162951901,0.6242422859761706
TRAIN_2945,0.04,0.5391958700138743,0.5365619913836356,0.5256406513998509
TRAIN_2946,0.16,0.20167197171055457,0.2117306056052939,0.21685674383504733
TRAIN_2947,0.16,0.46243544824378036,0.520658274322999,0.459293509775437
TRAIN_2948,0.15,0.5172795201658028,0.4602713681189682,0.4435459888178337
TRAIN_2949,0.19,0.39260755229456545,0.31331962879534997,0.3812811658091674
TRAIN_2950,0.03,0.36386181330985723,0.4335175456592357,0.3297526388953702
TRAIN_2951,0.18,0.4034013857415786,0.42679920091140094,0.5809272532162579
TRAIN_2952,0.0,0.04690005883033094,0.046730686671168475,0.04536415471641764
TRAIN_2953,0.07,0.41988855214056736,0.40990599767502073,0.42020305941649416
TRAIN_2954,0.03,0.5872644566978992,0.6143422420535609,0.6124009510565166
TRAIN_2955,0.24,0.32520485591382353,0.3266104949023146,0.3016149971141691
TRAIN_2956,0.11,0.11134669162279254,0.11081005550966311,0.1108672016435091
TRAIN_2957,0.0,0.6605691861869314,0.5640833110923826,0.695895219256148
TRAIN_2958,0.1,0.25771273450184373,0.2866309897663032,0.5179275609404581
TRAIN_2959,0.13,0.48108643554104125,0.4384454241552299,0.44805880998493247
TRAIN_2960,0.15,0.1496945001739996,0.1508251945527278,0.15062413269392005
TRAIN_2961,0.09,0.3992167667840202,0.5504896428800055,0.4802037248407153
TRAIN_2962,0.23,0.3412953734368721,0.36685274122378475,0.3782940902802258
TRAIN_2963,0.0,0.04636236368354785,0.050038611083402074,0.05378267293577549
TRAIN_2964,0.16,0.5168006250530573,0.5557709714226181,0.5021802322558583
TRAIN_2965,0.02,0.5243164351060127,0.5345077558680517,0.5281510629587159
TRAIN_2966,0.01,0.4691628055319093,0.4821022497488557,0.46872185515261877
TRAIN_2967,0.12,0.5969599446014864,0.5638233069672438,0.5844496594506152
TRAIN_2968,0.14,0.13809086578704477,0.149234525500956,0.12948881728784073
TRAIN_2969,0.08,0.47893125931754116,0.08288523033798112,0.08669861181711336
TRAIN_2970,0.16,0.39798160651553777,0.4048130072715173,0.3436066180778229
TRAIN_2971,0.15,0.1539048743248873,0.15379694642549774,0.1537595725091932
TRAIN_2972,0.17,0.4692119637129926,0.5117127887514596,0.4931917025464971
TRAIN_2973,0.02,0.026139773054434656,0.022279868520238888,0.028141943596454555
TRAIN_2974,0.04,0.49536232753632997,0.5733698006102287,0.5678886292966949
TRAIN_2975,0.15,0.5011842731962275,0.5081421582254275,0.5163989066946211
TRAIN_2976,0.07,0.12947335906500052,0.4647599427243195,0.3703313634011041
TRAIN_2977,0.17,0.23746368114495847,0.292491712481884,0.378484402547228
TRAIN_2978,0.24,0.2772930852480566,0.2849249165722101,0.2768037329183734
TRAIN_2979,0.17,0.5245392251768439,0.22042920155561724,0.23737926017022365
TRAIN_2980,0.16,0.5414817886881691,0.5562559414296693,0.5266114074218392
TRAIN_2981,0.08,0.08420469774246436,0.07958118213120963,0.07710477097910434
TRAIN_2982,0.11,0.4038950865533468,0.11310870818325236,0.12458880199779038
TRAIN_2983,0.02,0.4719181324564242,0.037779246429464064,0.035680287978360536
TRAIN_2984,0.04,0.4448676454516684,0.5167396389234615,0.5343562689385668
TRAIN_2985,0.03,0.4872666483532807,0.49813299707166586,0.5090241799369747
TRAIN_2986,0.07,0.10834099788205542,0.09746340374716522,0.09483425596707451
TRAIN_2987,0.08,0.6218356349225307,0.6881394067485871,0.6736581687558927
TRAIN_2988,0.13,0.17503540203506646,0.4905577360878677,0.5546916346048825
TRAIN_2989,0.14,0.23861825380538643,0.22451417218564212,0.16225461580138395
TRAIN_2990,0.09,0.47912241238391406,0.4792979006652996,0.48230932701732254
TRAIN_2991,0.12,0.28398907186278566,0.2849058741008372,0.2876606307480454
TRAIN_2992,0.16,0.5500345298843636,0.17683942392566537,0.17248525436802686
TRAIN_2993,0.08,0.3450679664989421,0.33620419399958834,0.3534992755128892
TRAIN_2994,0.04,0.4485520698467633,0.4612493783710018,0.45615901896918365
TRAIN_2995,0.02,0.461905449260597,0.41976544705427243,0.48253906115902107
TRAIN_2996,0.16,0.17410785199908468,0.16561719397347374,0.16274655389934872
TRAIN_2997,0.16,0.18345109797500497,0.20047825992582258,0.20068928117264057
TRAIN_2998,0.18,0.49742104026317946,0.47603593149335405,0.48518668644094504
TRAIN_2999,0.04,0.4782885718328739,0.037639135950013836,0.0374800022669452
