ID,pred_mean,pred_calibrated
TRAIN_0000,0.430389859887565,0.4098355430257991
TRAIN_0001,0.7259581605236498,0.7851484238942864
TRAIN_0002,0.5526832557306306,0.5598519469843607
TRAIN_0003,0.1700486845705713,0.15587368390951334
TRAIN_0004,0.3338315100195501,0.2598718145075388
TRAIN_0005,0.830122906066422,0.8355860878904968
TRAIN_0006,0.4685295450373671,0.4754072381330001
TRAIN_0007,0.4682913141762071,0.4751690072718402
TRAIN_0008,0.3653470600715698,0.2913873645595585
TRAIN_0009,0.85002512817508,0.8561317740409375
TRAIN_0010,0.4476109685838144,0.4413609154763174
TRAIN_0011,0.4955852200939787,0.5041869104746851
TRAIN_0012,0.3746246924337986,0.3391090600844038
TRAIN_0013,0.4720032897584527,0.47686281089648364
TRAIN_0014,0.0437268562721635,0.03103384892638166
TRAIN_0015,0.277230283038052,0.17986844414278702
TRAIN_0016,0.4421217164983682,0.41752529023859736
TRAIN_0017,0.3000549548255131,0.2177885492674048
TRAIN_0018,0.5073334718608827,0.5411373462766105
TRAIN_0019,0.5659654592931296,0.5782609850583866
TRAIN_0020,0.4954911151551358,0.49738667034195705
TRAIN_0021,0.5450272746070329,0.552195965860763
TRAIN_0022,0.5165862774108331,0.5467475711816314
TRAIN_0023,0.4255880355645988,0.4103328176232083
TRAIN_0024,0.3961821354453008,0.360666503095906
TRAIN_0025,0.5021062834598943,0.5040018386467155
TRAIN_0026,0.3414839679414501,0.26537027376796946
TRAIN_0027,0.2467312897653538,0.14936945087008885
TRAIN_0028,0.8070870832506364,0.8125502650747112
TRAIN_0029,0.2888317493983018,0.2065653438401935
TRAIN_0030,0.5345107669181952,0.5659994850996205
TRAIN_0031,0.5554510918617693,0.5677466176270265
TRAIN_0032,0.3187910269186206,0.24889215601624942
TRAIN_0033,0.480372036197525,0.4869905606300049
TRAIN_0034,0.3638566770547134,0.29395780615234224
TRAIN_0035,0.4285258721176492,0.41207949904698654
TRAIN_0036,0.6075423674807346,0.6407774619919615
TRAIN_0037,0.5562463357485866,0.5684005426460701
TRAIN_0038,0.7861900259280281,0.7936953567589509
TRAIN_0039,0.7263301476582198,0.7342650876898389
TRAIN_0040,0.5708992878835648,0.6090895624548209
TRAIN_0041,0.4675182031277243,0.47237772426575525
TRAIN_0042,0.1335631119768474,0.11938811131578943
TRAIN_0043,0.7280934968238825,0.7355988276548053
TRAIN_0044,0.4975185952709881,0.5070083472011756
TRAIN_0045,0.4732474285403121,0.4745362678101511
TRAIN_0046,0.4111418844191636,0.37562625206976874
TRAIN_0047,0.5254263426670717,0.556915060848497
TRAIN_0048,0.4623848687372474,0.4692625618328804
TRAIN_0049,0.4866617428307644,0.5103161839096728
TRAIN_0050,0.4120883740167185,0.4012606112631575
TRAIN_0051,0.1340019542244242,0.11948299911893956
TRAIN_0052,0.3187049809750832,0.24773817367884432
TRAIN_0053,0.421518514819651,0.4009641979578851
TRAIN_0054,0.4527617213175728,0.45248496427751994
TRAIN_0055,0.0871616154893636,0.07446860814358176
TRAIN_0056,0.4915083617548711,0.49931662726005926
TRAIN_0057,0.5284581485045736,0.5407322105916733
TRAIN_0058,0.6895614706364195,0.7532275969121351
TRAIN_0059,0.3641341350854384,0.29017443957342715
TRAIN_0060,0.459472651830599,0.47156629372841224
TRAIN_0061,0.5291334889723321,0.5445350364306328
TRAIN_0062,0.5147228990580026,0.5339646429046888
TRAIN_0063,0.5395203431312438,0.5516745500287272
TRAIN_0064,0.4473960367487458,0.45948967864655904
TRAIN_0065,0.5241626945882403,0.539564242046541
TRAIN_0066,0.4483822070493761,0.46047584894718935
TRAIN_0067,0.9996068082992906,1.0
TRAIN_0068,0.2140990318179153,0.12127557144521645
TRAIN_0069,0.0390880159320027,0.02639500858622086
TRAIN_0070,0.485885519312405,0.5095399603913133
TRAIN_0071,0.4313473778870706,0.4107930610253047
TRAIN_0072,0.7606002400525073,0.7685351800841262
TRAIN_0073,0.9884608209423268,0.9963957609739458
TRAIN_0074,0.3557483819325355,0.2858495110301643
TRAIN_0075,0.4660687768141935,0.4733882251197463
TRAIN_0076,0.639303453996525,0.6964626234588777
TRAIN_0077,0.4460152575063819,0.44738367739849155
TRAIN_0078,0.4714514207275814,0.47631094186561235
TRAIN_0079,0.7510449851755266,0.7589799252071456
TRAIN_0080,0.3949003110807658,0.37763442342204057
TRAIN_0081,0.4478611077542678,0.44922952764637747
TRAIN_0082,0.4650776512029367,0.4719553442985698
TRAIN_0083,0.8301692726464776,0.8365644834406392
TRAIN_0084,0.5312925623564813,0.5677592467257128
TRAIN_0085,0.5101954789107737,0.5403567726815719
TRAIN_0086,0.4977240036271067,0.5112594578540104
TRAIN_0087,0.4785478088348973,0.4904004819089026
TRAIN_0088,0.6498145936449508,0.7069737631073034
TRAIN_0089,0.4957168244760204,0.5092522787029241
TRAIN_0090,0.516735815050484,0.5359775588971702
TRAIN_0091,0.5502470938357529,0.5577912273728348
TRAIN_0092,0.5022350004209816,0.5108366908016879
TRAIN_0093,0.7286721585780892,0.7361774894090121
TRAIN_0094,0.5365262481677161,0.5729929325369476
TRAIN_0095,0.7598257391783344,0.7662209499724959
TRAIN_0096,0.4903201655463174,0.5021728386203227
TRAIN_0097,0.1495702489814165,0.1370129437118203
TRAIN_0098,0.4858309330958688,0.49768360616987406
TRAIN_0099,0.485189761390109,0.5005809627510339
TRAIN_0100,0.6507570556409631,0.7130568149051415
TRAIN_0101,0.2241236465818987,0.12676180768663375
TRAIN_0102,0.581866204243007,0.6151012987542337
TRAIN_0103,0.4817043984765762,0.4970955998375012
TRAIN_0104,0.3281994479989102,0.2572326407026713
TRAIN_0105,0.4629977357014431,0.4698754287970761
TRAIN_0106,0.3000732660926989,0.2432636637271034
TRAIN_0107,0.4987422142701799,0.5007801209251945
TRAIN_0108,0.1643480470976917,0.15165503975190986
TRAIN_0109,0.4730342922700494,0.47789381340808035
TRAIN_0110,0.6094629072984076,0.6401107561808466
TRAIN_0111,0.5700846881155737,0.6007325369980128
TRAIN_0112,0.524810156298869,0.5370842183859686
TRAIN_0113,0.4963972704968687,0.49829282568369004
TRAIN_0114,0.4750108738438094,0.4818885669394425
TRAIN_0115,0.4092212290748707,0.3983934663213097
TRAIN_0116,0.6792439759186849,0.7364031453810376
TRAIN_0117,0.6686442664484807,0.7323103927241964
TRAIN_0118,0.1791530465554991,0.16463409145001445
TRAIN_0119,0.4387628726021693,0.41181804137941674
TRAIN_0120,0.6301949647501565,0.6873541342125091
TRAIN_0121,0.7780002693516065,0.7834634511756813
TRAIN_0122,0.5408463429067429,0.5483904764438249
TRAIN_0123,0.5457119306377893,0.5580074564030464
TRAIN_0124,0.4941031573926999,0.5076386116196036
TRAIN_0125,0.459398675403889,0.453148622296392
TRAIN_0126,0.5955531491202998,0.633743423691556
TRAIN_0127,0.5396456752697604,0.5519412010350175
TRAIN_0128,0.5099610571856151,0.53138188069496
TRAIN_0129,0.5044934063288079,0.5063889615156292
TRAIN_0130,0.3292800401659906,0.2583132328697517
TRAIN_0131,0.5183633974381866,0.548524691208985
TRAIN_0132,0.4870565771932426,0.5107110182721509
TRAIN_0133,0.2476485722967701,0.1514057365285707
TRAIN_0134,0.6285176739337457,0.6877079373043823
TRAIN_0135,0.2235229534689276,0.12616111457366264
TRAIN_0136,0.466744828312421,0.47362252140805405
TRAIN_0137,0.4590284830654728,0.46039690295758245
TRAIN_0138,0.444256926104277,0.41966049984450615
TRAIN_0139,0.5231607738327592,0.553523515030629
TRAIN_0140,0.4727518734125782,0.47761139455060914
TRAIN_0141,0.4127014952604717,0.4018737325069106
TRAIN_0142,0.5408870986966917,0.5480557899504218
TRAIN_0143,0.4792835594721485,0.4911362325461538
TRAIN_0144,0.3743996475108795,0.3635718847573185
TRAIN_0145,0.4999742751901261,0.5085759655708325
TRAIN_0146,0.4939599447961013,0.5025616351768076
TRAIN_0147,0.498543049558849,0.5004386047456703
TRAIN_0148,0.1840453258141306,0.17086015558032142
TRAIN_0149,0.5050789455363979,0.5243206893830841
TRAIN_0150,0.4800417685223647,0.4813306077922037
TRAIN_0151,0.4201813511193413,0.39323651989658875
TRAIN_0152,0.4891115162673516,0.49691978177253976
TRAIN_0153,0.5159268764898131,0.5497307509055409
TRAIN_0154,0.3690819640751659,0.3582542013216049
TRAIN_0155,0.4623646373932275,0.45846024857938117
TRAIN_0156,0.4405590916274355,0.4200047747656696
TRAIN_0157,0.8858549517560363,0.8937898917876554
TRAIN_0158,0.2705626855722864,0.17320084667702146
TRAIN_0159,0.4663650320218737,0.47324272511750676
TRAIN_0160,0.4708075973529926,0.47812704565854536
TRAIN_0161,0.6716648611909967,0.7308551245616333
TRAIN_0162,0.4433434645430404,0.4447118844351501
TRAIN_0163,0.6053806285013513,0.6443962561722171
TRAIN_0164,0.2586543715261618,0.16583091115346293
TRAIN_0165,0.5870521620160002,0.6258604139076077
TRAIN_0166,0.6116345975621463,0.6448696920733732
TRAIN_0167,0.5459219633915854,0.5689167049128356
TRAIN_0168,0.6426971875954902,0.7018874509661268
TRAIN_0169,0.0809898034258367,0.06829679608005486
TRAIN_0170,0.6014383340088136,0.6404539616796794
TRAIN_0171,0.4964050378167506,0.5099404920436543
TRAIN_0172,0.726414622219092,0.7900807484948077
TRAIN_0173,0.2597279065325659,0.1662585481147097
TRAIN_0174,0.2915253806702282,0.198056022252372
TRAIN_0175,0.7224750835849797,0.7816653469556163
TRAIN_0176,0.1112338248615989,0.09671486975611425
TRAIN_0177,0.4890557664094277,0.4956742908419076
TRAIN_0178,0.6510088719088233,0.7197272618026793
TRAIN_0179,0.7351781483200054,0.7426834791509282
TRAIN_0180,0.4807003124978251,0.5043547535767334
TRAIN_0181,0.8360153787995929,0.8435207096305157
TRAIN_0182,0.3257924718786654,0.2548256645824265
TRAIN_0183,0.4505002878636059,0.46259392976141916
TRAIN_0184,0.5011007712922219,0.5029963264790431
TRAIN_0185,0.0755538859584262,0.061378885297368235
TRAIN_0186,0.4785113335136211,0.4798001727834601
TRAIN_0187,0.509386617773779,0.5431904921895068
TRAIN_0188,0.2986845365720647,0.21641813101395638
TRAIN_0189,0.5033120759954165,0.5052076311822378
TRAIN_0190,0.6180142810492669,0.6562045556205232
TRAIN_0191,0.5066241201962451,0.5364383913032211
TRAIN_0192,0.4946287844480448,0.4965243396348661
TRAIN_0193,0.2742305036871909,0.18076114526933468
TRAIN_0194,0.3486224772522475,0.2746627817402362
TRAIN_0195,0.2435176750260891,0.15069421465339025
TRAIN_0196,0.3951501877119323,0.3843224249583712
TRAIN_0197,0.5314985442606623,0.5618612854585323
TRAIN_0198,0.4733379084325382,0.4746267477023772
TRAIN_0199,0.5028122017569635,0.5163476559838671
TRAIN_0200,0.2006578212040998,0.18796481385831798
TRAIN_0201,0.4128046767425584,0.3955387890838331
TRAIN_0202,0.5367284076784853,0.549002469765585
TRAIN_0203,0.4012550753223166,0.3904273125687555
TRAIN_0204,0.2092877940426333,0.19476883893714866
TRAIN_0205,0.434564271236101,0.4140099543743351
TRAIN_0206,0.4866784588455666,0.510332899924475
TRAIN_0207,0.5430384810501235,0.5660332225713738
TRAIN_0208,0.4495923433555376,0.4509607632476473
TRAIN_0209,0.4927277573896076,0.5062632116165113
TRAIN_0210,0.550381673862453,0.5733764153837031
TRAIN_0211,0.5455648378952813,0.5577190447927647
TRAIN_0212,0.9476047557534564,0.9551100865843791
TRAIN_0213,0.4923407442960861,0.5009424346767926
TRAIN_0214,0.9882160200311366,0.9946112308252981
TRAIN_0215,0.2223586937950443,0.12953523342234546
TRAIN_0216,0.5614573539363383,0.5736115608338217
TRAIN_0217,0.4706815439831475,0.4719703832529865
TRAIN_0218,0.634745291728063,0.6939355550986996
TRAIN_0219,0.4538142745295427,0.4535375174894899
TRAIN_0220,0.6345619498758079,0.7032803397696641
TRAIN_0221,0.5308448906476229,0.5431189527347225
TRAIN_0222,0.5070718443319698,0.526313588178656
TRAIN_0223,0.5219026170151532,0.5583693013843847
TRAIN_0224,0.7223375092694725,0.7910558991633285
TRAIN_0225,0.4626871878641372,0.46754670900216816
TRAIN_0226,0.4416781850656395,0.4170817588058687
TRAIN_0227,0.5160512034510591,0.5458654745580351
TRAIN_0228,0.547418268334201,0.5704130098554512
TRAIN_0229,0.2134786103925753,0.20078560304679344
TRAIN_0230,0.4922532937905833,0.5159077348694917
TRAIN_0231,0.4439816567620132,0.44370489972196037
TRAIN_0232,0.4427168289586857,0.4424400719186329
TRAIN_0233,0.3578108787699309,0.286844071473692
TRAIN_0234,0.4859757214341402,0.49782839450814553
TRAIN_0235,0.433417763350842,0.4128634464890761
TRAIN_0236,0.508313130673909,0.529733954183254
TRAIN_0237,0.6867335521839255,0.7459238155545621
TRAIN_0238,0.0749521906494361,0.062259183303654264
TRAIN_0239,0.472322029302554,0.47361086857239304
TRAIN_0240,0.4610030620873622,0.46832251039291495
TRAIN_0241,0.2557151406218985,0.16289168024919964
TRAIN_0242,0.5235825416137487,0.5389840890720494
TRAIN_0243,0.5338590800899466,0.5642218212878165
TRAIN_0244,0.4804604711495517,0.4958516725104767
TRAIN_0245,0.7105921830485818,0.7742583093242975
TRAIN_0246,0.170068797199997,0.1568836269661878
TRAIN_0247,0.4773199289980002,0.48419762209363326
TRAIN_0248,0.3038514865363307,0.23395261563395953
TRAIN_0249,0.5528992793760477,0.5604434129131296
TRAIN_0250,0.4861759874484098,0.5098304285273182
TRAIN_0251,0.4593325034793811,0.47142614537719435
TRAIN_0252,0.6513563081458557,0.7105465715164923
TRAIN_0253,0.4613143887034185,0.46103763166336564
TRAIN_0254,0.5741243682727674,0.6123146428440236
TRAIN_0255,0.5108830918947413,0.5446869663104692
TRAIN_0256,0.606992173131288,0.6458004250228955
TRAIN_0257,0.5692702371049324,0.5814244440024159
TRAIN_0258,0.4986442436751734,0.5072459340558798
TRAIN_0259,0.4926343812374156,0.516288822316324
TRAIN_0260,0.5053143180828713,0.5072098732696926
TRAIN_0261,0.5245546806610392,0.554917421858909
TRAIN_0262,0.4486938584024679,0.45006227829457757
TRAIN_0263,0.5000042179869933,0.513539672213897
TRAIN_0264,0.4498269557457832,0.4459225669319369
TRAIN_0265,0.4139458356771794,0.3966799480184542
TRAIN_0266,0.5531660741857803,0.5607102077228623
TRAIN_0267,0.4466915676809734,0.4404415145734764
TRAIN_0268,0.4565290320774322,0.46862267397524543
TRAIN_0269,0.7668793701985042,0.7743847010294269
TRAIN_0270,0.4389177517303806,0.4143213254706098
TRAIN_0271,0.4976225182280401,0.5071122701582276
TRAIN_0272,0.5104549228037863,0.5296966666504725
TRAIN_0273,0.3399385296196957,0.26382483544621504
TRAIN_0274,0.5705512764158424,0.6093595283074499
TRAIN_0275,0.4657561738220698,0.4726338669177028
TRAIN_0276,0.7575951003161494,0.763990311110311
TRAIN_0277,0.5271599881631739,0.5575227293610439
TRAIN_0278,0.3713883488524321,0.3605605860988711
TRAIN_0279,0.4574756603015717,0.4571989032615189
TRAIN_0280,0.5096888892285231,0.5289306330752093
TRAIN_0281,0.496795184023714,0.4986907392105353
TRAIN_0282,0.280555089765987,0.18431225399778758
TRAIN_0283,0.385400621875203,0.3681347342164778
TRAIN_0284,0.0232724732802536,0.010087303046444396
TRAIN_0285,0.5102819193783881,0.531702742887733
TRAIN_0286,0.3924664062569776,0.3752005185982523
TRAIN_0287,0.5228648139985426,0.5382663614568433
TRAIN_0288,0.2035204091169788,0.1909631038473826
TRAIN_0289,0.3730869998503578,0.36225923709679675
TRAIN_0290,0.1332710014509937,0.11909600078993572
TRAIN_0291,0.4861180407000907,0.4927365651325706
TRAIN_0292,0.1455133447327235,0.13099438962723886
TRAIN_0293,0.6895217222014164,0.746680891663769
TRAIN_0294,0.9600512489949464,0.966446459789108
TRAIN_0295,0.590863029815296,0.621510878697735
TRAIN_0296,0.46566817137992,0.47601930813817306
TRAIN_0297,0.3196480767276786,0.24353438255419796
TRAIN_0298,0.3822433234310791,0.36497743577235386
TRAIN_0299,0.5166448866594968,0.546806180430295
TRAIN_0300,0.6229102981242596,0.6535581470066987
TRAIN_0301,0.4057558655595316,0.3884899779008063
TRAIN_0302,0.5070339981385535,0.5262757419852397
TRAIN_0303,0.5095769012841841,0.5397381950549824
TRAIN_0304,0.4512250680498346,0.4449750149423376
TRAIN_0305,0.5059178276375144,0.5078133828243356
TRAIN_0306,0.4659633454260841,0.47328279373163684
TRAIN_0307,0.4797762186057206,0.48758448411090877
TRAIN_0308,0.4991089001256068,0.5011468067806214
TRAIN_0309,0.5361317544638867,0.5484058165509864
TRAIN_0310,0.4902382417090812,0.49804650721426935
TRAIN_0311,0.4290280266282562,0.40443160036848536
TRAIN_0312,0.6122016862500836,0.6510099381416912
TRAIN_0313,0.496423138471687,0.5059128904018745
TRAIN_0314,0.515912021095817,0.5497158955115449
TRAIN_0315,0.5411518747505563,0.5533060816480397
TRAIN_0316,0.5480737670828918,0.560369292848149
TRAIN_0317,0.3772528591488764,0.3664250963953154
TRAIN_0318,0.7363632550646247,0.7418264368886995
TRAIN_0319,0.5121803395508082,0.5419946106577842
TRAIN_0320,0.7713196094186516,0.777426255284509
TRAIN_0321,0.5917516838234801,0.6307673114943458
TRAIN_0322,0.2673754503234752,0.173906091905619
TRAIN_0323,0.8348171154698645,0.8402802972939392
TRAIN_0324,0.4622978634313028,0.4691755565269359
TRAIN_0325,0.5461398106889606,0.5691345522102107
TRAIN_0326,0.4996662393053759,0.5015617944921972
TRAIN_0327,0.5282313678182843,0.5585941090161541
TRAIN_0328,0.480536978796851,0.4883452443020391
TRAIN_0329,0.4861959473515957,0.49400421285678386
TRAIN_0330,0.2413318325696474,0.14396999367438246
TRAIN_0331,0.4495407256237747,0.45090914551588435
TRAIN_0332,0.5691258662318374,0.5997737151142764
TRAIN_0333,0.564355716449276,0.571524407703006
TRAIN_0334,0.2762172604873489,0.1939508549292406
TRAIN_0335,0.4725634908485532,0.48291462760680626
TRAIN_0336,0.5232837828412071,0.5597504672104386
TRAIN_0337,0.5083946033864003,0.5382088744933762
TRAIN_0338,0.2940717840211216,0.2118053784630133
TRAIN_0339,0.7963766666212324,0.8018398484453071
TRAIN_0340,0.494256650425794,0.5077921046526976
TRAIN_0341,0.0067014482669777,0.0
TRAIN_0342,0.4626327688626284,0.46749229000065934
TRAIN_0343,0.4882465969043257,0.500099269978331
TRAIN_0344,0.8583992131511642,0.8645058590170216
TRAIN_0345,0.5517481583696274,0.5639023652671109
TRAIN_0346,0.6194065036337311,0.6526415981449578
TRAIN_0347,0.2674029995333346,0.17393364111547838
TRAIN_0348,0.7998196394461545,0.8073249702770773
TRAIN_0349,0.4638542747862144,0.4711737230917672
TRAIN_0350,0.5465077570879089,0.5586619639853923
TRAIN_0351,0.5654804458578863,0.5884751873791365
TRAIN_0352,0.4743283417195021,0.48164779002505487
TRAIN_0353,0.495020718294386,0.5045104702245735
TRAIN_0354,0.4396643902549852,0.4150679639952144
TRAIN_0355,0.6317555402198688,0.6909458035905054
TRAIN_0356,0.4926841822426063,0.50621963646951
TRAIN_0357,0.0457439667033652,0.033050959357583364
TRAIN_0358,0.5832816570147334,0.622089908906341
TRAIN_0359,0.7747753342772521,0.7808819801431095
TRAIN_0360,0.2969182257096058,0.22080453153612517
TRAIN_0361,0.2567127560589202,0.163243397641064
TRAIN_0362,0.6758062293892522,0.7381059886534307
TRAIN_0363,0.2586098023782673,0.16124796348300235
TRAIN_0364,0.5188259759718378,0.5503146941532631
TRAIN_0365,0.4771406870480221,0.48200020818605305
TRAIN_0366,0.2981866826183992,0.22207298844491857
TRAIN_0367,0.4416767962557891,0.4170803699960183
TRAIN_0368,0.6574109299184591,0.7197106891826375
TRAIN_0369,0.2450540985479201,0.15223063817522126
TRAIN_0370,0.5065406856437594,0.5279615091531042
TRAIN_0371,0.2392236500620801,0.14575429164422393
TRAIN_0372,0.495965118885024,0.5095005731119276
TRAIN_0373,0.5415150753438686,0.553669282241352
TRAIN_0374,0.1717471961948371,0.15757219553377916
TRAIN_0375,0.338307703687875,0.26219400951439437
TRAIN_0376,0.734246486132227,0.7403531319980845
TRAIN_0377,0.4087515836914526,0.3979238209378916
TRAIN_0378,0.6256758027210768,0.6646914303919426
TRAIN_0379,0.3604673093998516,0.284353615226371
TRAIN_0380,0.591215648566787,0.6302312762376527
TRAIN_0381,0.5254526721250271,0.5619193564942586
TRAIN_0382,0.2732740549733305,0.19100764941522222
TRAIN_0383,0.5036797122550959,0.5055752674419172
TRAIN_0384,0.598684815568828,0.6374930674604355
TRAIN_0385,0.3765569666865785,0.3592910790278533
TRAIN_0386,0.3809910313524779,0.3701632685989169
TRAIN_0387,0.4067708072228522,0.3959430444692912
TRAIN_0388,0.4717524616419443,0.4730413009117833
TRAIN_0389,0.4202668191642194,0.39567039290444855
TRAIN_0390,0.3748834436237248,0.3393678112743299
TRAIN_0391,0.4395314011036805,0.4149349748439097
TRAIN_0392,0.4540269145076854,0.45539533439979507
TRAIN_0393,0.293853099178451,0.20102963880575214
TRAIN_0394,0.4769996953425615,0.4838773884381945
TRAIN_0395,0.6493628032994305,0.711662562563609
TRAIN_0396,0.4120657457845844,0.4012379830310233
TRAIN_0397,0.2282867099118535,0.14602030435374522
TRAIN_0398,0.5602067990007001,0.5723610058981836
TRAIN_0399,0.4339189341375069,0.40697410291475433
TRAIN_0400,0.2885634494540026,0.1950940910361464
TRAIN_0401,0.0218075767127293,0.0072886216072446525
TRAIN_0402,0.3334611629935293,0.2635622920911581
TRAIN_0403,0.2837231474213119,0.1874803116531125
TRAIN_0404,0.339425093523725,0.26845828622748613
TRAIN_0405,0.4871940849851814,0.49904675805918675
TRAIN_0406,0.4868533193393805,0.5105077604182888
TRAIN_0407,0.4051988738023526,0.38793298614362737
TRAIN_0408,0.5235310942810439,0.5550198124624692
TRAIN_0409,0.5133007925799569,0.5471046669956847
TRAIN_0410,0.5747613681293693,0.6054092170118084
TRAIN_0411,0.4019019243877745,0.3910741616342135
TRAIN_0412,0.7673126272178773,0.7734192730837348
TRAIN_0413,0.4371071583152686,0.41016232709251604
TRAIN_0414,0.2883115978755904,0.1948422394577342
TRAIN_0415,0.3837006060579775,0.3481849737085827
TRAIN_0416,0.5030614362528426,0.511663126633549
TRAIN_0417,0.3760082174206802,0.3404925850712853
TRAIN_0418,0.1891082973375789,0.1749332966765209
TRAIN_0419,0.7409750430972714,0.7484803739281942
TRAIN_0420,0.8692350878133285,0.8746982696374033
TRAIN_0421,0.4555671310167595,0.46766077291457275
TRAIN_0422,0.2528492091166688,0.15548737022140385
TRAIN_0423,0.475680984148448,0.4825586772440811
TRAIN_0424,0.4360423422852785,0.40909751106252595
TRAIN_0425,0.5857343539844472,0.6245426058760547
TRAIN_0426,0.5105606054697462,0.5298023493164324
TRAIN_0427,0.2477063660649473,0.15146353029674792
TRAIN_0428,0.1404867201297424,0.12779371278396057
TRAIN_0429,0.4548122207366947,0.45090783192284833
TRAIN_0430,0.8191857524039262,0.8252923982697837
TRAIN_0431,0.3086897551552288,0.25188015278963327
TRAIN_0432,0.6970284881142401,0.7606946143899558
TRAIN_0433,0.4469329196451066,0.44302853083126026
TRAIN_0434,0.5192245269633865,0.5495872681612564
TRAIN_0435,0.5067768993631988,0.5281977228725436
TRAIN_0436,0.5873652025599735,0.6263808302308392
TRAIN_0437,0.4885697281519763,0.49637799365716445
TRAIN_0438,0.4989708948586817,0.5010088015136963
TRAIN_0439,0.5610033359385553,0.5732988617038124
TRAIN_0440,0.5063642543652224,0.5277850778745672
TRAIN_0441,0.3028922121488633,0.2460826097832678
TRAIN_0442,0.4004124994073444,0.3831466117486192
TRAIN_0443,0.2192564359239096,0.12189459702864464
TRAIN_0444,0.2391921967971982,0.14183035790193324
TRAIN_0445,0.5979599906850965,0.6367682425767041
TRAIN_0446,0.0696558207590355,0.055136865653550846
TRAIN_0447,0.4108377151635187,0.4000099524099576
TRAIN_0448,0.2064153557803616,0.1938580505107654
TRAIN_0449,0.5467930268857298,0.5589472337832133
TRAIN_0450,0.4889344440308388,0.5007871171048441
TRAIN_0451,0.4963721346247371,0.5058618865549246
TRAIN_0452,0.6110927819352007,0.6501084096060664
TRAIN_0453,0.3554701396783584,0.2986605373127629
TRAIN_0454,0.652282321469103,0.7094414909314557
TRAIN_0455,0.4590945398819834,0.4604629597740931
TRAIN_0456,0.4372281393849602,0.41028330816220765
TRAIN_0457,0.5195880494662837,0.5349895969245844
TRAIN_0458,0.483715897909054,0.5073703389879624
TRAIN_0459,0.6863612581937574,0.7486610174579358
TRAIN_0460,0.509158333594747,0.5389726047017229
TRAIN_0461,0.5471416764041571,0.5592958833016406
TRAIN_0462,0.4002248405947279,0.3829589529360027
TRAIN_0463,0.3053509472736144,0.2354520763712432
TRAIN_0464,0.5364701375157425,0.5679588556971678
TRAIN_0465,0.808619705022242,0.816554645053861
TRAIN_0466,0.4563324279732537,0.4500823748657567
TRAIN_0467,0.4948215036065944,0.5083569578334981
TRAIN_0468,0.3221920015805044,0.2512251942842655
TRAIN_0469,0.5100372129758584,0.5401985067466566
TRAIN_0470,0.2785568262191242,0.1962904206610159
TRAIN_0471,0.4956851941719689,0.5092206483988726
TRAIN_0472,0.5180543895507829,0.5394752130601277
TRAIN_0473,0.5081802687500121,0.54198414316574
TRAIN_0474,0.4507683558956923,0.452136775787802
TRAIN_0475,0.4542502366880909,0.4503458478742446
TRAIN_0476,0.3719368537542689,0.36110909100070787
TRAIN_0477,0.4054313227288384,0.3699156903794436
TRAIN_0478,0.4003031412061189,0.38947537845255786
TRAIN_0479,0.4050255637060009,0.3877596760472757
TRAIN_0480,0.6683860129512365,0.7255451824135891
TRAIN_0481,0.3569388746160076,0.2859720673197687
TRAIN_0482,0.4118830240052105,0.4010552612516495
TRAIN_0483,0.3201357868375807,0.2633261844719852
TRAIN_0484,0.5225170936342275,0.5540058118156528
TRAIN_0485,0.6241545350506977,0.6631701627215635
TRAIN_0486,0.4909361591917616,0.5063273605526866
TRAIN_0487,0.8072678624537889,0.8147731932847118
TRAIN_0488,0.6859024554619054,0.7430616249242581
TRAIN_0489,0.290451550821362,0.19698219240350578
TRAIN_0490,0.4844173011674201,0.4910358255999
TRAIN_0491,0.596767546512949,0.6300026410241759
TRAIN_0492,0.3561383639314111,0.29932876156581556
TRAIN_0493,0.9301130734447322,0.937618404275655
TRAIN_0494,0.2837392681652502,0.1874964323970508
TRAIN_0495,0.9600232468451654,0.9675285776760882
TRAIN_0496,0.549264989695706,0.556809123232788
TRAIN_0497,0.3216755938362818,0.2507087865400429
TRAIN_0498,0.1849998685161969,0.17082486785513895
TRAIN_0499,0.2915715815614929,0.19532874579329348
TRAIN_0500,0.386903583956392,0.36963769629766674
TRAIN_0501,0.4340838963849587,0.4188286784435682
TRAIN_0502,0.559257458023252,0.5715529837885092
TRAIN_0503,0.449117087661887,0.46121072955970027
TRAIN_0504,0.5424059376419824,0.5545601445394659
TRAIN_0505,0.4969965253233916,0.505598215704098
TRAIN_0506,0.4490261059993221,0.4451217171854758
TRAIN_0507,0.7437512277659591,0.751256558596882
TRAIN_0508,0.6510594773561632,0.7147256036318789
TRAIN_0509,0.4405709868166925,0.42412461374602983
TRAIN_0510,0.5118620165586892,0.5332828400680341
TRAIN_0511,0.1543187009448264,0.14162569359904453
TRAIN_0512,0.6935360428649613,0.7622544327588174
TRAIN_0513,0.5073473655249446,0.5371616366319205
TRAIN_0514,0.4852034239438635,0.4918219483763434
TRAIN_0515,0.4695340770517271,0.4768535253572799
TRAIN_0516,0.3409275011010371,0.2669678055890258
TRAIN_0517,0.6847709709651278,0.7534893608589839
TRAIN_0518,0.4664793131217524,0.4677681523915914
TRAIN_0519,0.5722429322203592,0.6028907811027981
TRAIN_0520,0.4347940285389771,0.4142397116772112
TRAIN_0521,0.4369424066740285,0.42049603360336585
TRAIN_0522,0.95707382986876,0.9625370116928347
TRAIN_0523,0.5834828398110777,0.6224984674819435
TRAIN_0524,0.4845029594024052,0.4911214838348851
TRAIN_0525,0.4215834301289211,0.4051370570582584
TRAIN_0526,0.5062027436208134,0.5276235671301583
TRAIN_0527,0.2713423483047112,0.17787298988685502
TRAIN_0528,0.8775368765081616,0.8850422073390845
TRAIN_0529,0.2920106131604433,0.1985412547425871
TRAIN_0530,0.4757577138245669,0.48610885058281994
TRAIN_0531,0.3383897592760223,0.2674229519797834
TRAIN_0532,0.2544543575846572,0.17218795202654888
TRAIN_0533,0.4946117628495377,0.5081472170764414
TRAIN_0534,0.5331289885977052,0.5695956729669367
TRAIN_0535,0.6047027991328887,0.6437184268037545
TRAIN_0536,0.5729521175492259,0.6111423921204822
TRAIN_0537,0.1415723432418674,0.12739734258080943
TRAIN_0538,0.4728882760366523,0.4741771153064913
TRAIN_0539,0.8088805207366315,0.814987166602489
TRAIN_0540,0.5035307617863902,0.5121324521670967
TRAIN_0541,0.4122625719528003,0.37674693960340544
TRAIN_0542,0.409362819477955,0.3920969318192298
TRAIN_0543,0.4907558872726037,0.49856415277779187
TRAIN_0544,0.4690959191707025,0.47395544030873343
TRAIN_0545,0.4150014371475425,0.3904050108877717
TRAIN_0546,0.0926673361881087,0.08011003091851251
TRAIN_0547,0.4592938006094698,0.4530437475019728
TRAIN_0548,0.2927100207977036,0.19988656042500474
TRAIN_0549,0.6240338672437465,0.6622241418150028
TRAIN_0550,0.5137892290824659,0.5352100525918109
TRAIN_0551,0.524341340143444,0.5558300583248693
TRAIN_0552,0.4950569642250189,0.49709487088003346
TRAIN_0553,0.0913776274913005,0.0781924572574913
TRAIN_0554,0.6750609290074444,0.734251192378081
TRAIN_0555,0.3309503284683208,0.25699063295630953
TRAIN_0556,0.5992043550906802,0.632439449601907
TRAIN_0557,0.1110857080278173,0.09691070736675933
TRAIN_0558,0.829902394065113,0.8360090399309705
TRAIN_0559,0.4845834121665396,0.49997461352746453
TRAIN_0560,0.4062655284814401,0.39543776572787903
TRAIN_0561,0.1021620293006006,0.08764307419511595
TRAIN_0562,0.4721167467779425,0.4789944398735756
TRAIN_0563,0.3913026977192846,0.37403681006055933
TRAIN_0564,0.4479409543288921,0.4440365655150458
TRAIN_0565,0.5123089299164939,0.5424702236872923
TRAIN_0566,0.0961190038551601,0.08160004874967546
TRAIN_0567,0.2720801466979017,0.1758373109297023
TRAIN_0568,0.5636598413394024,0.5708285325931325
TRAIN_0569,0.0415281032150528,0.028342932981243595
TRAIN_0570,0.5351681447427428,0.5666568629241681
TRAIN_0571,0.4849363817694064,0.4915549062018863
TRAIN_0572,0.4676196967220081,0.47247921786003905
TRAIN_0573,0.3298388985753969,0.25372520440191626
TRAIN_0574,0.3034992037612287,0.24668960139563317
TRAIN_0575,0.5874573560756048,0.6262656079672123
TRAIN_0576,0.3438798921652427,0.26776619799176204
TRAIN_0577,0.7097818799345119,0.7689721433051485
TRAIN_0578,0.091159202143378,0.07698420148232003
TRAIN_0579,0.4490413100019759,0.4427912568944789
TRAIN_0580,0.4897252413842671,0.5015779144582724
TRAIN_0581,0.6996005880620139,0.7567597575243665
TRAIN_0582,0.4880380148460972,0.4946565392785771
TRAIN_0583,0.5344214048510283,0.5708880892202598
TRAIN_0584,0.4551136947922617,0.46720733669007497
TRAIN_0585,0.5003955771854566,0.5022911323722778
TRAIN_0586,0.6892328996102131,0.7579512895040692
TRAIN_0587,0.5234410671744173,0.535715129261517
TRAIN_0588,0.3408245632197733,0.2698577559235344
TRAIN_0589,0.6725929966200755,0.7317832599907121
TRAIN_0590,0.0094738101975317,0.0
TRAIN_0591,0.5139914086861431,0.535412232195488
TRAIN_0592,0.5506116179608909,0.5581557514979728
TRAIN_0593,0.3406542627576328,0.2707553918552616
TRAIN_0594,0.4454536801233155,0.44682210001542516
TRAIN_0595,0.7802872215868385,0.7857504034109133
TRAIN_0596,0.4594645148637085,0.4532144617562115
TRAIN_0597,0.4692156763773079,0.47407519751533883
TRAIN_0598,0.5112871636274553,0.545091038043183
TRAIN_0599,0.5079088822195478,0.5377231533265237
TRAIN_0600,0.9687599049218976,0.9742230867459722
TRAIN_0601,0.5653207259848877,0.588315467506138
TRAIN_0602,0.4305842067264229,0.40598778046665207
TRAIN_0603,0.8399264657462083,0.8478614057778273
TRAIN_0604,0.5100547873971818,0.5314756109065266
TRAIN_0605,0.643511832353921,0.7071779586296366
TRAIN_0606,0.4573121794519549,0.4510621263444579
TRAIN_0607,0.4430355525414627,0.4184391262816919
TRAIN_0608,0.4949258509609873,0.5035275413416938
TRAIN_0609,0.5190335256998315,0.5493962668977015
TRAIN_0610,0.4589038999150255,0.45862714287497264
TRAIN_0611,0.3285774461074838,0.25461775059547254
TRAIN_0612,0.4216549922343206,0.3970585659745498
TRAIN_0613,0.3748417839078792,0.357575896249154
TRAIN_0614,0.6815225447253709,0.7386817141877235
TRAIN_0615,0.4768006336716293,0.4780894729414683
TRAIN_0616,0.3997885370845702,0.3889607743310092
TRAIN_0617,0.3876437828428945,0.3703778951841693
TRAIN_0618,0.4538271208656795,0.4551955407577892
TRAIN_0619,0.1845285335374532,0.17134336330364397
TRAIN_0620,0.4238449154318437,0.4032905985700778
TRAIN_0621,0.4815595778408633,0.5052140189197717
TRAIN_0622,0.4928139357470589,0.5063493899739626
TRAIN_0623,0.7100737203369721,0.7692639837076087
TRAIN_0624,0.5198859656462266,0.5502487068440964
TRAIN_0625,0.506324911186064,0.5364862049568624
TRAIN_0626,0.4963840472759822,0.5099195015028859
TRAIN_0627,0.415376572831986,0.39078014657221516
TRAIN_0628,0.8585152744063301,0.8664502144379491
TRAIN_0629,0.5349878142899079,0.5503893617482086
TRAIN_0630,0.4247658672546491,0.4001694409948783
TRAIN_0631,0.4288350437358019,0.41238867066513923
TRAIN_0632,0.5770044536984966,0.6151947282697527
TRAIN_0633,0.2842980063200118,0.18693616742474684
TRAIN_0634,0.5098990377948844,0.5291407816415706
TRAIN_0635,0.4966725859557343,0.5052742763364407
TRAIN_0636,0.5470432240362155,0.5700379655574657
TRAIN_0637,0.2688683786470869,0.1866019730889786
TRAIN_0638,0.4430654720480783,0.41846904578830746
TRAIN_0639,0.6568090808730289,0.7255274707668851
TRAIN_0640,0.230100259304086,0.13727679893138717
TRAIN_0641,0.5141756470774949,0.5334173909241811
TRAIN_0642,0.6029571702279385,0.6336050191103775
TRAIN_0643,0.431645717259774,0.4047008860370215
TRAIN_0644,0.4671409754891991,0.4740186685848321
TRAIN_0645,0.436181426804804,0.41973505373414133
TRAIN_0646,0.3035904829477674,0.2274767887742868
TRAIN_0647,0.4549317065401272,0.4486816534326302
TRAIN_0648,0.6797921133822191,0.7389823767528557
TRAIN_0649,0.5138430011949805,0.5436572723019564
TRAIN_0650,0.3049194270932372,0.23502055619086604
TRAIN_0651,0.463715427106417,0.465004266376256
TRAIN_0652,0.4762699886816344,0.48662112543988745
TRAIN_0653,0.5860642427444978,0.6248724946361053
TRAIN_0654,0.5816046668424635,0.6206202945133292
TRAIN_0655,0.6330586187454847,0.6922488821161213
TRAIN_0656,0.4891123100979317,0.5127667511768401
TRAIN_0657,0.5122783375526454,0.5420926086596214
TRAIN_0658,0.2856116212755028,0.19214226285764663
TRAIN_0659,0.6732889011122797,0.7304480705746323
TRAIN_0660,0.3601851489463897,0.3033755465807942
TRAIN_0661,0.0867460935876313,0.0741887883180351
TRAIN_0662,0.4939067394527399,0.5033964913829274
TRAIN_0663,0.2933991029666502,0.21113269740854193
TRAIN_0664,0.5660651921702885,0.5736093257073704
TRAIN_0665,0.2822717856656864,0.18944832529298755
TRAIN_0666,0.3685597241463196,0.35773196139275854
TRAIN_0667,0.5349319937121884,0.5664207118936136
TRAIN_0668,0.3865734611857974,0.3510578288364026
TRAIN_0669,0.531312943205712,0.5435870052928117
TRAIN_0670,0.297949488189943,0.2017066524217436
TRAIN_0671,0.7328486444990014,0.7403539753299242
TRAIN_0672,0.2348405185151746,0.14137116009731843
TRAIN_0673,0.4635426138207899,0.47086206212634263
TRAIN_0674,0.5101686637855569,0.5315894872949019
TRAIN_0675,0.1909075113730841,0.17772234113927488
TRAIN_0676,0.4677535241790582,0.475072972484611
TRAIN_0677,0.2457389517278073,0.14837711283254235
TRAIN_0678,0.5120080603478616,0.5458119347635895
TRAIN_0679,0.3422896909535904,0.2854800885879949
TRAIN_0680,0.4939636222187478,0.49585917740556906
TRAIN_0681,0.1799271360862655,0.16575213542520756
TRAIN_0682,0.4946523287052971,0.5032540190860035
TRAIN_0683,0.3836376048353379,0.3728098420817768
TRAIN_0684,0.4289129511243546,0.4019681199016021
TRAIN_0685,0.6520983585903116,0.7208167484841677
TRAIN_0686,0.5208167701105034,0.5523054882919287
TRAIN_0687,0.475726497233343,0.4830459455388958
TRAIN_0688,0.4682882421115769,0.4756076904171297
TRAIN_0689,0.5375562103346303,0.5447249015883604
TRAIN_0690,0.5733593343719335,0.6123749620427993
TRAIN_0691,0.466374611573924,0.46766345084376304
TRAIN_0692,0.516556480893735,0.5467177746645333
TRAIN_0693,0.1400080226740601,0.1274507174044639
TRAIN_0694,0.1912953052655539,0.17677635016006926
TRAIN_0695,0.4187153457317167,0.40226897266105405
TRAIN_0696,0.3305071597468048,0.27369755738120927
TRAIN_0697,0.6947122091950607,0.7518713786574134
TRAIN_0698,0.5255371965704567,0.5378112586575564
TRAIN_0699,0.5069022158739639,0.5283230393833087
TRAIN_0700,0.4936150120009202,0.5002335364334001
TRAIN_0701,0.6031904096689006,0.6364255041801274
TRAIN_0702,0.8598570975878698,0.8662523083820313
TRAIN_0703,0.489096464246439,0.5127509053253474
TRAIN_0704,0.4377056970441738,0.4212593239735111
TRAIN_0705,0.5762762252004819,0.6152918528713477
TRAIN_0706,0.6152498424570904,0.6458976913395293
TRAIN_0707,0.4490157626417148,0.4451113738278685
TRAIN_0708,0.4912109102797768,0.4978294347122567
TRAIN_0709,0.2060233065289563,0.19150435142347166
TRAIN_0710,0.5835215346799125,0.6167566291911393
TRAIN_0711,0.5183722463023304,0.5397930698116753
TRAIN_0712,0.4981062335982973,0.5000017887851186
TRAIN_0713,0.4824865812798189,0.4891051057122988
TRAIN_0714,0.4919397827859959,0.5155942238649043
TRAIN_0715,0.3709770177863056,0.36014925503274453
TRAIN_0716,0.4858633000123083,0.5095177410912167
TRAIN_0717,0.7928773878010419,0.8008123278326609
TRAIN_0718,0.523985833529227,0.5393873809875277
TRAIN_0719,0.3662558822861388,0.34898999462741354
TRAIN_0720,0.7242485999583846,0.786548359222563
TRAIN_0721,0.5914872958939271,0.6221351447763661
TRAIN_0722,0.5016892694598388,0.5037271761148534
TRAIN_0723,0.5086288289086034,0.5387901226794016
TRAIN_0724,0.7263547719133537,0.7342897119449727
TRAIN_0725,0.4073935505319044,0.3718779181825096
TRAIN_0726,0.0999824214604696,0.0874251161908734
TRAIN_0727,0.5075692361511196,0.5289900596604644
TRAIN_0728,0.3762994653174853,0.34078383296809045
TRAIN_0729,0.1928188202248436,0.17829986511935894
TRAIN_0730,0.371867135810902,0.35460124815217675
TRAIN_0731,0.4766859928637639,0.48703712962201695
TRAIN_0732,0.6266712375758937,0.6599063320871206
TRAIN_0733,0.4186822951291011,0.40223592205843844
TRAIN_0734,0.6123767512030203,0.6430246000854594
TRAIN_0735,0.4319167552928005,0.41547038222213784
TRAIN_0736,0.5186306226667868,0.5487919164375852
TRAIN_0737,0.2129547709244625,0.19877977026340454
TRAIN_0738,0.5347568199674145,0.5651195611652844
TRAIN_0739,0.3138944754331492,0.243995604530778
TRAIN_0740,0.3404624438662948,0.2643487496928142
TRAIN_0741,0.2579704612208532,0.16172762545265382
TRAIN_0742,0.2229532873667389,0.1406868818086306
TRAIN_0743,0.4606746300443133,0.46799407834986606
TRAIN_0744,0.6992579474092143,0.76292407368493
TRAIN_0745,0.1065574624857336,0.09400015721613741
TRAIN_0746,0.4851853296922511,0.491803854124731
TRAIN_0747,0.4419555247958753,0.4416787677558225
TRAIN_0748,0.501174947234439,0.5106646991646265
TRAIN_0749,0.5414741829441909,0.5644689244654411
TRAIN_0750,0.3530276391759292,0.28206083187969033
TRAIN_0751,0.4760533550078701,0.4864044917661232
TRAIN_0752,0.6149584890673022,0.6537667409589097
TRAIN_0753,0.7101123089779952,0.7737784352537108
TRAIN_0754,0.4408607491273932,0.41391591790464066
TRAIN_0755,0.0802458762133407,0.0676885709437445
TRAIN_0756,0.5145018562977293,0.5359226798070742
TRAIN_0757,0.5935354976458144,0.6317257722170706
TRAIN_0758,0.5100922121844286,0.5315130356937734
TRAIN_0759,0.4178621550146025,0.40141578194393984
TRAIN_0760,0.5069044495778926,0.5261461934245788
TRAIN_0761,0.9897942025824946,0.9972995334134174
TRAIN_0762,0.3372360713473274,0.26626926405108853
TRAIN_0763,0.4542641909146261,0.45035980210077975
TRAIN_0764,0.5362988871417215,0.572765571510953
TRAIN_0765,0.5136683620552565,0.5329101059019427
TRAIN_0766,0.4811507807411972,0.48895904624638536
TRAIN_0767,0.4019950434442809,0.3911672806907198
TRAIN_0768,0.7833944647092178,0.7897896755033793
TRAIN_0769,0.4622737674777064,0.47436740937551963
TRAIN_0770,0.8609295952413295,0.8688645352729485
TRAIN_0771,0.4963550883070368,0.5098905425339404
TRAIN_0772,0.3401758025413563,0.26621610702934506
TRAIN_0773,0.4367068355016449,0.4214516175602544
TRAIN_0774,0.3306304224240295,0.2566707269120182
TRAIN_0775,0.2421685820671907,0.14869922364933452
TRAIN_0776,0.3037656323734998,0.2327988250772609
TRAIN_0777,0.4784180716458441,0.4797069109156831
TRAIN_0778,0.2785584350960549,0.1823155993278555
TRAIN_0779,0.4967971181291115,0.5053988085098179
TRAIN_0780,0.5189727841188694,0.5554394684881009
TRAIN_0781,0.6430808415577948,0.7022711049284314
TRAIN_0782,0.2353610188762127,0.13799917998094774
TRAIN_0783,0.4952672974590207,0.5038689878397271
TRAIN_0784,0.7616303117550798,0.7670934935791545
TRAIN_0785,0.4849475124051642,0.4968001854791695
TRAIN_0786,0.4438670812914463,0.4376170281839493
TRAIN_0787,0.5414456504364187,0.5537411762016757
TRAIN_0788,0.4155348607487735,0.3909384344890027
TRAIN_0789,0.4274574243454027,0.40286099808563186
TRAIN_0790,0.2417348643585334,0.145492028590334
TRAIN_0791,0.4050957822433836,0.38782989458465833
TRAIN_0792,0.4962154071944036,0.5057051591245911
TRAIN_0793,0.5409183135717487,0.5530725204692322
TRAIN_0794,0.70140280508559,0.7637025643497686
TRAIN_0795,0.4704368911979698,0.4807880279562229
TRAIN_0796,0.5641730292893228,0.5764685550545798
TRAIN_0797,0.6770373660234053,0.7407034922991209
TRAIN_0798,0.5478103255154143,0.5599645324128977
TRAIN_0799,0.514705156721422,0.5448664504922203
TRAIN_0800,0.44462891669354,0.4443521596534872
TRAIN_0801,0.4667031625153233,0.47705429927357634
TRAIN_0802,0.5886366637822701,0.6268269383535263
TRAIN_0803,0.5612702418051297,0.58426498332638
TRAIN_0804,0.5809095159825393,0.6197177678741468
TRAIN_0805,0.24255771311957,0.1602913075614617
TRAIN_0806,0.604675774105644,0.6379108686168709
TRAIN_0807,0.3478502538490018,0.2738905583369905
TRAIN_0808,0.525915606158181,0.5623822905274125
TRAIN_0809,0.95261634162157,0.9601216724524928
TRAIN_0810,0.0403405262997652,0.02764751895398336
TRAIN_0811,0.5387376374866294,0.5462817710237113
TRAIN_0812,0.4550829281888703,0.45645134808098
TRAIN_0813,0.5951270672792497,0.6333173418505058
TRAIN_0814,0.3980538455243887,0.3872260827708277
TRAIN_0815,0.4856329803750381,0.4974856534490434
TRAIN_0816,0.9332584481777664,0.9407637790086891
TRAIN_0817,0.6092324080711605,0.6424675025823874
TRAIN_0818,0.574267674545491,0.6124579491167472
TRAIN_0819,0.6938221266056472,0.7530123899762838
TRAIN_0820,0.3675314895625008,0.3567037268089398
TRAIN_0821,0.5319170621181456,0.5473186095764463
TRAIN_0822,0.3648176532544075,0.3539898905008465
TRAIN_0823,0.609816531781726,0.6486247836733335
TRAIN_0824,0.5634026672710695,0.5863974087923196
TRAIN_0825,0.3290656597611066,0.2580988524648677
TRAIN_0826,0.6692091055916379,0.7328752318673536
TRAIN_0827,0.6091628851519427,0.647353159723199
TRAIN_0828,0.6177243556905682,0.6567399833614339
TRAIN_0829,0.2802249266869342,0.18286308779166927
TRAIN_0830,0.5087909918802467,0.5386052629872227
TRAIN_0831,0.4565016457196165,0.4502515926121195
TRAIN_0832,0.6421807529811105,0.7013710163517471
TRAIN_0833,0.4905127875323576,0.4971313119648375
TRAIN_0834,0.6275951584500118,0.6666107861208775
TRAIN_0835,0.3611505386671356,0.28503684449365496
TRAIN_0836,0.6339483393425328,0.6962480986067112
TRAIN_0837,0.4750729563546016,0.47993247749263257
TRAIN_0838,0.2654971721442643,0.17202781372640813
TRAIN_0839,0.5766651307126759,0.6073129795951149
TRAIN_0840,0.2749356320415019,0.1786927962733025
TRAIN_0841,0.3840844831524328,0.3732567203988718
TRAIN_0842,0.4783486276708189,0.49373982903174385
TRAIN_0843,0.1904107352430106,0.17771772789722878
TRAIN_0844,0.4833717653872547,0.49522443846125996
TRAIN_0845,0.5455566283456892,0.5578521541109462
TRAIN_0846,0.5112906053571735,0.5450944797729014
TRAIN_0847,0.3600459615124987,0.28608626600048737
TRAIN_0848,0.5512269060867888,0.5587710396238708
TRAIN_0849,0.2379220297776,0.14509856940490115
TRAIN_0850,0.759303882434582,0.767238822466201
TRAIN_0851,0.4866635139425231,0.493282038375003
TRAIN_0852,0.231442130270257,0.13861866989755817
TRAIN_0853,0.630954800767751,0.6932545600319295
TRAIN_0854,0.3352520602414572,0.2642852529452183
TRAIN_0855,0.53660871643295,0.5488827785200497
TRAIN_0856,0.0005289387844323,0.0
TRAIN_0857,0.4146424611861873,0.38769762996343476
TRAIN_0858,0.303831310577433,0.23286450328119412
TRAIN_0859,0.5150429273104019,0.5452042210812003
TRAIN_0860,0.5212888054165311,0.5577554897857626
TRAIN_0861,0.5306359929131673,0.5671026772823988
TRAIN_0862,0.3983730226126258,0.38754525985906474
TRAIN_0863,0.4828238911487604,0.49467656422276574
TRAIN_0864,0.6399702182285819,0.7022699774927603
TRAIN_0865,0.4985960462396095,0.508085798169797
TRAIN_0866,0.4931356680805575,0.5017373584612639
TRAIN_0867,0.2415916740053286,0.14422983511006365
TRAIN_0868,0.4715058336543244,0.47882528195987717
TRAIN_0869,0.3817460628183866,0.3709183000648255
TRAIN_0870,0.498075980348467,0.5066776707291734
TRAIN_0871,0.5743561173780832,0.6125463919493395
TRAIN_0872,0.4189864888109922,0.3984321719492263
TRAIN_0873,0.522830908972724,0.5543196271541493
TRAIN_0874,0.3886501022205342,0.3778223394669732
TRAIN_0875,0.1193758272944502,0.10520082663339224
TRAIN_0876,0.4163247583397458,0.4010695403983553
TRAIN_0877,0.4538729624776927,0.4552413823698024
TRAIN_0878,0.5778937465403473,0.6169093742112131
TRAIN_0879,0.3207486989210804,0.24463500474759975
TRAIN_0880,0.4203912016163354,0.3957947753565646
TRAIN_0881,0.522114412909071,0.5536031310904963
TRAIN_0882,0.4634142859980679,0.4702919790937009
TRAIN_0883,0.2711823224777556,0.1777129640598994
TRAIN_0884,0.1896968729080826,0.17700386556230074
TRAIN_0885,0.5035559573061442,0.5121576476868506
TRAIN_0886,0.4469264093623965,0.44664965232234366
TRAIN_0887,0.5931290966304048,0.6263641911416316
TRAIN_0888,0.4565191259478678,0.4578875458399775
TRAIN_0889,0.6259412396014451,0.659176334112672
TRAIN_0890,0.4857436786803845,0.49759635175438977
TRAIN_0891,0.3889851087105943,0.3781573459570332
TRAIN_0892,0.4626962059542019,0.46957389904983493
TRAIN_0893,0.4293378654560338,0.41289149238537115
TRAIN_0894,0.2693126409213603,0.17306980515316092
TRAIN_0895,0.3923630626680789,0.38153529991451784
TRAIN_0896,0.4840494403509424,0.4906679647834223
TRAIN_0897,0.35801831634465,0.28405862083263866
TRAIN_0898,0.3257004320302343,0.24958673785675367
TRAIN_0899,0.5392442622866733,0.5696070034845433
TRAIN_0900,0.5459910718338614,0.5582865975991185
TRAIN_0901,0.4972265509553299,0.49912210614215125
TRAIN_0902,0.3597342108865648,0.28876740359032593
TRAIN_0903,0.5735636534749421,0.6125792811458078
TRAIN_0904,0.3982139888655926,0.36269835651619775
TRAIN_0905,0.4828901189759928,0.49069838448118097
TRAIN_0906,0.511832325594849,0.5416465967018249
TRAIN_0907,0.6359198748407645,0.7046382647346205
TRAIN_0908,0.5317722249958766,0.5621349661937465
TRAIN_0909,0.4980679333422544,0.5066696237229609
TRAIN_0910,0.4239141349423023,0.39931770868253147
TRAIN_0911,0.4526791023239683,0.448774713510122
TRAIN_0912,0.469127538631408,0.47644698693696075
TRAIN_0913,0.4950989349590882,0.5045886868892757
TRAIN_0914,0.491150754653397,0.5030034277274024
TRAIN_0915,0.4884434382515666,0.5038346396124915
TRAIN_0916,0.462281897907885,0.47437553980569824
TRAIN_0917,0.545618592081981,0.5527872833357111
TRAIN_0918,0.6810247688752592,0.7381839383376119
TRAIN_0919,0.8027250540691563,0.8102303849000791
TRAIN_0920,0.4591156795082186,0.4552112906943723
TRAIN_0921,0.5121485020305839,0.5335693255399288
TRAIN_0922,0.2396123659419714,0.14614300752411524
TRAIN_0923,0.3604383066899121,0.2894714993936732
TRAIN_0924,0.5042024123791298,0.5256232358884747
TRAIN_0925,0.4596811119542028,0.45577672314035644
TRAIN_0926,0.4474631096520449,0.447186352611992
TRAIN_0927,0.5622646866039523,0.5744188935014358
TRAIN_0928,0.5795410187313172,0.6101888676137563
TRAIN_0929,0.3327295087032301,0.2759199063376346
TRAIN_0930,0.5749389858379534,0.6081740803491802
TRAIN_0931,0.7951907486257902,0.800653930449865
TRAIN_0932,0.7725687242622227,0.7800740550931455
TRAIN_0933,0.5225487724479452,0.5379503199062459
TRAIN_0934,0.5237153843552598,0.5601820687244913
TRAIN_0935,0.3623844341095987,0.28842473859758744
TRAIN_0936,0.5130682634095926,0.5432295571803909
TRAIN_0937,0.4723104538476567,0.47962990215320944
TRAIN_0938,0.4977855302596627,0.5063872206403691
TRAIN_0939,0.641804879613776,0.7054710058894916
TRAIN_0940,0.4249834961394456,0.4044291792776797
TRAIN_0941,0.4914047520505623,0.4992130175557504
TRAIN_0942,0.5383311714842572,0.5613259130055075
TRAIN_0943,0.6883625722113537,0.7475528355819903
TRAIN_0944,0.3815121675084866,0.3642462798497613
TRAIN_0945,0.3124341486525384,0.25562454628694287
TRAIN_0946,0.158645293722219,0.14412633861673435
TRAIN_0947,0.4922736666728464,0.50580912089975
TRAIN_0948,0.4514711018634654,0.4511943448234126
TRAIN_0949,0.2185260373794555,0.1362596318213472
TRAIN_0950,0.5172470110820329,0.5386678345913778
TRAIN_0951,0.4607896196250799,0.4728832615228932
TRAIN_0952,0.4069673648155441,0.39613960206198306
TRAIN_0953,0.4552802567287972,0.4490302036213002
TRAIN_0954,0.26182646901422,0.16835711059636382
TRAIN_0955,0.439794777786169,0.4192404609244031
TRAIN_0956,0.447642014204131,0.4437376253902847
TRAIN_0957,0.8612995052090356,0.8688048360399585
TRAIN_0958,0.4435228853440351,0.4189264590842643
TRAIN_0959,0.3677978992484315,0.3569701364948704
TRAIN_0960,0.5060685267597823,0.5253102706064685
TRAIN_0961,0.4230287767915109,0.40658240372084825
TRAIN_0962,0.707751144598018,0.7669414079686546
TRAIN_0963,0.3566100375935551,0.28049634342007446
TRAIN_0964,0.4965562967891788,0.5100917510160825
TRAIN_0965,0.4035368558136574,0.3927090930600964
TRAIN_0966,0.3244644468054911,0.2545655759031199
TRAIN_0967,0.5171925598551865,0.5509964342709144
TRAIN_0968,0.4497685027447349,0.46186214464254816
TRAIN_0969,0.5941415420266709,0.632331816597927
TRAIN_0970,0.4954844765921123,0.49752238324712694
TRAIN_0971,0.475540553639911,0.482418246735544
TRAIN_0972,0.5193853310089795,0.5347868784672802
TRAIN_0973,0.514380387650811,0.5358012111601558
TRAIN_0974,0.4948979265612863,0.50843338078819
TRAIN_0975,0.451847168263273,0.45321558815538265
TRAIN_0976,0.4596672216609955,0.45576283284714914
TRAIN_0977,0.6020269028943575,0.6402171774656136
TRAIN_0978,0.4532919977620522,0.4530152407219994
TRAIN_0979,0.4880903296760158,0.5034815310369407
TRAIN_0980,0.1502425065968336,0.13606750593577566
TRAIN_0981,0.4943460303611351,0.4963839370161497
TRAIN_0982,0.4605620788226278,0.4566576900087814
TRAIN_0983,0.1714660578435259,0.15877305049774404
TRAIN_0984,0.6096828385363229,0.6429179330475496
TRAIN_0985,0.5488716848832608,0.5610258917807442
TRAIN_0986,0.7341325121325397,0.7402391579983971
TRAIN_0987,0.5196666712048893,0.5500294124027592
TRAIN_0988,0.46864457266237,0.47552226575800305
TRAIN_0989,0.4771017304013115,0.4844211787068643
TRAIN_0990,0.8587486385453321,0.8648552844111896
TRAIN_0991,0.5042262244224235,0.5256470479317683
TRAIN_0992,0.4001848987366475,0.38291901107792226
TRAIN_0993,0.1312362715619442,0.118051101328135
TRAIN_0994,0.5215457966254977,0.553034514806923
TRAIN_0995,0.4454653753096607,0.42086894904988986
TRAIN_0996,0.4444459288107518,0.44581434870286146
TRAIN_0997,0.5208368227062872,0.5511995639041571
TRAIN_0998,0.4214845751049409,0.40503820203427826
TRAIN_0999,0.3001216947429212,0.22616199923090993
TRAIN_1000,0.5061975490680424,0.5400014234837702
TRAIN_1001,0.5341539910277405,0.5645167322256104
TRAIN_1002,0.4258530978693273,0.40125667160955647
TRAIN_1003,0.5416448759716411,0.5646396174928914
TRAIN_1004,0.5265677107560777,0.5630343951253092
TRAIN_1005,0.1297275825818347,0.11520862747635005
TRAIN_1006,0.630391796123296,0.6636268906345228
TRAIN_1007,0.4526489056006604,0.44874451678681404
TRAIN_1008,0.5201315176212339,0.5355330650795346
TRAIN_1009,0.0374462930658974,0.023271292404839432
TRAIN_1010,0.6298358582859889,0.6921356175501674
TRAIN_1011,0.5979637088100554,0.6369793364809212
TRAIN_1012,0.5301377621691586,0.5424118242562583
TRAIN_1013,0.4754053463515817,0.48272479465713447
TRAIN_1014,0.4670529595337163,0.4739306526293493
TRAIN_1015,0.654212322719443,0.7229307126132991
TRAIN_1016,0.4520523563575827,0.4481479675437363
TRAIN_1017,0.5526154304244025,0.5597841216781326
TRAIN_1018,0.4872071414426051,0.5108615825215135
TRAIN_1019,0.4775359977320104,0.4844136908276434
TRAIN_1020,0.4064678477181814,0.39564008496462033
TRAIN_1021,0.5232158386958681,0.5354899007829678
TRAIN_1022,0.6474829206699525,0.7066731840405891
TRAIN_1023,0.4036464998072668,0.39281873705370574
TRAIN_1024,0.3496194281992794,0.2786526209030405
TRAIN_1025,0.4937795320110571,0.5003980564435371
TRAIN_1026,0.3682451035810345,0.3509792159223093
TRAIN_1027,0.4970386240923273,0.510574078319231
TRAIN_1028,0.2908561811368969,0.19803272076419803
TRAIN_1029,0.1935264587284193,0.18034128849461012
TRAIN_1030,0.5017149181358765,0.5037528247908911
TRAIN_1031,0.4560481407128505,0.45741656060496017
TRAIN_1032,0.3692052366560218,0.333689604306627
TRAIN_1033,0.4260732368280928,0.4055189199663269
TRAIN_1034,0.4495293653484042,0.4508977852405139
TRAIN_1035,0.3025481394075935,0.22858844389558222
TRAIN_1036,0.4656453022407311,0.47296475054628384
TRAIN_1037,0.5055482030894997,0.5247899469361859
TRAIN_1038,0.8007000913555187,0.8061632731795934
TRAIN_1039,0.4569433937814173,0.45666663674136443
TRAIN_1040,0.4123760230050211,0.3951101353462958
TRAIN_1041,0.5055290103608434,0.5353432814678194
TRAIN_1042,0.6484580420095254,0.7171764319033815
TRAIN_1043,0.4425920033252013,0.4179955770654305
TRAIN_1044,0.6265875037709016,0.6857777671415382
TRAIN_1045,0.820556314123599,0.8284912541552181
TRAIN_1046,0.520587221828961,0.5509499630268309
TRAIN_1047,0.3215608132100837,0.26475121084448816
TRAIN_1048,0.2184630964262128,0.12563963605351397
TRAIN_1049,0.6188010913416645,0.6569913659129207
TRAIN_1050,0.4860061514221191,0.5013973527830441
TRAIN_1051,0.4800287720247032,0.49188144509870846
TRAIN_1052,0.2479543181342542,0.15513085776155536
TRAIN_1053,0.4592062981904872,0.4529562450829902
TRAIN_1054,0.6479738987985444,0.7051330682608971
TRAIN_1055,0.729361408951848,0.7930275352275636
TRAIN_1056,0.4069680535313036,0.38970216587257833
TRAIN_1057,0.4485352566640777,0.4422852035565807
TRAIN_1058,0.4205253100297561,0.3959288837699853
TRAIN_1059,0.4662620234880315,0.47661316024628453
TRAIN_1060,0.5859530636159761,0.6166009124984151
TRAIN_1061,0.4694080774245412,0.47069691669438024
TRAIN_1062,0.5006722671519959,0.5101620190821834
TRAIN_1063,0.4464659982801127,0.44783441817222236
TRAIN_1064,0.5489916634857819,0.5611458703832652
TRAIN_1065,0.4721411911711086,0.4824923279293617
TRAIN_1066,0.5094933084120767,0.5287350522587629
TRAIN_1067,0.5008499918455338,0.5027455470323551
TRAIN_1068,0.5138820228031279,0.5353028463124727
TRAIN_1069,0.4772739448905072,0.4785627841603462
TRAIN_1070,0.4014929392156323,0.3659773068662374
TRAIN_1071,0.7111080122619868,0.7747741385377025
TRAIN_1072,0.2600482407341672,0.16380540496596782
TRAIN_1073,0.635039531785297,0.6987056580610127
TRAIN_1074,0.0747759351954423,0.06208292784966046
TRAIN_1075,0.2393399755047717,0.14309713973657232
TRAIN_1076,0.5640334783930544,0.5712021696467845
TRAIN_1077,0.5032206909306526,0.5051162461174739
TRAIN_1078,0.4179406210473738,0.4026854031059832
TRAIN_1079,0.4841102172838932,0.49596289035789853
TRAIN_1080,0.4496232742619317,0.4509916941540414
TRAIN_1081,0.4729340930258843,0.48025354133143705
TRAIN_1082,0.8340091823805644,0.8415145132114872
TRAIN_1083,0.5424428320485033,0.5654375735697534
TRAIN_1084,0.4408073761143765,0.4202530592526106
TRAIN_1085,0.4624513421899971,0.4745449840878104
TRAIN_1086,0.5207624728859055,0.5511252140837755
TRAIN_1087,0.4860176763721682,0.5014088777330932
TRAIN_1088,0.3520324528769881,0.27807275736497683
TRAIN_1089,0.5318444703810318,0.5622072115789016
TRAIN_1090,0.4672979831177146,0.47417567621334766
TRAIN_1091,0.5000993108003966,0.5095890627305841
TRAIN_1092,0.5092501488983427,0.5306709724076877
TRAIN_1093,0.4961978940024977,0.5056876459326852
TRAIN_1094,0.6164370119222039,0.6496721064334308
TRAIN_1095,0.2984253317766102,0.21615892621850188
TRAIN_1096,0.4976964711625203,0.511231925389424
TRAIN_1097,0.8606208603650424,0.8681261911959652
TRAIN_1098,0.4634188483746652,0.47376998513291824
TRAIN_1099,0.5065692896442019,0.5403731640599296
TRAIN_1100,0.4047689524566695,0.3875030647979443
TRAIN_1101,0.4553759061200447,0.46746954801785795
TRAIN_1102,0.7052218016474702,0.7675215609116486
TRAIN_1103,0.4802286092849637,0.4815174485548027
TRAIN_1104,0.512309572988165,0.5461134474038929
TRAIN_1105,0.6504613280715,0.7076204975338527
TRAIN_1106,0.6046317759323556,0.6352796248147947
TRAIN_1107,0.5493609270594796,0.5616564528247368
TRAIN_1108,0.4758081838604917,0.48268587695612475
TRAIN_1109,0.649949984332406,0.7186683742262621
TRAIN_1110,0.3967780939780383,0.3859503312244773
TRAIN_1111,0.898407673342516,0.9038708551665908
TRAIN_1112,0.2036670492377711,0.19097404189198924
TRAIN_1113,0.4371174690032848,0.42067109593262214
TRAIN_1114,0.5212415597931823,0.5527302779746076
TRAIN_1115,0.5344346671824267,0.5467087292695264
TRAIN_1116,0.3086716501623813,0.2377048428661424
TRAIN_1117,0.1696009488689514,0.15508199376346676
TRAIN_1118,0.4957209806199811,0.49775888727499573
TRAIN_1119,0.170827306973973,0.1576421367401638
TRAIN_1120,0.3587626247742461,0.2888637538718749
TRAIN_1121,0.5025765664915739,0.5120663184217614
TRAIN_1122,0.4779032320161854,0.48975590509019074
TRAIN_1123,0.5370864163744986,0.5735531007437301
TRAIN_1124,0.409201367720063,0.398373604966502
TRAIN_1125,0.4002744680786367,0.38944670532507564
TRAIN_1126,0.3512043524587773,0.2802375451625384
TRAIN_1127,0.1731460140691845,0.15862705896369986
TRAIN_1128,0.4488057739867725,0.4449013851729262
TRAIN_1129,0.5822567930114225,0.6129046418938615
TRAIN_1130,0.4901891612972935,0.5055803626582185
TRAIN_1131,0.5809796685921463,0.6116275174745853
TRAIN_1132,0.4635339084830991,0.4708533567886519
TRAIN_1133,0.5346462720643436,0.5650090132622134
TRAIN_1134,0.4432727996237202,0.44464121951582986
TRAIN_1135,0.6381536627399033,0.6973439261105399
TRAIN_1136,0.527075065395667,0.5635417497648985
TRAIN_1137,0.4850401473281949,0.5086945884071032
TRAIN_1138,0.4832488560269179,0.4898673804593978
TRAIN_1139,0.410027389628514,0.3991996268749529
TRAIN_1140,0.4404648500444861,0.41352001882173356
TRAIN_1141,0.6483315919682169,0.7054907614305695
TRAIN_1142,0.7255301798657944,0.7878299391299728
TRAIN_1143,0.2085768057002127,0.19588379835443087
TRAIN_1144,0.4908986346710109,0.5062898360319359
TRAIN_1145,0.4557758569041946,0.46786949880200784
TRAIN_1146,0.4296913306042107,0.4091370137424448
TRAIN_1147,0.3471817530578916,0.27322205754588036
TRAIN_1148,0.1965673815957647,0.18338221136195548
TRAIN_1149,0.4871198512072161,0.4949281167124043
TRAIN_1150,0.8348869948773933,0.8423923257083161
TRAIN_1151,0.7008064029119844,0.7644725291877
TRAIN_1152,0.7266611744748546,0.7341665053057773
TRAIN_1153,0.9111233805738768,0.9175185913680384
TRAIN_1154,0.4007074894928086,0.36519185714341373
TRAIN_1155,0.4335861694468266,0.4130318525850607
TRAIN_1156,0.447185895314408,0.45927953721222126
TRAIN_1157,0.5431230489361728,0.55541857470143
TRAIN_1158,0.0329314452597851,0.02037413999018891
TRAIN_1159,0.7007672812331397,0.7644334075088554
TRAIN_1160,0.1709234502636984,0.15640449515821375
TRAIN_1161,0.4634797478346046,0.4707991961401574
TRAIN_1162,0.8401796252899093,0.8476849561208322
TRAIN_1163,0.2440726875596168,0.15124922718691797
TRAIN_1164,0.2429778530593292,0.15015439268663036
TRAIN_1165,0.4960008932719196,0.5054906452021071
TRAIN_1166,0.3934092533506592,0.3825814905970981
TRAIN_1167,0.5129244889453726,0.5467283633611004
TRAIN_1168,0.3289542338854223,0.25284053971194165
TRAIN_1169,0.3987826308234565,0.38795486806989543
TRAIN_1170,0.4615825446771378,0.46890199298269053
TRAIN_1171,0.4592940396748212,0.4553896508609748
TRAIN_1172,0.4946765216849653,0.5032782120656717
TRAIN_1173,0.491426276400441,0.4980448008329209
TRAIN_1174,0.3997198506767541,0.3888920879231931
TRAIN_1175,0.5234894762576703,0.5549781944390956
TRAIN_1176,0.7441398932320012,0.7505351040261627
TRAIN_1177,0.4365313669527039,0.42008499388204124
TRAIN_1178,0.5473562225340466,0.5595104294315301
TRAIN_1179,0.5434672906588612,0.5510114241959432
TRAIN_1180,0.4906595457820886,0.4972780702145685
TRAIN_1181,0.5336713276384287,0.5701380120076602
TRAIN_1182,0.4243429944937076,0.4037886776319417
TRAIN_1183,0.5858594072442299,0.6165072561266689
TRAIN_1184,0.4706531538211238,0.4755126749591548
TRAIN_1185,0.4311173724959583,0.41586215455456776
TRAIN_1186,0.1570874396737638,0.1439022694399546
TRAIN_1187,0.5466367384393108,0.5696314799605611
TRAIN_1188,0.1428566275035749,0.1302993222339787
TRAIN_1189,0.5303382685361103,0.5668049529053418
TRAIN_1190,0.5091013965171381,0.538915667624114
TRAIN_1191,0.4957944099676366,0.49768996515445785
TRAIN_1192,0.5695262120063728,0.5816804189038562
TRAIN_1193,0.6211852541427283,0.654420348653955
TRAIN_1194,0.286804151938647,0.2045377463805387
TRAIN_1195,0.5144942669768074,0.5359150904861523
TRAIN_1196,0.49198043555133,0.5014701874815175
TRAIN_1197,0.5006803922597671,0.5092820826404736
TRAIN_1198,0.5312684692267925,0.5435425313138922
TRAIN_1199,0.5877132175338099,0.6267288452046756
TRAIN_1200,0.4547220588992589,0.4508176700854125
TRAIN_1201,0.3914236266549564,0.3805958639013953
TRAIN_1202,0.6518182362045812,0.7110084995752178
TRAIN_1203,0.5278504083523786,0.5582131495502485
TRAIN_1204,0.0108519842431372,0.0
TRAIN_1205,0.8416366772172045,0.847743323083062
TRAIN_1206,0.543460737254268,0.5664554787755183
TRAIN_1207,0.4967198402307675,0.506209592160955
TRAIN_1208,0.5103788882748092,0.5296206321214953
TRAIN_1209,0.430462008974603,0.4035171777518505
TRAIN_1210,0.1984162751478004,0.1852311049139912
TRAIN_1211,0.5046079938167131,0.5065035490035343
TRAIN_1212,0.3354429320541578,0.2593292378806772
TRAIN_1213,0.5107148973610108,0.5445187717767386
TRAIN_1214,0.4878893968694874,0.4945079213019673
TRAIN_1215,0.6832921819744877,0.7424824453451243
TRAIN_1216,0.3882758678455851,0.3527602354961903
TRAIN_1217,0.422433579856343,0.3978371535965722
TRAIN_1218,0.4530880108503479,0.46518165274816115
TRAIN_1219,0.5579222334028573,0.5702177591681143
TRAIN_1220,0.5500392090151419,0.5575833425522239
TRAIN_1221,0.2635267697487182,0.1672839339805188
TRAIN_1222,0.531466273951733,0.5679329583209645
TRAIN_1223,0.444806629197022,0.4461750490891317
TRAIN_1224,0.4844347659805077,0.496287439054513
TRAIN_1225,0.5053773557014333,0.5072729108882545
TRAIN_1226,0.5035415336192447,0.5130312855494322
TRAIN_1227,0.5192104427957301,0.5495731839936
TRAIN_1228,0.5334437564788705,0.5638064976767405
TRAIN_1229,0.5063418746098497,0.5361561457168256
TRAIN_1230,0.4755028868946478,0.48585402365290087
TRAIN_1231,0.5731542016237207,0.6038020505061596
TRAIN_1232,0.4744372983655445,0.47929681950357544
TRAIN_1233,0.6103721421700407,0.6493877698409064
TRAIN_1234,0.5012143948990426,0.5032523015540572
TRAIN_1235,0.441707542799186,0.4171111165394152
TRAIN_1236,0.3230021347260056,0.2490424392139943
TRAIN_1237,0.4138023111963366,0.3985470932549461
TRAIN_1238,0.4055914832388167,0.39476372048525565
TRAIN_1239,0.2271417725739004,0.1448753670157921
TRAIN_1240,0.4511730467490049,0.45254146664111455
TRAIN_1241,0.4480147385026954,0.46010838040050867
TRAIN_1242,0.4965054997070616,0.5100409539339652
TRAIN_1243,0.860063014060421,0.8664582248545825
TRAIN_1244,0.5091575420973625,0.5389718132043384
TRAIN_1245,0.2101325302767188,0.19595752961566082
TRAIN_1246,0.3388254051723366,0.262711710998856
TRAIN_1247,0.490177249389843,0.4967957738223229
TRAIN_1248,0.5024543849422766,0.5119441368724641
TRAIN_1249,0.5454632002343007,0.5576174071317841
TRAIN_1250,0.3493379543157608,0.27943908341338963
TRAIN_1251,0.5533470347289863,0.5655012416264698
TRAIN_1252,0.7319763432905823,0.737439525114657
TRAIN_1253,0.7033756778065815,0.7605348472689342
TRAIN_1254,0.7734777422688083,0.7798729530629698
TRAIN_1255,0.4643341633055298,0.47165361161108255
TRAIN_1256,0.2844971392506158,0.19167367887791698
TRAIN_1257,0.311388423790984,0.24148955288861285
TRAIN_1258,0.4997716400521866,0.5133070942790903
TRAIN_1259,0.5552882333854693,0.5674424402829528
TRAIN_1260,0.5456867865070602,0.5579823122723173
TRAIN_1261,0.4913303131806306,0.5031829862546359
TRAIN_1262,0.4247440326675485,0.4041897158057826
TRAIN_1263,0.730845923769528,0.7383512546004507
TRAIN_1264,0.4954711617582401,0.5040728521389465
TRAIN_1265,0.5364466603945468,0.5668094015924168
TRAIN_1266,0.1002366900817205,0.08767938481212431
TRAIN_1267,0.5359651617242025,0.572431846093434
TRAIN_1268,0.4557664980227818,0.455489740982729
TRAIN_1269,0.4685435317308517,0.4758629800364045
TRAIN_1270,0.5928226451496158,0.6318382728204816
TRAIN_1271,0.4177302203227078,0.3971759034609419
TRAIN_1272,0.4154490408719981,0.38850420964924554
TRAIN_1273,0.7106717999634228,0.7729715592276012
TRAIN_1274,0.4992525958922367,0.5127880501191404
TRAIN_1275,0.5336658709163036,0.5701325552855351
TRAIN_1276,0.4145359397763251,0.38759110855357254
TRAIN_1277,0.3486797198556458,0.2787808489532746
TRAIN_1278,0.3021523266614948,0.24534272429589926
TRAIN_1279,0.7720426806941717,0.7799776207257907
TRAIN_1280,0.5056403443656382,0.5248820882123244
TRAIN_1281,0.5196587032563538,0.5350602507146545
TRAIN_1282,0.2126319346617396,0.1994467644279304
TRAIN_1283,0.5198100377849104,0.5501727789827804
TRAIN_1284,0.4623813503610141,0.47447499225882733
TRAIN_1285,0.5296921478764894,0.5611808660579147
TRAIN_1286,0.4520213777221695,0.4517446206821166
TRAIN_1287,0.55035115351614,0.5625053604136234
TRAIN_1288,0.080032659505168,0.06551370439968335
TRAIN_1289,0.504884109121628,0.5241258529683142
TRAIN_1290,0.498298976974688,0.5077887289048755
TRAIN_1291,0.6442562308367977,0.7065559901009761
TRAIN_1292,0.5493458448143075,0.561500051711791
TRAIN_1293,0.4273906609262765,0.4109442878556138
TRAIN_1294,0.4261894537994905,0.4056351369377246
TRAIN_1295,0.4925671890484198,0.5162216301273281
TRAIN_1296,0.491059737687402,0.5147141787663104
TRAIN_1297,0.3531746186614894,0.2963650162958939
TRAIN_1298,0.4859283282751318,0.5013195296360567
TRAIN_1299,0.062326656910483,0.0491414866766738
TRAIN_1300,0.2956723842125788,0.1994295484443794
TRAIN_1301,0.3376733005554235,0.26371360504341224
TRAIN_1302,0.5063999263019383,0.5365612200727365
TRAIN_1303,0.2659396068776507,0.17311614650495188
TRAIN_1304,0.5219687368030017,0.5584354211722332
TRAIN_1305,0.1950184656672121,0.18232545832143027
TRAIN_1306,0.255873865691218,0.15851202679595305
TRAIN_1307,0.6882338898562613,0.751900016131977
TRAIN_1308,0.3646598473440294,0.2947609764416582
TRAIN_1309,0.4221677462289867,0.4016134293672208
TRAIN_1310,0.2593608795332238,0.16653741916052495
TRAIN_1311,0.4457744198572262,0.4211779935974554
TRAIN_1312,0.4057343734671207,0.38846848580839544
TRAIN_1313,0.8298424582597469,0.8359491041256044
TRAIN_1314,0.4745499836296774,0.4758388228995164
TRAIN_1315,0.4265592976785039,0.3996144664557514
TRAIN_1316,0.2156273437448544,0.11826550484958945
TRAIN_1317,0.6469786845724413,0.710644810848157
TRAIN_1318,0.411719697336003,0.400891934582442
TRAIN_1319,0.4509360208990648,0.46302966279687807
TRAIN_1320,0.5425828841455687,0.5501270176826506
TRAIN_1321,9.083383806157697e-05,0.0
TRAIN_1322,0.5416608309353274,0.5646555724565776
TRAIN_1323,0.6268124052991985,0.6600474998104253
TRAIN_1324,0.542293020319574,0.5494617115733041
TRAIN_1325,0.4843518108336924,0.5080062519126007
TRAIN_1326,0.4879684487868898,0.4998211218608951
TRAIN_1327,0.5138881387173778,0.5437024098243537
TRAIN_1328,0.498568355203483,0.5006062618584977
TRAIN_1329,0.7367486020322757,0.7431438128264372
TRAIN_1330,0.4373319149698658,0.4220766970284753
TRAIN_1331,0.1980303785777482,0.18533737123196636
TRAIN_1332,0.5699730950373804,0.5822686208026375
TRAIN_1333,0.515227365409364,0.5453886591801622
TRAIN_1334,0.4199933356521699,0.40354696258150724
TRAIN_1335,0.5135361350829798,0.5473400094987075
TRAIN_1336,0.4958542864425013,0.5044559768232078
TRAIN_1337,0.6174262935256339,0.6506613880368608
TRAIN_1338,0.473569115610795,0.4808885639163478
TRAIN_1339,0.4986682934900283,0.5122037477169319
TRAIN_1340,0.496971588717995,0.5055732790987014
TRAIN_1341,0.4793970159790168,0.4806858552488558
TRAIN_1342,0.4548790041582267,0.4546022471181739
TRAIN_1343,0.6296216118477446,0.6628567063589714
TRAIN_1344,0.4377505321181344,0.4224953141767439
TRAIN_1345,0.4409466093181065,0.41400177809535393
TRAIN_1346,0.4349927685149368,0.41854639544427413
TRAIN_1347,0.8833922025410255,0.8908975333719482
TRAIN_1348,0.8937775258877206,0.8992407077117954
TRAIN_1349,0.6114149564088868,0.6504305840797525
TRAIN_1350,0.4010099303444683,0.3901821675909073
TRAIN_1351,0.2903760456075714,0.19413320983937202
TRAIN_1352,0.6210443420499047,0.6592346166211609
TRAIN_1353,0.4864375324740453,0.5100919735529537
TRAIN_1354,0.5329409450182796,0.5694076293875111
TRAIN_1355,0.4529150710315348,0.4466650179240378
TRAIN_1356,0.3834950488382085,0.3479794164888137
TRAIN_1357,0.6074848917417603,0.6462931436333679
TRAIN_1358,0.2403447430289746,0.1580783374708663
TRAIN_1359,0.5357122813201952,0.5511138287784959
TRAIN_1360,0.5030797584001544,0.5125695103303419
TRAIN_1361,0.4658277759401872,0.4727054690358202
TRAIN_1362,0.5727464362601173,0.5850419620253744
TRAIN_1363,0.5569957934998978,0.5645399270369797
TRAIN_1364,0.4892695661322663,0.4958880905647462
TRAIN_1365,0.4631361696676737,0.47348730642592674
TRAIN_1366,0.4644202056802196,0.47173965398577233
TRAIN_1367,0.1859831420949416,0.17146418698945695
TRAIN_1368,0.4745951935845378,0.4819146418900906
TRAIN_1369,0.4553719380042824,0.4491218848967854
TRAIN_1370,0.491996306043388,0.5014860579735755
TRAIN_1371,0.606788144947524,0.6449784195187802
TRAIN_1372,0.8010600533826935,0.8085653842136162
TRAIN_1373,0.4696262887189605,0.47694573702451326
TRAIN_1374,0.3914078396897973,0.3805800769362363
TRAIN_1375,0.4892721001057458,0.4958906245382257
TRAIN_1376,0.1926334996423769,0.1794483294085677
TRAIN_1377,0.4791191915962732,0.5027736326751816
TRAIN_1378,0.5479507713754302,0.5602462971406874
TRAIN_1379,0.2381928203872202,0.14536936001452136
TRAIN_1380,0.4882573975809925,0.5119118386599009
TRAIN_1381,0.2754656037837215,0.18199624536586528
TRAIN_1382,0.3685014803677613,0.3576737176142003
TRAIN_1383,0.5259669983211528,0.5382410604082525
TRAIN_1384,0.4082204429826778,0.3973926802291168
TRAIN_1385,0.4658015416079363,0.4726792347035693
TRAIN_1386,0.2270200677526773,0.144753662194569
TRAIN_1387,0.4156218180488751,0.3950675011871092
TRAIN_1388,0.220061780183561,0.12723831981086217
TRAIN_1389,0.2113760706875408,0.11790671226968462
TRAIN_1390,0.4381644846817757,0.4229092667403852
TRAIN_1391,0.4873650294190138,0.4951732949242019
TRAIN_1392,0.4539785937020886,0.4537018366620358
TRAIN_1393,0.6419614832085255,0.7011517465791621
TRAIN_1394,0.579870958980469,0.6131060534916959
TRAIN_1395,0.6651604006489708,0.7274601599131492
TRAIN_1396,0.6403897573608903,0.7091081472547465
TRAIN_1397,0.3991033875068092,0.3818374998480839
TRAIN_1398,0.536517964357512,0.5487920264446117
TRAIN_1399,0.5310293098435701,0.5464308573018708
TRAIN_1400,0.7688801417624959,0.7768150817941148
TRAIN_1401,0.5226298481017158,0.5529925892995857
TRAIN_1402,0.441306604192957,0.4248602311222943
TRAIN_1403,0.1648533556035634,0.15067835494250542
TRAIN_1404,0.4203435844641996,0.3933987532414471
TRAIN_1405,0.4375052095223057,0.42105883645164305
TRAIN_1406,0.6970585103298591,0.7562487737004957
TRAIN_1407,0.811396959977082,0.8175036058429395
TRAIN_1408,0.4882564587548923,0.5119108998338007
TRAIN_1409,0.5741094531057187,0.6122997276769748
TRAIN_1410,0.5377828359456561,0.5742495203148876
TRAIN_1411,0.3042465607319315,0.23434768982956034
TRAIN_1412,0.4199912612275735,0.3953948349678027
TRAIN_1413,0.8635521526079617,0.8696587984738191
TRAIN_1414,0.4664483134101511,0.4677371526799901
TRAIN_1415,0.3603731888699802,0.2842594946964996
TRAIN_1416,0.4961158433509909,0.5047175337316974
TRAIN_1417,0.4417434458533728,0.4211891289916069
TRAIN_1418,0.5155252705652641,0.5347670144119503
TRAIN_1419,0.4887620905003637,0.500614763574369
TRAIN_1420,0.7512181400024877,0.7566813218265624
TRAIN_1421,0.4543412102731397,0.4504368214592933
TRAIN_1422,0.5209775442837282,0.5524662624651535
TRAIN_1423,0.5024775147226563,0.5110792051033628
TRAIN_1424,0.492305480955131,0.5017952328853185
TRAIN_1425,0.528331257080519,0.5598199752619443
TRAIN_1426,0.7262663800849102,0.7854566434555468
TRAIN_1427,0.5140738737396094,0.5478777481553372
TRAIN_1428,0.154056954486626,0.13988195382556806
TRAIN_1429,0.5076890734975436,0.5375033446045194
TRAIN_1430,0.5447592820197894,0.5569134889172729
TRAIN_1431,0.484074466299478,0.4906929907319579
TRAIN_1432,0.2122489848865683,0.11877962646871211
TRAIN_1433,0.7260700112330049,0.7947884011268609
TRAIN_1434,0.4902975552964161,0.505688756657341
TRAIN_1435,0.5320491748033201,0.5635378929847454
TRAIN_1436,0.5207228617171652,0.551085602915035
TRAIN_1437,0.4462903503404118,0.4400402972329148
TRAIN_1438,0.4865984491013499,0.49845112217535525
TRAIN_1439,0.3418119198495566,0.265698225676076
TRAIN_1440,0.5114961034932523,0.5413103746002281
TRAIN_1441,0.2354768198845076,0.14200746146665144
TRAIN_1442,0.2408931583456787,0.1474237999278225
TRAIN_1443,0.5567433225764126,0.5797380640976628
TRAIN_1444,0.456552037945472,0.4526476491316257
TRAIN_1445,0.7795703309742851,0.7875052710059041
TRAIN_1446,0.0681056131195596,0.053586658014074945
TRAIN_1447,0.5717321082088153,0.6023799570912542
TRAIN_1448,0.2853062094643593,0.19248274909166047
TRAIN_1449,0.4209115720230715,0.405656354081681
TRAIN_1450,0.675636376090778,0.7348266394614146
TRAIN_1451,0.3001532293391614,0.2291864220429225
TRAIN_1452,0.5267427398585295,0.563209424227761
TRAIN_1453,0.3610106896806413,0.29004388238440243
TRAIN_1454,0.4962255086246139,0.5057152605548014
TRAIN_1455,0.4491034083887157,0.44882665134866284
TRAIN_1456,0.5531622984978565,0.5761570400191067
TRAIN_1457,0.8488939555812749,0.8563992864121976
TRAIN_1458,0.485533793721586,0.4973864667955913
TRAIN_1459,0.4959882529475024,0.5054780048776899
TRAIN_1460,0.6873364821796769,0.7465267455503135
TRAIN_1461,0.0717058063637211,0.05753080570266314
TRAIN_1462,0.4668243956569238,0.47717553241517685
TRAIN_1463,0.4587899565334591,0.4601583764255688
TRAIN_1464,0.4368171940117337,0.42037082094107103
TRAIN_1465,0.4549848001504408,0.4510804113365945
TRAIN_1466,0.4389933245379323,0.4225469514672696
TRAIN_1467,0.4985201450923908,0.5120555993192945
TRAIN_1468,0.4782585721206607,0.4795474113904997
TRAIN_1469,0.6066727194754081,0.6456883471462739
TRAIN_1470,0.5171724035358637,0.5385932270452085
TRAIN_1471,0.4143912165841397,0.3938368997223738
TRAIN_1472,0.0860150525251326,0.07149609741964795
TRAIN_1473,0.514890787889056,0.5450520816598543
TRAIN_1474,0.4633535700484912,0.47067301835404396
TRAIN_1475,0.6264312238632271,0.6856214872338637
TRAIN_1476,0.2130491950279476,0.2003561876821658
TRAIN_1477,0.5447430154330365,0.5677377569542867
TRAIN_1478,0.4301773520420602,0.4055809257822894
TRAIN_1479,0.4893803846582054,0.5130348257371138
TRAIN_1480,0.6183550140853705,0.6515901085965974
TRAIN_1481,0.5326426544761748,0.5480442019344755
TRAIN_1482,0.2681562977772642,0.1719134620090648
TRAIN_1483,0.3872520800534769,0.3517364477040821
TRAIN_1484,0.4971469035386776,0.506636655468865
TRAIN_1485,0.4914895678378039,0.5033422409118092
TRAIN_1486,0.5304691948269694,0.5427432569140691
TRAIN_1487,0.3617282618548607,0.2877685663428494
TRAIN_1488,0.9602700057600618,0.9657331875841366
TRAIN_1489,0.4822405708050479,0.5058950118839562
TRAIN_1490,0.4218929823221651,0.3972965560623943
TRAIN_1491,0.621420649719014,0.6602289016106215
TRAIN_1492,0.5105655350747301,0.5443694094904579
TRAIN_1493,0.2082335891611133,0.19405858850005536
TRAIN_1494,0.4206517861373289,0.4053965681959384
TRAIN_1495,0.2900346364724279,0.1965652780545717
TRAIN_1496,0.432918061098236,0.4083216348384652
TRAIN_1497,0.7238708154462844,0.7861705747104628
TRAIN_1498,0.4254193766465344,0.4008229503867636
TRAIN_1499,0.3314393683114054,0.2553256741379248
TRAIN_1500,0.5589492988637477,0.5819440403849978
TRAIN_1501,0.6404962283311658,0.7041623546068815
TRAIN_1502,0.4767114326212918,0.4780002718911308
TRAIN_1503,0.4002369309986612,0.3647212986492664
TRAIN_1504,0.5142847875217212,0.5335265313684074
TRAIN_1505,0.9577936878389548,0.9641888986331164
TRAIN_1506,0.1798343056295666,0.1672770003599704
TRAIN_1507,0.2933004763996659,0.1970576406314665
TRAIN_1508,0.4789657866799259,0.48677405218511405
TRAIN_1509,0.5639066424430546,0.5714507759801365
TRAIN_1510,0.4682152026542692,0.47307472379230014
TRAIN_1511,0.4229778986255874,0.39603306740283484
TRAIN_1512,0.4467013148011317,0.44806973469324135
TRAIN_1513,0.9129438079281496,0.9208787479597687
TRAIN_1514,0.4579819151948505,0.47007555709266374
TRAIN_1515,0.4390349487183616,0.41443852245859075
TRAIN_1516,0.4332743303025792,0.4127200134408133
TRAIN_1517,0.3427818526657622,0.27181504536952333
TRAIN_1518,0.5270306877438315,0.5573934289417015
TRAIN_1519,0.5013854406787416,0.5034233473337562
TRAIN_1520,0.5505957771676547,0.5581399107047367
TRAIN_1521,0.3058972077889417,0.2349304004927028
TRAIN_1522,0.4133213527674769,0.4024935900139158
TRAIN_1523,0.4224157545730227,0.4071605366316322
TRAIN_1524,0.1643995100945494,0.15022450943349142
TRAIN_1525,0.4663954692407475,0.47371491754630024
TRAIN_1526,0.5514368945662759,0.5744316360875261
TRAIN_1527,0.4951548103126656,0.5086902645395692
TRAIN_1528,0.1701756804917937,0.1574826731460119
TRAIN_1529,0.3200397032024054,0.2460800076903941
TRAIN_1530,0.4994419949913263,0.5080436853720327
TRAIN_1531,0.2839179191700577,0.2016515136119494
TRAIN_1532,0.4824774081999942,0.49433008127399947
TRAIN_1533,0.5498373730388152,0.5619915799362987
TRAIN_1534,0.3647132903579482,0.2907535948459369
TRAIN_1535,0.4939172202786316,0.5034069722088191
TRAIN_1536,0.7468395695241373,0.7529462153899948
TRAIN_1537,0.4943580372815008,0.5038477892116883
TRAIN_1538,0.6421720521604276,0.6993312216227803
TRAIN_1539,0.5538112588772882,0.5661067846425454
TRAIN_1540,0.5119377942256026,0.5457416686413303
TRAIN_1541,0.4753157051131735,0.47660454438301253
TRAIN_1542,0.6052696563337875,0.644077908225395
TRAIN_1543,0.3685844603604511,0.3577566976068901
TRAIN_1544,0.427375712856424,0.4027792865966532
TRAIN_1545,0.4037848471885255,0.39295708443496447
TRAIN_1546,0.6504899717453795,0.7127897310095579
TRAIN_1547,0.263505082366728,0.1672622465985286
TRAIN_1548,0.5234399647762417,0.5538027059741115
TRAIN_1549,0.1685965442773664,0.1560392390077702
TRAIN_1550,0.4808418918219939,0.4874604162544738
TRAIN_1551,0.9773553871016376,0.9852903271332567
TRAIN_1552,0.3397013938633284,0.2657416983513171
TRAIN_1553,0.4099241139766034,0.3990963512230423
TRAIN_1554,0.2173795449772926,0.1351131394191843
TRAIN_1555,0.2611321044821399,0.16766274606428372
TRAIN_1556,0.6414740173025145,0.6986331867648672
TRAIN_1557,0.0811330878499095,0.0685757825803133
TRAIN_1558,0.5997669449191428,0.6387825725900086
TRAIN_1559,0.2851065264605761,0.1916371680427199
TRAIN_1560,0.9905780043723128,0.9969732151664743
TRAIN_1561,0.3700308645061386,0.3592031017525775
TRAIN_1562,0.4161853908484782,0.3915889645887074
TRAIN_1563,0.4562523427396697,0.46834598463748295
TRAIN_1564,0.8498682761206297,0.8559749219864872
TRAIN_1565,0.5159772793801114,0.5352190232267976
TRAIN_1566,0.6163766390086033,0.655392266679469
TRAIN_1567,0.4329763104483484,0.4124219935865825
TRAIN_1568,0.5142371511296492,0.535657974638994
TRAIN_1569,0.3460346513186114,0.2720749558066001
TRAIN_1570,0.8057422017744692,0.8132475326053921
TRAIN_1571,0.4054646852562926,0.38819879759756737
TRAIN_1572,0.5329246030253946,0.5693912873946261
TRAIN_1573,0.3933577220339224,0.3760918343751971
TRAIN_1574,0.1583828883859562,0.145197718152147
TRAIN_1575,0.7805457532488647,0.7860089350729393
TRAIN_1576,0.4456695535061261,0.42107312724635526
TRAIN_1577,0.52061551849281,0.5360170659511106
TRAIN_1578,0.4979749116324603,0.5065766020131668
TRAIN_1579,0.3571221643088456,0.28100847013536495
TRAIN_1580,0.2054908873547685,0.1929335820851723
TRAIN_1581,0.547581186772521,0.5598767125377782
TRAIN_1582,0.5673830084033178,0.5795372153008012
TRAIN_1583,0.3643698319586301,0.3075602295930346
TRAIN_1584,0.401306148509501,0.36579051616010616
TRAIN_1585,0.5464645902457043,0.5587601160109614
TRAIN_1586,0.2203213638090126,0.12295952491374765
TRAIN_1587,0.3005328698625811,0.22441917568910047
TRAIN_1588,0.3526849874428072,0.27657129326932656
TRAIN_1589,0.5149466419360255,0.5341883857827117
TRAIN_1590,0.4134281496541619,0.3864833184314094
TRAIN_1591,0.2654403805970753,0.183173975038967
TRAIN_1592,0.2607999241878041,0.16343808529253917
TRAIN_1593,0.4691069423657448,0.47396646350377575
TRAIN_1594,0.4940958280706675,0.4959913832574888
TRAIN_1595,0.3978842494941361,0.387056486740575
TRAIN_1596,0.1709264686577213,0.15675146799666334
TRAIN_1597,0.2533128842724438,0.1710464787143355
TRAIN_1598,0.5386563588548773,0.5690191000527471
TRAIN_1599,0.4392767240139739,0.41468029775420306
TRAIN_1600,0.4568936637962174,0.45826208368832705
TRAIN_1601,0.4949121285839917,0.5044018805141792
TRAIN_1602,0.4696508215005184,0.47697026980607116
TRAIN_1603,0.4208191300369782,0.4002648131752123
TRAIN_1604,0.5775876226694141,0.6082354715518532
TRAIN_1605,0.3690214499047762,0.33350581755538133
TRAIN_1606,0.528032957811078,0.5434345052693786
TRAIN_1607,0.7111765187545745,0.7798949086484306
TRAIN_1608,0.3521228544226892,0.2953132520570937
TRAIN_1609,0.4416361981562868,0.42638098021489623
TRAIN_1610,0.4441107762479725,0.4402063874341262
TRAIN_1611,0.5130395158625135,0.5468433902782412
TRAIN_1612,0.4957753887200322,0.5052651406502197
TRAIN_1613,0.7634765521215027,0.7698717629156642
TRAIN_1614,0.2170913684937626,0.1348249629356543
TRAIN_1615,0.4407738055710443,0.41382897434829174
TRAIN_1616,0.6868479923686572,0.7555663822625134
TRAIN_1617,0.5459016163907701,0.5688963579120203
TRAIN_1618,0.4274015157996541,0.40045668457690153
TRAIN_1619,0.2710387656935007,0.17821530532080188
TRAIN_1620,0.7539080140373349,0.7614133448682576
TRAIN_1621,0.4513829941122693,0.4511062370722164
TRAIN_1622,0.4884447275888153,0.5002974006628206
TRAIN_1623,0.1169493688197131,0.1037641985859039
TRAIN_1624,0.4966246886298016,0.5101601428567053
TRAIN_1625,0.525802292367077,0.5572910105485023
TRAIN_1626,0.6779113729669595,0.7350705424293121
TRAIN_1627,0.4347626564712271,0.4142083396094612
TRAIN_1628,0.4661173143484109,0.47097683548644187
TRAIN_1629,0.484471774638114,0.4922800401433021
TRAIN_1630,0.4373496525668427,0.42090327949618006
TRAIN_1631,0.5603296155543555,0.5726251413196126
TRAIN_1632,0.5219345033518539,0.5584011877210854
TRAIN_1633,0.9766757412006616,0.9827823870665191
TRAIN_1634,0.2068071292057957,0.19411412186001387
TRAIN_1635,0.5766440565398945,0.6072919054223336
TRAIN_1636,0.5128703198541119,0.5342911433634567
TRAIN_1637,0.4876603738262397,0.4942788982587196
TRAIN_1638,0.5179437252695053,0.5477579963764811
TRAIN_1639,0.3800711555976545,0.34455552324825967
TRAIN_1640,0.673120891810262,0.7323111551808986
TRAIN_1641,0.6334131568669324,0.6957129161311109
TRAIN_1642,0.5092134447330586,0.5306342682424035
TRAIN_1643,0.4782676286061739,0.49365882996709887
TRAIN_1644,0.1763511429619418,0.16365813561615994
TRAIN_1645,0.5554232145254218,0.5625919057791519
TRAIN_1646,0.839052605217692,0.846987545249311
TRAIN_1647,0.3044695437519907,0.22835584957851007
TRAIN_1648,0.3640156630188926,0.29005596750688134
TRAIN_1649,0.3258059616576543,0.2548391543614154
TRAIN_1650,0.5562594995466826,0.5634281908004127
TRAIN_1651,0.398700783224654,0.38787302047109296
TRAIN_1652,0.3720696854345819,0.33655405308518704
TRAIN_1653,0.4333742846899684,0.41692791161930576
TRAIN_1654,0.3919429251146984,0.3564272927653036
TRAIN_1655,0.5566936971286959,0.5642378306657778
TRAIN_1656,0.4530761599093479,0.4468261068018509
TRAIN_1657,0.7616351481772953,0.7680303589714568
TRAIN_1658,0.5563339630383234,0.5684881699358069
TRAIN_1659,0.5227175960522744,0.5381191435105751
TRAIN_1660,0.5097958223073337,0.5312166458166785
TRAIN_1661,0.4877236642071287,0.5031148655680536
TRAIN_1662,0.4084910451912725,0.3912251575325473
TRAIN_1663,0.5487653111510045,0.5563094446880864
TRAIN_1664,0.1096048443182047,0.0964196740843955
TRAIN_1665,0.6126960444373248,0.6459311389485516
TRAIN_1666,0.4099395300578178,0.374423897708423
TRAIN_1667,0.195655667307035,0.18247049707322582
TRAIN_1668,0.5213090080439619,0.5335830701310615
TRAIN_1669,0.4867494280347119,0.49860210110871717
TRAIN_1670,0.4510724841099809,0.4448224310024839
TRAIN_1671,0.4439033704066785,0.4436266133666257
TRAIN_1672,0.4349006444608652,0.41030421820109436
TRAIN_1673,0.6797300595080459,0.7368892289703985
TRAIN_1674,0.429211890320414,0.4046154640606432
TRAIN_1675,0.9745237827210684,0.9820291135519912
TRAIN_1676,0.6814534487161419,0.7386126181784946
TRAIN_1677,0.4026667628421506,0.3918390000885895
TRAIN_1678,0.6301088134649472,0.6924085727291256
TRAIN_1679,0.5065239704376826,0.5257657142843688
TRAIN_1680,0.469935702920428,0.474795224058459
TRAIN_1681,0.4491766935432609,0.4452723047294146
TRAIN_1682,0.7333757896292544,0.7397710004234159
TRAIN_1683,0.5357952706003428,0.5480693326874425
TRAIN_1684,0.3733947441354933,0.3378791117860984
TRAIN_1685,0.514080219152333,0.543894490259309
TRAIN_1686,0.3545125047735283,0.2846136338711571
TRAIN_1687,0.4205614700900951,0.40411509701943243
TRAIN_1688,0.4987411255011771,0.5073428158818836
TRAIN_1689,0.6103036802325318,0.6409515291149708
TRAIN_1690,0.3878753677781432,0.37060948011941797
TRAIN_1691,0.203493543951093,0.19080053660531116
TRAIN_1692,0.5018434554653946,0.5153789096922983
TRAIN_1693,0.4190891270440057,0.39214429582125315
TRAIN_1694,0.6260418500434718,0.6650574777143375
TRAIN_1695,0.5888033043199373,0.6276115562115449
TRAIN_1696,0.5153012630936145,0.5491051375093423
TRAIN_1697,0.4734535632124356,0.4803312563080686
TRAIN_1698,0.4642751222645477,0.47462625902280076
TRAIN_1699,0.5469486335524756,0.5592441593177326
TRAIN_1700,0.5054330177169706,0.5268538412263155
TRAIN_1701,0.4433588027611003,0.4430820457210475
TRAIN_1702,0.4793285164452756,0.4911811895192809
TRAIN_1703,0.8299728206361588,0.8354360024602336
TRAIN_1704,0.5068110742731116,0.5282318977824565
TRAIN_1705,0.4788787897294702,0.49426999109039516
TRAIN_1706,0.3813404433684902,0.37051268061492915
TRAIN_1707,0.2176608021705554,0.1353943966124471
TRAIN_1708,0.4923214831402114,0.5009231735209179
TRAIN_1709,0.1223959320357374,0.10970292468995556
TRAIN_1710,0.7151046492345596,0.7774044084987382
TRAIN_1711,0.4453910325180543,0.441486643704208
TRAIN_1712,0.7769325710806338,0.7823957529047085
TRAIN_1713,0.4988452194515273,0.512380673678431
TRAIN_1714,0.4572099339992809,0.4569331769592281
TRAIN_1715,0.5359774726514365,0.5513790201097372
TRAIN_1716,0.2965862406434594,0.2256194333472205
TRAIN_1717,0.9633773126946308,0.9688404945187055
TRAIN_1718,0.4904593882628794,0.49826765376806753
TRAIN_1719,0.5855555582261208,0.6187906527373477
TRAIN_1720,0.6298261683542542,0.6630612628654811
TRAIN_1721,0.4386524323410063,0.4140560060812355
TRAIN_1722,0.5919020244599627,0.6225498733424017
TRAIN_1723,0.4185608923691183,0.3980065755073524
TRAIN_1724,0.7617378921431411,0.769243222974064
TRAIN_1725,0.6557347714577754,0.7180345307219538
TRAIN_1726,0.1402397994355672,0.1260647987745092
TRAIN_1727,0.4832610123752798,0.49511368544928513
TRAIN_1728,0.6460392763826329,0.7052295397532695
TRAIN_1729,0.5117143423241342,0.545518216739862
TRAIN_1730,0.5444678888820704,0.5516365801358005
TRAIN_1731,0.5123312066183948,0.5337520301277396
TRAIN_1732,0.2823464443457318,0.2000800387876235
TRAIN_1733,0.4522969639479168,0.4460469108404198
TRAIN_1734,0.476159566341178,0.4834790146467308
TRAIN_1735,0.4952112022707218,0.49710675745754307
TRAIN_1736,0.5972372433465053,0.6360454952381128
TRAIN_1737,0.2538921113895744,0.1716257058314661
TRAIN_1738,0.2261404027779427,0.13267104436008653
TRAIN_1739,0.5215273503684686,0.5530160685498939
TRAIN_1740,0.4889688148170789,0.4955873392495588
TRAIN_1741,0.4232158860129577,0.406769512942295
TRAIN_1742,0.3711265393691058,0.3538606517103805
TRAIN_1743,0.7319749232864637,0.7374381051105385
TRAIN_1744,0.4219389843624189,0.39734255810264807
TRAIN_1745,0.4970196585148738,0.5056213488955802
TRAIN_1746,0.5967700874077382,0.6355783392993457
TRAIN_1747,0.4988774736880803,0.5074791640687867
TRAIN_1748,0.4987801829025244,0.5123156371294281
TRAIN_1749,0.3800957376958151,0.3628298500370899
TRAIN_1750,0.4132688574445902,0.3960029697858649
TRAIN_1751,0.5560706178407361,0.563614751377818
TRAIN_1752,0.4732238162268509,0.4745126554966899
TRAIN_1753,0.6604643848728196,0.7176235543351722
TRAIN_1754,0.1104114851952246,0.09589253008973996
TRAIN_1755,0.3999800287131674,0.3891522659596064
TRAIN_1756,0.6795998557600855,0.7483182456539417
TRAIN_1757,0.4921563714831563,0.4987748959156362
TRAIN_1758,0.4209655628531696,0.3963691365933988
TRAIN_1759,0.3275879571231258,0.27077835475753026
TRAIN_1760,0.4792995770662895,0.49469077842721443
TRAIN_1761,0.7815542605251925,0.7870174423492673
TRAIN_1762,0.4461825739744741,0.44755099386658376
TRAIN_1763,0.4924499215448607,0.5019396734750482
TRAIN_1764,0.5362454865906683,0.5677342047720936
TRAIN_1765,0.4251717837379059,0.40461746687614
TRAIN_1766,0.4616594626173822,0.468978910922935
TRAIN_1767,0.4112097090987852,0.3939438214400599
TRAIN_1768,0.6276719474748952,0.660907041986122
TRAIN_1769,0.5699573643122452,0.6087656162038527
TRAIN_1770,0.4976261106116084,0.499664017266623
TRAIN_1771,0.4733191199734525,0.4746079592432915
TRAIN_1772,0.4531058360338734,0.4468557829263764
TRAIN_1773,0.0679329851392536,0.05341403003376895
TRAIN_1774,0.2382851043778711,0.14092326548260614
TRAIN_1775,0.525940009452096,0.5624066938213275
TRAIN_1776,0.545368757314006,0.5525374485677361
TRAIN_1777,0.5828931392568002,0.621908766927666
TRAIN_1778,0.5922250307068249,0.622872879589264
TRAIN_1779,0.4875987418167564,0.4942172662492363
TRAIN_1780,0.2653028927020958,0.1830364871439875
TRAIN_1781,0.5809890760661222,0.6191793506373784
TRAIN_1782,0.4890798227953674,0.5009324958693727
TRAIN_1783,0.6515487761474593,0.7107390395180959
TRAIN_1784,0.3241380822760698,0.2480243881025892
TRAIN_1785,0.3067064977227688,0.23274680221075753
TRAIN_1786,0.5424829261072769,0.5500270596443588
TRAIN_1787,0.4467337447043562,0.44282935589050987
TRAIN_1788,0.5012071308106819,0.5098088211913883
TRAIN_1789,0.5203667108032496,0.5326407728903493
TRAIN_1790,0.4983727618444691,0.5004106684994837
TRAIN_1791,0.4971116131409488,0.5066013650711363
TRAIN_1792,0.5166653822265544,0.5380862057358993
TRAIN_1793,0.4713432688723982,0.4782209619680312
TRAIN_1794,0.6764414678784331,0.7356317312490697
TRAIN_1795,0.5062485899750709,0.5276694134844158
TRAIN_1796,0.3827112366797559,0.347195604330361
TRAIN_1797,0.5153950781719328,0.5368159016812777
TRAIN_1798,0.6988703129261014,0.7611700721902799
TRAIN_1799,0.5518329716509314,0.5590016629046615
TRAIN_1800,0.4875358709626606,0.49534413646784875
TRAIN_1801,0.4933774919481672,0.49527304713498854
TRAIN_1802,0.5365045439307924,0.5519060913890931
TRAIN_1803,0.4028558506043911,0.3920280878508301
TRAIN_1804,0.5801341530343982,0.6191497807052639
TRAIN_1805,0.5680194451236381,0.57556357866072
TRAIN_1806,0.5283494513994346,0.5437509988577353
TRAIN_1807,0.5100896984839479,0.5315105219932927
TRAIN_1808,0.6008781344745894,0.6398937621454551
TRAIN_1809,0.532551116981394,0.5479526644396947
TRAIN_1810,0.4158011404350978,0.391204714175327
TRAIN_1811,0.1543454826577106,0.14116031242390137
TRAIN_1812,0.5401411447415186,0.5524366705067758
TRAIN_1813,0.3905721505766581,0.37974438782309705
TRAIN_1814,0.8287941747039128,0.8367291147355318
TRAIN_1815,0.2552013582416355,0.1589585224734361
TRAIN_1816,0.4455785753670809,0.44167418655323454
TRAIN_1817,0.4752127111438599,0.48253215944941263
TRAIN_1818,0.0180205002225093,0.003501545117024652
TRAIN_1819,0.49150927266505,0.5033619457390553
TRAIN_1820,0.4946206778019795,0.504110429732167
TRAIN_1821,0.2254488009593683,0.14318239540126002
TRAIN_1822,0.182718678503455,0.1695335082696458
TRAIN_1823,0.2907805409523494,0.19453770518415
TRAIN_1824,0.4594428158336829,0.4608112357257926
TRAIN_1825,0.5148165814938067,0.5486204559095345
TRAIN_1826,0.5293727379077581,0.5658394222769896
TRAIN_1827,0.6193518541776494,0.6581601060692569
TRAIN_1828,0.1915892182669,0.17741421760584203
TRAIN_1829,0.4276888423169212,0.4030924160571504
TRAIN_1830,0.5430293682826247,0.5553248940478819
TRAIN_1831,0.5261875087705717,0.5415890562288724
TRAIN_1832,0.3688702355660111,0.35804247281245005
TRAIN_1833,0.3042238778185542,0.2302641823065429
TRAIN_1834,0.4753535865684831,0.48021310770651404
TRAIN_1835,0.488052848750955,0.4999055218249603
TRAIN_1836,0.4978499794147634,0.5064516697954697
TRAIN_1837,0.3066023975059312,0.23264270199391993
TRAIN_1838,0.5093783646189226,0.5431822390346503
TRAIN_1839,0.4881160170878915,0.5035072184488164
TRAIN_1840,0.286315389396491,0.20404898383838269
TRAIN_1841,0.2990293319719163,0.21676292641380798
TRAIN_1842,0.2436568667208206,0.15083340634812176
TRAIN_1843,0.3511694738839467,0.2772097783719354
TRAIN_1844,0.4884724574931602,0.5121268985720686
TRAIN_1845,0.4778556017486705,0.48517505005422323
TRAIN_1846,0.3727385604966102,0.36191079774304913
TRAIN_1847,0.5209887302887958,0.5574554146580273
TRAIN_1848,0.5109509772318975,0.5323718007412424
TRAIN_1849,0.3423145034513857,0.2855049010857902
TRAIN_1850,0.4877127614309364,0.4943312858634163
TRAIN_1851,0.4907862203121653,0.49859448581735344
TRAIN_1852,0.4906310881932302,0.49843935369841835
TRAIN_1853,0.5625032798222411,0.5696719710759712
TRAIN_1854,0.3538619285220383,0.2970523261564428
TRAIN_1855,0.4939390599862798,0.5074745142131835
TRAIN_1856,0.5222967472353367,0.5587634316045682
TRAIN_1857,0.5453099123425803,0.5576054381078375
TRAIN_1858,0.5318746798490945,0.5441487419361942
TRAIN_1859,0.4008687835292994,0.3653531511799045
TRAIN_1860,0.5221519135900256,0.5525146547878954
TRAIN_1861,0.5146871022928446,0.544848396063643
TRAIN_1862,0.3151898823207925,0.2452910114184213
TRAIN_1863,0.336656713779357,0.26568990648311813
TRAIN_1864,0.4020815021063127,0.39125373935275165
TRAIN_1865,0.2484227577843011,0.15106091888903614
TRAIN_1866,0.5127864336704144,0.5342072571797594
TRAIN_1867,0.5403615633098341,0.547905696846916
TRAIN_1868,0.4703331984897799,0.47519271962781084
TRAIN_1869,0.4461234432636132,0.4458466862235604
TRAIN_1870,0.4613218926308477,0.4626903125229574
TRAIN_1871,0.480534746359027,0.4871532707915069
TRAIN_1872,0.515984364769206,0.5374051882785509
TRAIN_1873,0.4301463758525869,0.4055499495928161
TRAIN_1874,0.6357314612349941,0.6993975875107098
TRAIN_1875,0.5287925015494631,0.5410665636365628
TRAIN_1876,0.4423811099748713,0.4421043529348184
TRAIN_1877,0.5268794111750742,0.5391534732621739
TRAIN_1878,0.531012160207096,0.5432862222941957
TRAIN_1879,0.6444380628934467,0.7067378221576253
TRAIN_1880,0.6477427548194722,0.7114088810951879
TRAIN_1881,0.2800117832143395,0.18264994431907455
TRAIN_1882,0.3620159729656942,0.2859022787922136
TRAIN_1883,0.3307427177536393,0.2608438468512681
TRAIN_1884,0.4935013135240636,0.5001198379565435
TRAIN_1885,0.4854738920834358,0.4973265651574411
TRAIN_1886,0.5226036137342022,0.5540923319156275
TRAIN_1887,0.4072428571484949,0.3899769694897697
TRAIN_1888,0.3361471549592953,0.26218745944728405
TRAIN_1889,0.4243480385680194,0.39975161230824857
TRAIN_1890,0.5765376378462584,0.615345889737866
TRAIN_1891,0.5226509554875927,0.554139673669018
TRAIN_1892,0.1184515724065983,0.10393261730111365
TRAIN_1893,0.8951777990021396,0.9031127390337585
TRAIN_1894,0.6300528621764773,0.6632879566877041
TRAIN_1895,0.4600532262164998,0.47214686811431306
TRAIN_1896,0.2032805133619533,0.19009534312814408
TRAIN_1897,0.8077457804832721,0.815680720514891
TRAIN_1898,0.4176747085515508,0.39307828229178
TRAIN_1899,0.4903392109488391,0.5139936520277475
TRAIN_1900,0.5265053971890074,0.538779459276107
TRAIN_1901,0.4976185940743643,0.511154048301268
TRAIN_1902,0.5045716669347156,0.5259924904440605
TRAIN_1903,0.495521112287438,0.4974166674742593
TRAIN_1904,0.485750847554574,0.49760352062857927
TRAIN_1905,0.6396075353184462,0.7019072945826246
TRAIN_1906,0.4244932941887607,0.40804692111809804
TRAIN_1907,0.461429491037878,0.4611527339978252
TRAIN_1908,0.6106011624656287,0.6496167901364944
TRAIN_1909,0.4248855538153291,0.40843918074466645
TRAIN_1910,0.7829377209937727,0.7904430518246954
TRAIN_1911,0.4834110923750411,0.5070655334539494
TRAIN_1912,0.5003938789132049,0.5022894341000261
TRAIN_1913,0.4562225483732048,0.4523181595593585
TRAIN_1914,0.5328062431830766,0.5450803052701763
TRAIN_1915,0.5180422664912292,0.5478565375982052
TRAIN_1916,0.5485892032546026,0.5607434101520861
TRAIN_1917,0.5034447894827097,0.5129345414128972
TRAIN_1918,0.5036715620550921,0.5057094687101067
TRAIN_1919,0.2024366066592073,0.1892514364253981
TRAIN_1920,0.5571899462061757,0.5693441531036592
TRAIN_1921,0.4691126387835876,0.47397215992161856
TRAIN_1922,0.4598242269065827,0.4671436752121355
TRAIN_1923,0.5936314200901444,0.6318216946614006
TRAIN_1924,0.6950053310110135,0.7586714572867291
TRAIN_1925,0.6479175608016905,0.7166359506955466
TRAIN_1926,0.67476577344905,0.7384318997247656
TRAIN_1927,0.4364422195579396,0.4211870016165491
TRAIN_1928,0.1706776794906724,0.1581203742210762
TRAIN_1929,0.2420184588436628,0.14465661994839785
TRAIN_1930,0.4344521614921161,0.4138978446303502
TRAIN_1931,0.465913254671326,0.467202093941165
TRAIN_1932,0.4629918168041771,0.46986950989981013
TRAIN_1933,0.4760689744765944,0.48092849561462536
TRAIN_1934,0.6515345182227158,0.7152006444984315
TRAIN_1935,0.283871426589865,0.19104796621716613
TRAIN_1936,0.3382284563043336,0.26832958540196244
TRAIN_1937,0.134517392516276,0.12196008724667981
TRAIN_1938,0.462935077306162,0.47502871920397527
TRAIN_1939,0.5889425354773744,0.6277507873689819
TRAIN_1940,0.4605807303227128,0.4679001786282656
TRAIN_1941,0.7643987917368191,0.7698619735608938
TRAIN_1942,0.2458910706807024,0.149648234912503
TRAIN_1943,0.478002811474491,0.48532225978004373
TRAIN_1944,0.4293801994600572,0.4129338263893945
TRAIN_1945,0.4697001749333129,0.480051311691566
TRAIN_1946,0.2790215930032799,0.1855522345854237
TRAIN_1947,0.4366542339788776,0.4160999171171117
TRAIN_1948,0.7278216640941543,0.7914877903698699
TRAIN_1949,0.4984954799661378,0.5003910351529591
TRAIN_1950,0.4737748488106288,0.48412598556888187
TRAIN_1951,0.4903377062308269,0.5139921473097353
TRAIN_1952,0.0200030648146962,0.0073100574689143605
TRAIN_1953,0.1636009518072844,0.15090794446150257
TRAIN_1954,0.5644499489746794,0.5719940825117613
TRAIN_1955,0.5019127461283064,0.5105144365090128
TRAIN_1956,0.9345450715883332,0.9409402823824948
TRAIN_1957,0.5080195644061781,0.5272613082528643
TRAIN_1958,0.130712117577848,0.11801911023206617
TRAIN_1959,0.4371522822472449,0.41020745102449235
TRAIN_1960,0.7262151429412137,0.7341500829728327
TRAIN_1961,0.32119647120408,0.24723677569206873
TRAIN_1962,0.6061837502045212,0.645199377875387
TRAIN_1963,0.4781607016615662,0.47944954093140524
TRAIN_1964,0.4648106039385233,0.46609944320836233
TRAIN_1965,0.2326637784112022,0.1364209426430028
TRAIN_1966,0.4202322669637883,0.39563584070401747
TRAIN_1967,0.6125729079123551,0.6458080024235819
TRAIN_1968,0.4399142369705353,0.41296940574778274
TRAIN_1969,0.5076693521105419,0.5290901756198867
TRAIN_1970,0.4491316849590627,0.46122532685687595
TRAIN_1971,0.52605012109646,0.5383241831835597
TRAIN_1972,0.2616454234357673,0.1681760650179111
TRAIN_1973,0.1710360800627663,0.15834307271698445
TRAIN_1974,0.4245173751298833,0.39757254390713076
TRAIN_1975,0.5142509570314419,0.5334927008781281
TRAIN_1976,0.3649146048777459,0.35408684212418484
TRAIN_1977,0.52084526943222,0.5512080106300898
TRAIN_1978,0.5129263318271317,0.5321680756738179
TRAIN_1979,0.4906466491929397,0.5143010902718481
TRAIN_1980,0.4491297334318793,0.4428796803243823
TRAIN_1981,0.4975959701766535,0.5061976605573599
TRAIN_1982,0.3915359687717636,0.3742700811130384
TRAIN_1983,0.5548893735963435,0.5671848993616007
TRAIN_1984,0.5563177837755281,0.5686133095407853
TRAIN_1985,0.4084107421790842,0.3975829794255231
TRAIN_1986,0.4800915428126012,0.4954827441735261
TRAIN_1987,0.1101477596419488,0.0969625894081396
TRAIN_1988,0.4849757112814326,0.5003669126423576
TRAIN_1989,0.4672310026072613,0.4775821393655144
TRAIN_1990,0.3363025799886265,0.279492977623031
TRAIN_1991,0.5268432703695523,0.5583319885509775
TRAIN_1992,0.3675923840519271,0.35676462129836606
TRAIN_1993,0.7138588444838936,0.7710180139462463
TRAIN_1994,0.7813931614068736,0.7893281014384927
TRAIN_1995,0.567210713875104,0.597858562757543
TRAIN_1996,0.2877036100378526,0.19488014966515377
TRAIN_1997,0.5101689015638255,0.5439727759795534
TRAIN_1998,0.5197007922694331,0.5511895104508584
TRAIN_1999,0.4660682475512216,0.4764193843094747
TRAIN_2000,0.5822645077755687,0.6129123566580077
TRAIN_2001,0.4090347414974475,0.37351910914805264
TRAIN_2002,0.8908472857460824,0.8963104675701572
TRAIN_2003,0.5202981305481092,0.5517868487295345
TRAIN_2004,0.6107983913617566,0.6414462402441956
TRAIN_2005,0.5245344625504594,0.5610011469196909
TRAIN_2006,0.5801829396067185,0.618991191498326
TRAIN_2007,0.4735421287852583,0.47840164992328926
TRAIN_2008,0.3992870990109025,0.3884593362573414
TRAIN_2009,0.2146898631132776,0.12122050469542141
TRAIN_2010,0.4968583657274543,0.4987539209142756
TRAIN_2011,0.6078558642830033,0.6385037131654423
TRAIN_2012,0.5638633731969941,0.571407506734076
TRAIN_2013,0.493529214094528,0.5030189660247155
TRAIN_2014,0.1871068679292403,0.17258791282375566
TRAIN_2015,0.5157880766780608,0.5372089001874056
TRAIN_2016,0.4596778440460569,0.47177148594387014
TRAIN_2017,0.2991855515040822,0.21691914594597392
TRAIN_2018,0.4894655165414784,0.49727378204666656
TRAIN_2019,0.4815461974830339,0.4881647219155138
TRAIN_2020,0.140542274701409,0.12636727404035103
TRAIN_2021,0.5955351847233641,0.6287702792345908
TRAIN_2022,0.4696695391264702,0.47654723222210327
TRAIN_2023,0.4596397947033188,0.47173343660113204
TRAIN_2024,0.0985201987774457,0.08533502854363649
TRAIN_2025,0.3594264174054376,0.283312723231957
TRAIN_2026,0.5149862474431551,0.5342279912898413
TRAIN_2027,0.2877444781486363,0.1915016423804369
TRAIN_2028,0.2119699878440731,0.19779498718301514
TRAIN_2029,0.3470065841350944,0.27304688862308313
TRAIN_2030,0.2285660610456087,0.13509670262775253
TRAIN_2031,0.5528802617986929,0.5758750033199431
TRAIN_2032,0.5161717459205301,0.5463330396913284
TRAIN_2033,0.7090142462387282,0.7777326361325843
TRAIN_2034,0.6156772564134071,0.648912350924634
TRAIN_2035,0.819702858119538,0.8272081889504608
TRAIN_2036,0.6445155147214715,0.7081816409971872
TRAIN_2037,0.4952797942181678,0.4973177008731824
TRAIN_2038,0.4994562918532765,0.5129917460801802
TRAIN_2039,0.5939864617430536,0.6246343106254926
TRAIN_2040,0.5418499192476528,0.5540041261451363
TRAIN_2041,0.6144495990667562,0.6526398736380123
TRAIN_2042,0.7979662831711115,0.8059012232027305
TRAIN_2043,0.136591805173544,0.12389879782776216
TRAIN_2044,0.5481599679188652,0.5604554936841224
TRAIN_2045,0.4910793222289921,0.5029319953029974
TRAIN_2046,0.5450738452901271,0.5680685868113773
TRAIN_2047,0.5372169442505738,0.568705662431999
TRAIN_2048,0.4814702783251336,0.4880888027576135
TRAIN_2049,0.6350260756524396,0.6921852451147923
TRAIN_2050,0.5072067637520864,0.5373680575228847
TRAIN_2051,0.1644660499512013,0.14994709484571664
TRAIN_2052,0.7957409529715799,0.8012041347956547
TRAIN_2053,0.3577935494144094,0.2838338539023981
TRAIN_2054,0.7243385225012912,0.7835287858719278
TRAIN_2055,0.3066090035805984,0.24979940121500288
TRAIN_2056,0.9660404914441209,0.9724357022382824
TRAIN_2057,0.4030794951785135,0.3858136075197882
TRAIN_2058,0.511038291745995,0.5411995855167933
TRAIN_2059,0.701484933633889,0.7637846928980674
TRAIN_2060,0.5104538466385605,0.5442577210542883
TRAIN_2061,0.7292568172611306,0.7353634631269881
TRAIN_2062,0.675082521490407,0.7322416909527597
TRAIN_2063,0.7569598791232806,0.7648948191548997
TRAIN_2064,0.4918293261704052,0.49963759167559335
TRAIN_2065,0.9281759947451677,0.9342826406110252
TRAIN_2066,0.2707144849553034,0.17447164918710403
TRAIN_2067,0.3990460437112648,0.3882182809577037
TRAIN_2068,0.6048433071994168,0.6438589348702826
TRAIN_2069,0.4129868944477802,0.37747126209838533
TRAIN_2070,0.0442479801699819,0.030072979508923937
TRAIN_2071,0.4806356050349352,0.5042900461138435
TRAIN_2072,0.5343646997710657,0.5647274409689356
TRAIN_2073,0.2516257723698933,0.15538293660169392
TRAIN_2074,0.5677209002794508,0.5907156418007009
TRAIN_2075,0.5184061913536413,0.5376479352003275
TRAIN_2076,0.6334548910618221,0.6906140605241747
TRAIN_2077,0.6339834380024678,0.6931737013731044
TRAIN_2078,0.5429155492342534,0.5504596827713354
TRAIN_2079,0.5978097897069676,0.6368254173778334
TRAIN_2080,0.5469049519183754,0.5592004776836326
TRAIN_2081,0.3902929125173583,0.3794651497637973
TRAIN_2082,0.4892560168566657,0.501108689930671
TRAIN_2083,0.7506212493237009,0.7570164601178624
TRAIN_2084,0.4614999331671399,0.46286835305924956
TRAIN_2085,0.4059509926215917,0.38868510496286646
TRAIN_2086,0.6206509806783612,0.6594592325699687
TRAIN_2087,0.3930539090494651,0.382226146295904
TRAIN_2088,0.4581569193939687,0.4578801623539158
TRAIN_2089,0.4851920781947788,0.5088465192736872
TRAIN_2090,0.2796207892191986,0.1833779534509992
TRAIN_2091,0.5736621428838137,0.6068972373950405
TRAIN_2092,0.5323575098481942,0.5477590573064949
TRAIN_2093,0.1840303382425177,0.17133733089673586
TRAIN_2094,0.4914681071380495,0.5151225482169579
TRAIN_2095,0.4706263236693086,0.48097746042756173
TRAIN_2096,0.8567154655760891,0.8642207964070119
TRAIN_2097,0.7623257488767387,0.7684323947425962
TRAIN_2098,0.6777957137897749,0.7465141036836309
TRAIN_2099,0.6511754057103192,0.7148415319860348
TRAIN_2100,0.6145499049084979,0.652740179479754
TRAIN_2101,0.5220048283455276,0.5523675695433976
TRAIN_2102,0.5701315810213421,0.6083218555925982
TRAIN_2103,0.4535655052694967,0.4473154521619997
TRAIN_2104,0.4719369673716518,0.4788146604672848
TRAIN_2105,0.4560658407605185,0.4521614519466721
TRAIN_2106,0.4914677700605767,0.49927603556576483
TRAIN_2107,0.4855428284800766,0.4933510939852648
TRAIN_2108,0.5075188170696086,0.5373330881765845
TRAIN_2109,0.8768612737805966,0.8847962138122156
TRAIN_2110,0.5102132281154687,0.5294549719621549
TRAIN_2111,0.3782362865338594,0.3674085237802983
TRAIN_2112,0.1095441229949175,0.09502516788943285
TRAIN_2113,0.5919522831637373,0.6226001320461763
TRAIN_2114,0.3988446255064617,0.38157873784773644
TRAIN_2115,0.7502252381311724,0.7581601781627914
TRAIN_2116,0.1742149209876809,0.16102975075387171
TRAIN_2117,0.6968993492374097,0.7605654755131254
TRAIN_2118,0.4663961707283275,0.47371561903388026
TRAIN_2119,0.5702497750851564,0.6008976239675954
TRAIN_2120,0.4413486009482721,0.4260933830068816
TRAIN_2121,0.4034033955179276,0.3678877631685328
TRAIN_2122,0.2319598521155369,0.13459801322027196
TRAIN_2123,0.4179097144302425,0.39096488320748995
TRAIN_2124,0.5631855663705575,0.575339773268041
TRAIN_2125,0.8597553249621841,0.8676902649938032
TRAIN_2126,0.3356183847663629,0.26165868925435165
TRAIN_2127,0.5425395685563671,0.5548350943216243
TRAIN_2128,0.4162149538939543,0.40095973595256373
TRAIN_2129,0.5317461404356146,0.5632348586170399
TRAIN_2130,0.3817607235632501,0.37093296080968907
TRAIN_2131,0.5233152551857393,0.5536779963836092
TRAIN_2132,0.2993080869711924,0.22319439279771175
TRAIN_2133,0.316887694321405,0.24292799880939372
TRAIN_2134,0.3413487198592814,0.26523502568580076
TRAIN_2135,0.4345543666304087,0.4140000497686428
TRAIN_2136,0.5370594384069661,0.5685481565883914
TRAIN_2137,0.4605725322854563,0.46029577524540344
TRAIN_2138,0.3593953269126368,0.2832816327391562
TRAIN_2139,0.4916137636205031,0.4994220291256912
TRAIN_2140,0.5178065580895934,0.5370483019362796
TRAIN_2141,0.5530403611330442,0.5605844946701262
TRAIN_2142,0.4677049514761537,0.46899379074599273
TRAIN_2143,0.5008193904084598,0.5027149455952811
TRAIN_2144,0.4828291807543284,0.4894477051868083
TRAIN_2145,0.4384137858098171,0.42315856786842654
TRAIN_2146,0.5025783474160653,0.5161138016429689
TRAIN_2147,0.4767383439031482,0.48708948066140123
TRAIN_2148,0.8126758892908365,0.8201812201217593
TRAIN_2149,0.6162135105362128,0.6550217624278203
TRAIN_2150,0.1923737608519394,0.1791885906181302
TRAIN_2151,0.645119054099958,0.7043093174705946
TRAIN_2152,0.47637024521524,0.4832479383108731
TRAIN_2153,0.513480962066749,0.5432952331737249
TRAIN_2154,0.8498455836328792,0.855308765456954
TRAIN_2155,0.5138571986358926,0.5476610730516205
TRAIN_2156,0.5221080092505775,0.558574693619809
TRAIN_2157,0.4989535593667494,0.5075552497474558
TRAIN_2158,0.52566698038769,0.5621336647569215
TRAIN_2159,0.5280488738702124,0.5434504213285131
TRAIN_2160,0.3269351924670395,0.2508214982935589
TRAIN_2161,0.4880621480304101,0.49587041353559824
TRAIN_2162,0.4957550694853678,0.4976506246721891
TRAIN_2163,0.8964919748833271,0.9044269149149462
TRAIN_2164,0.4986128340759748,0.5081025860061623
TRAIN_2165,0.4467274159517453,0.448095835843855
TRAIN_2166,0.4754382712576306,0.48578940801588366
TRAIN_2167,0.4724575832584266,0.47977703156397944
TRAIN_2168,0.730803018896799,0.7369096647626565
TRAIN_2169,0.7932380449162508,0.7996332557104124
TRAIN_2170,0.4380403241221626,0.4174860072603967
TRAIN_2171,0.5497053203309404,0.5620008460961976
TRAIN_2172,0.6210773036365014,0.6543123981477281
TRAIN_2173,0.4853300639581426,0.49313832946333075
TRAIN_2174,0.4791177730883937,0.49097044616239904
TRAIN_2175,0.272421894383152,0.17506005548788706
TRAIN_2176,0.8694903452212263,0.8758855560153878
TRAIN_2177,0.5158075466755682,0.537228370184913
TRAIN_2178,0.6676656210225665,0.7268558843932031
TRAIN_2179,0.4818000109127308,0.4884185353452107
TRAIN_2180,0.4357581106661918,0.42050289272480124
TRAIN_2181,0.2669774093896955,0.17415394901699666
TRAIN_2182,0.4769298630594234,0.4842493113649762
TRAIN_2183,0.567045193822576,0.5976930427050151
TRAIN_2184,0.6449290176883776,0.7136474075822337
TRAIN_2185,0.5082480133375052,0.5274897571841914
TRAIN_2186,0.3359850667607484,0.2791754643951529
TRAIN_2187,0.4975639087436828,0.5070536606738703
TRAIN_2188,0.565698807988592,0.5778530148860754
TRAIN_2189,0.7730281327584921,0.780533463589415
TRAIN_2190,0.5299262983808307,0.5663929827500622
TRAIN_2191,0.254806244782613,0.16198278440991415
TRAIN_2192,0.276259689426233,0.19399328386812473
TRAIN_2193,0.4497690061484845,0.44949224910843166
TRAIN_2194,0.2139482616279521,0.19942930652246746
TRAIN_2195,0.5394018619830435,0.5623966035042938
TRAIN_2196,0.794919262087116,0.802854202118735
TRAIN_2197,0.632501897041879,0.6948016563060575
TRAIN_2198,0.3744855156160345,0.3636577528624735
TRAIN_2199,0.7878894133913703,0.7958243534229894
TRAIN_2200,0.8226635894614157,0.8305985294930347
TRAIN_2201,0.5176682198707023,0.5369099637173885
TRAIN_2202,0.4388353958247275,0.423580177883337
TRAIN_2203,0.1792558474431911,0.16656284009740924
TRAIN_2204,0.4684151157907212,0.475734564096274
TRAIN_2205,0.4996987379175813,0.5017366445725959
TRAIN_2206,0.572330969073042,0.6029788179554811
TRAIN_2207,0.535814502050416,0.5661772432482859
TRAIN_2208,0.4569435151724084,0.45831193506451806
TRAIN_2209,0.497428706723833,0.5109641609507367
TRAIN_2210,0.573556563659939,0.6125721913308048
TRAIN_2211,0.7095294892731943,0.7666886587355469
TRAIN_2212,0.1395573903981782,0.12686438305239633
TRAIN_2213,0.5269315544250261,0.5633982387942577
TRAIN_2214,0.5513332126232579,0.5634874195207413
TRAIN_2215,0.4460278232650216,0.4421234344511753
TRAIN_2216,0.494952845912316,0.4969907525673306
TRAIN_2217,0.7513111979434202,0.7577064087375818
TRAIN_2218,0.4761442707176353,0.47743310998747435
TRAIN_2219,0.484569820498886,0.49996102185981095
TRAIN_2220,0.2936461363834139,0.19740330061521452
TRAIN_2221,0.715993964716148,0.7782937239803265
TRAIN_2222,0.550207617692595,0.5623618245900783
TRAIN_2223,0.4857370374879304,0.49354530299311855
TRAIN_2224,0.5109241221152574,0.5323449456246023
TRAIN_2225,0.4786680598730646,0.4799568991429036
TRAIN_2226,0.2100452541334267,0.11657589571557052
TRAIN_2227,0.5772659682263083,0.6160742201179158
TRAIN_2228,0.4356248820674519,0.4110284558076811
TRAIN_2229,0.5379394780708332,0.5683022192687031
TRAIN_2230,0.3340327161676841,0.26007302065567284
TRAIN_2231,0.4830972860563658,0.49090555156155397
TRAIN_2232,0.5414417902476125,0.5644365317688627
TRAIN_2233,0.2238367323649373,0.14157032680682902
TRAIN_2234,0.6827949848206787,0.7399541542830314
TRAIN_2235,0.4280384633372769,0.41159209026661425
TRAIN_2236,0.5168277561615273,0.5360695000082135
TRAIN_2237,0.4627748365815023,0.47486847847931557
TRAIN_2238,0.6013944201506628,0.6320422690331018
TRAIN_2239,0.4741946479740735,0.48151409627962627
TRAIN_2240,0.5287302799322765,0.5590930211301464
TRAIN_2241,0.3930110734942036,0.3574954411448088
TRAIN_2242,0.6917459601872399,0.7540457194514183
TRAIN_2243,0.4535872015800755,0.4533104445400227
TRAIN_2244,0.547650354879106,0.5548190461328361
TRAIN_2245,0.310586388830352,0.24068751792798082
TRAIN_2246,0.1024480084194535,0.08975500107367167
TRAIN_2247,0.543878762591222,0.5560329694887054
TRAIN_2248,0.8784345133419104,0.8863694533735293
TRAIN_2249,0.2477665239358347,0.1542971655179785
TRAIN_2250,0.487799167857757,0.4944176922902369
TRAIN_2251,0.368437407144976,0.33292177479558116
TRAIN_2252,0.3869605474636113,0.3761327847100503
TRAIN_2253,0.4896047684577354,0.5132592095366437
TRAIN_2254,0.6751848267786161,0.7323439962409688
TRAIN_2255,0.7448158584260881,0.7512110692202496
TRAIN_2256,0.5818342803891209,0.6124821292715599
TRAIN_2257,0.677882232074566,0.7370724954452026
TRAIN_2258,0.2571512026107618,0.16432774223806296
TRAIN_2259,0.4250828197543168,0.4098276018129262
TRAIN_2260,0.3632638456789168,0.2933649747765456
TRAIN_2261,0.4626092299763162,0.4694869230719493
TRAIN_2262,0.5810148951942548,0.6116627440766937
TRAIN_2263,0.1185148601333172,0.10399590502783256
TRAIN_2264,0.3507127667708008,0.28081389586842964
TRAIN_2265,0.5190336734504591,0.5505223916318844
TRAIN_2266,0.3240934538732076,0.2531266465769687
TRAIN_2267,0.3326464830676865,0.26274761216531534
TRAIN_2268,0.0746094323916408,0.062052127122044616
TRAIN_2269,0.4535765222952309,0.453299765255178
TRAIN_2270,0.5132545635425606,0.5430688346495365
TRAIN_2271,0.5822860393651099,0.6213016670359757
TRAIN_2272,0.2368886647202406,0.1406458289520412
TRAIN_2273,0.709727604793445,0.7689178681640816
TRAIN_2274,0.7519735874802093,0.757436769304284
TRAIN_2275,0.0006271158148081,0.0
TRAIN_2276,0.5801584009682844,0.6108062498507234
TRAIN_2277,0.5858150415353736,0.6246232934269811
TRAIN_2278,0.2357365700107517,0.13949373424255232
TRAIN_2279,0.6331883204902069,0.6954880797543854
TRAIN_2280,0.4625831527476732,0.469902601053226
TRAIN_2281,0.4875349460778296,0.511189387156738
TRAIN_2282,0.4053127281959703,0.38804684053724503
TRAIN_2283,0.497508495565323,0.5069982474955105
TRAIN_2284,0.0296179265017211,0.01706062123212491
TRAIN_2285,0.4261757435490405,0.39923091232628793
TRAIN_2286,0.4487732138444752,0.4425231607369782
TRAIN_2287,0.5440376124596734,0.5670323539809237
TRAIN_2288,0.5982947983622435,0.637103050253851
TRAIN_2289,0.3225671867214411,0.2526683158190699
TRAIN_2290,0.6429128167048939,0.7000719861672465
TRAIN_2291,0.9368459695907942,0.944351300421717
TRAIN_2292,0.789631348767751,0.79756628879937
TRAIN_2293,0.5583331057766178,0.5658772393136997
TRAIN_2294,0.3667038685144961,0.3494379808557708
TRAIN_2295,0.4145161401834278,0.39926092224203724
TRAIN_2296,0.3724589496302816,0.3616311868767206
TRAIN_2297,0.6707518797618611,0.7394702696557172
TRAIN_2298,0.4168481888259902,0.40159297088459966
TRAIN_2299,0.4392279977594004,0.42397277981800985
TRAIN_2300,0.6033855459551906,0.6415758205264468
TRAIN_2301,0.7431520527502037,0.7495472635443652
TRAIN_2302,0.6421698287213736,0.7108882186152297
TRAIN_2303,0.3117424622978675,0.24077565500162862
TRAIN_2304,0.5736897124074611,0.6069248069186879
TRAIN_2305,0.55018026445111,0.5573489557048401
TRAIN_2306,0.5523721643694691,0.5645263712669526
TRAIN_2307,0.6403911680518601,0.6975503375142128
TRAIN_2308,0.5955691031417953,0.6345847308126611
TRAIN_2309,0.4769679773815229,0.483845670477156
TRAIN_2310,0.6964842289803546,0.7601503552560702
TRAIN_2311,0.563588300988134,0.575883826753391
TRAIN_2312,0.4168993012998476,0.40045292822918493
TRAIN_2313,0.5973176350479915,0.6305527295592184
TRAIN_2314,0.538644279494857,0.5458129707485871
TRAIN_2315,0.4994191839836259,0.5080208743643323
TRAIN_2316,0.3235170700530262,0.2525502627567873
TRAIN_2317,0.5226838488821451,0.5541725670635704
TRAIN_2318,0.6535781378799496,0.7107373073423022
TRAIN_2319,0.2134528281215215,0.11998346970366532
TRAIN_2320,0.4356370183707308,0.4150827015089649
TRAIN_2321,0.4792480918529438,0.48705635735813196
TRAIN_2322,0.3647789630359644,0.29081926752395315
TRAIN_2323,0.3168268738491429,0.2469280029467717
TRAIN_2324,0.4885581485798163,0.5039493499407413
TRAIN_2325,0.5503404122300677,0.5578845457671496
TRAIN_2326,0.4712123644275459,0.4780900575231789
TRAIN_2327,0.2638689510551855,0.1703995926373293
TRAIN_2328,0.608286995482036,0.6464772700532921
TRAIN_2329,0.5134279800912976,0.5432422511982735
TRAIN_2330,0.260671588864543,0.1644287530963436
TRAIN_2331,0.4083413165246458,0.37282568417525097
TRAIN_2332,0.4822013397353081,0.488819864167788
TRAIN_2333,0.4287637798460706,0.41231740677540796
TRAIN_2334,0.4978458853995338,0.5113813396264375
TRAIN_2335,0.9321537766461796,0.9376169584702543
TRAIN_2336,0.4542296559365511,0.4663232978343644
TRAIN_2337,0.5495591895197501,0.5618547152850073
TRAIN_2338,0.5093718118008103,0.5286135556474965
TRAIN_2339,0.4376202860314104,0.4170659691696445
TRAIN_2340,0.5472586295811713,0.5544273208349014
TRAIN_2341,0.4768029510098415,0.48412239931539425
TRAIN_2342,0.4708532627577282,0.47817271106328096
TRAIN_2343,0.5426581559226643,0.5549536816879215
TRAIN_2344,0.0617271753803968,0.04903416803461496
TRAIN_2345,0.5298312471192322,0.5421053092063319
TRAIN_2346,0.5428248691796713,0.5499935604334014
TRAIN_2347,0.4782836799705269,0.4936748813314519
TRAIN_2348,0.5771193949386453,0.6077672438210844
TRAIN_2349,0.6005647465824441,0.6387550211537003
TRAIN_2350,0.6406748488156081,0.7029746080797865
TRAIN_2351,0.5164699778052987,0.5462842489122746
TRAIN_2352,0.2961062036517574,0.21383979809364909
TRAIN_2353,0.4682403452213326,0.47511803831696564
TRAIN_2354,0.5152227398469585,0.5490266142626863
TRAIN_2355,0.2607952079333991,0.1785288023752908
TRAIN_2356,0.162807228490771,0.1502499232211748
TRAIN_2357,0.5060983439183364,0.5399022183340643
TRAIN_2358,0.4622262326321599,0.4691039257277929
TRAIN_2359,0.6309881073323674,0.6932878665965458
TRAIN_2360,0.2910066205690027,0.19753726215114653
TRAIN_2361,0.3790176784968387,0.36818991574327764
TRAIN_2362,0.4963619751140434,0.4982575303008647
TRAIN_2363,0.4719718260240692,0.48232296278232223
TRAIN_2364,0.4369717902013331,0.41002695897858055
TRAIN_2365,0.4104251870713544,0.3749095547219595
TRAIN_2366,0.5004768891136869,0.5099666410438745
TRAIN_2367,0.4152916648862865,0.3906952386265157
TRAIN_2368,0.4614797718132787,0.45757538299943235
TRAIN_2369,0.8882931743439085,0.894399820209766
TRAIN_2370,0.3182062994401542,0.2420926052666736
TRAIN_2371,0.4767687390409711,0.4836464321366042
TRAIN_2372,0.5759917842318409,0.6141820588030971
TRAIN_2373,0.5282469223337292,0.5586096635315991
TRAIN_2374,0.494579129351899,0.5031808197326054
TRAIN_2375,0.454598774998684,0.45432201795863114
TRAIN_2376,0.5954033321323845,0.6286384266436114
TRAIN_2377,0.7845689377470674,0.7906755836129249
TRAIN_2378,0.3297275006759887,0.25576780516397746
TRAIN_2379,0.4184369767981855,0.40318175885679497
TRAIN_2380,0.4875831105873905,0.4942016350198704
TRAIN_2381,0.4663065336602123,0.4675953729300513
TRAIN_2382,0.7686615530292834,0.7747681988951409
TRAIN_2383,0.400369256918281,0.38954149416471995
TRAIN_2384,0.493322580068986,0.5068580342958897
TRAIN_2385,0.5138134997090641,0.5330552435557503
TRAIN_2386,0.4636959820455109,0.4649848213153499
TRAIN_2387,0.441557756639124,0.4169613303793532
TRAIN_2388,0.6069214307065194,0.6459370583773851
TRAIN_2389,0.4910115494715912,0.4976300739040711
TRAIN_2390,0.669672523912706,0.7288627872833426
TRAIN_2391,0.7808344649376542,0.7883397957685769
TRAIN_2392,0.8576550452665531,0.8640502560607146
TRAIN_2393,0.3745659167972769,0.3637381540437159
TRAIN_2394,0.4622214843141534,0.47431512621196664
TRAIN_2395,0.4437980404462855,0.4375479873387885
TRAIN_2396,0.5940428311457314,0.6246906800281704
TRAIN_2397,0.7984606678753196,0.8063956079069385
TRAIN_2398,0.3377580873782824,0.26164439320480176
TRAIN_2399,0.5578684244513393,0.5701639502165965
TRAIN_2400,0.4695610140087232,0.47688046231427594
TRAIN_2401,0.5640243599434709,0.5715684934805528
TRAIN_2402,0.4192052244515538,0.39460879819178296
TRAIN_2403,0.7998940271930671,0.8060006730589246
TRAIN_2404,0.4896807518965568,0.49748901740174495
TRAIN_2405,0.5229945150862149,0.5544832332676402
TRAIN_2406,0.3372175990575582,0.26731872815518704
TRAIN_2407,0.5258398338890075,0.5412413813473081
TRAIN_2408,1.6696549649345787e-05,0.0
TRAIN_2409,0.400646920736343,0.389819157982782
TRAIN_2410,0.2800200894866125,0.1865507310687563
TRAIN_2411,0.4625820731944585,0.47467571509227174
TRAIN_2412,0.3575568716313484,0.3007472692657529
TRAIN_2413,0.4851438986373661,0.49295216414255427
TRAIN_2414,0.5092480242654722,0.5390622953724482
TRAIN_2415,0.5431703328617646,0.5661650743830149
TRAIN_2416,0.5607681791651195,0.5679368704188495
TRAIN_2417,0.9078363378188792,0.9157712778504983
TRAIN_2418,0.53552557744497,0.5670142956263953
TRAIN_2419,0.5077478004489254,0.5379090942197238
TRAIN_2420,0.535425076807611,0.565787818005481
TRAIN_2421,0.4742126267932465,0.4810903198888795
TRAIN_2422,0.9016099357939285,0.9091152666248512
TRAIN_2423,0.5104197727734111,0.5296615166200973
TRAIN_2424,0.4486222694720322,0.4483455124319794
TRAIN_2425,0.4005909436695347,0.3897631809159736
TRAIN_2426,0.367196619041816,0.3499307313830907
TRAIN_2427,0.3866729929201449,0.3694071052614196
TRAIN_2428,0.8397172421548945,0.845823888020752
TRAIN_2429,0.509136628770105,0.5392979225409034
TRAIN_2430,0.5061693194853552,0.5363306132561534
TRAIN_2431,0.4860801259706844,0.4926986504031643
TRAIN_2432,0.3858816730969163,0.3750539103433552
TRAIN_2433,0.4647042366660485,0.47158192976168156
TRAIN_2434,0.522104564759875,0.5375061122181757
TRAIN_2435,0.5586807666912499,0.5662249002283318
TRAIN_2436,0.4323143547859422,0.4077179285261714
TRAIN_2437,0.5086670071963417,0.5384812783033177
TRAIN_2438,0.3584539805033706,0.30164437813777506
TRAIN_2439,0.6937679394098885,0.7509271088722411
TRAIN_2440,0.4699138392059134,0.4772332875114662
TRAIN_2441,0.7180404771875969,0.7803402364517753
TRAIN_2442,0.5142881022264573,0.5441023733334331
TRAIN_2443,0.5145444654608434,0.5447057592316418
TRAIN_2444,0.6803058940603798,0.7490242839542358
TRAIN_2445,0.4682224185870813,0.4751001116827144
TRAIN_2446,0.4793052192424902,0.49115789231649554
TRAIN_2447,0.4375161402795903,0.4129197140198195
TRAIN_2448,0.1233567166941657,0.1101715464603565
TRAIN_2449,0.4768058391856659,0.48166536032369683
TRAIN_2450,0.4574973993994646,0.46959104129727786
TRAIN_2451,0.448557335369031,0.46065097726684423
TRAIN_2452,0.4988575592523074,0.5083473111824949
TRAIN_2453,0.3420338868626976,0.2710670795664587
TRAIN_2454,0.5128923376968345,0.5466962121125623
TRAIN_2455,0.7306700512923503,0.794336177568066
TRAIN_2456,0.4867380113801001,0.49335653581258
TRAIN_2457,0.9562289766658556,0.9641639166974747
TRAIN_2458,0.4938595127662158,0.5004780371986957
TRAIN_2459,0.4091909909763231,0.39836322822276204
TRAIN_2460,0.4607384380375259,0.4604616809974731
TRAIN_2461,0.3760290068847444,0.3652012441311834
TRAIN_2462,0.6163026108177614,0.6544928853890175
TRAIN_2463,0.4295050848729099,0.40490865861313907
TRAIN_2464,0.5484147201652503,0.5607102459305073
TRAIN_2465,0.9690859458844252,0.9745491277084999
TRAIN_2466,0.5413488220705021,0.5643435635917522
TRAIN_2467,0.5282749286343664,0.5597636468157917
TRAIN_2468,0.4562951482596185,0.4523907594457721
TRAIN_2469,0.7479632520133754,0.7558981920449945
TRAIN_2470,0.469585382701368,0.4769048310069208
TRAIN_2471,0.4179786141403565,0.39338218788058565
TRAIN_2472,0.5065928179065802,0.5364070890135562
TRAIN_2473,0.1230711674988077,0.10855221239332305
TRAIN_2474,0.4481115780044941,0.4442071891906477
TRAIN_2475,0.2715328184878465,0.1752899827196471
TRAIN_2476,0.4763513862333651,0.4836708345389179
TRAIN_2477,0.4998283359295921,0.5093180878597796
TRAIN_2478,0.5328163362911896,0.5631790774890595
TRAIN_2479,0.1900374256164158,0.1774801203468196
TRAIN_2480,0.5542784741845793,0.5664326810820628
TRAIN_2481,0.4596514173169593,0.47174505921477256
TRAIN_2482,0.4533828397825858,0.45310608274253295
TRAIN_2483,0.5024110909288245,0.511900842859012
TRAIN_2484,0.5391135328979795,0.5512677397954628
TRAIN_2485,0.652384880615097,0.7146846398792754
TRAIN_2486,0.1753076918224065,0.16078873671692184
TRAIN_2487,0.4024086953663183,0.3668930630169235
TRAIN_2488,0.4969134007456101,0.5104488549725137
TRAIN_2489,0.5762003927811173,0.6094354872923442
TRAIN_2490,0.504405989877868,0.5179414441047716
TRAIN_2491,0.4582699386821435,0.45963835857425317
TRAIN_2492,0.1402969589413016,0.1271117887074924
TRAIN_2493,0.411339366705081,0.3940734790463557
TRAIN_2494,0.1852394622778996,0.1720542920440904
TRAIN_2495,0.5162267382907236,0.5376475618000685
TRAIN_2496,0.5334725869073061,0.5457466489944058
TRAIN_2497,0.4920216760668923,0.505557130293796
TRAIN_2498,0.3062837974847486,0.2353169901885097
TRAIN_2499,0.284689512958566,0.1884466771903666
TRAIN_2500,0.8111601098233591,0.8172667556892166
TRAIN_2501,0.3161290677483309,0.24001537357485025
TRAIN_2502,0.4845457282777498,0.49993692963867475
TRAIN_2503,0.710058669286522,0.778777059180378
TRAIN_2504,0.2149787296988195,0.11873589393062012
TRAIN_2505,0.5727201797635025,0.584874386660986
TRAIN_2506,0.4327667520985496,0.41632037902788693
TRAIN_2507,0.2000068564808943,0.18731384913511245
TRAIN_2508,0.3588501307134319,0.2827364365399513
TRAIN_2509,0.4489169509194864,0.4450125621056401
TRAIN_2510,0.5970236667307902,0.636039294401656
TRAIN_2511,0.5094713336506667,0.5392856047576426
TRAIN_2512,0.2503532347113684,0.15299139581610344
TRAIN_2513,0.4829240084417993,0.49477668151580456
TRAIN_2514,0.7290721596989398,0.7365774905298625
TRAIN_2515,0.4804458868118171,0.4958370881727421
TRAIN_2516,0.5395380921525382,0.5516922990500217
TRAIN_2517,0.5179344614599076,0.5517383358756354
TRAIN_2518,0.5277821697677908,0.5431837172260915
TRAIN_2519,0.2347544888429988,0.13739264994773384
TRAIN_2520,0.4580335757056269,0.4517835225981299
TRAIN_2521,0.465457278641851,0.47233497173748407
TRAIN_2522,0.3396109976140624,0.26349730344058175
TRAIN_2523,0.5286591661989629,0.5590219073968328
TRAIN_2524,0.2691094792168017,0.17286664344860228
TRAIN_2525,0.5473907378627157,0.5596862636279729
TRAIN_2526,0.4539258180265282,0.4536490609864754
TRAIN_2527,0.8600196215686333,0.8664148323627949
TRAIN_2528,0.4764958552464819,0.486846992004735
TRAIN_2529,0.4842448115007249,0.5078992525796333
TRAIN_2530,0.4841774499499552,0.49198571545514336
TRAIN_2531,0.4568979682819267,0.4566212112418738
TRAIN_2532,0.4723005552329516,0.4826516919912047
TRAIN_2533,0.540215197251343,0.547759330788425
TRAIN_2534,0.5076440847954067,0.5374583559023827
TRAIN_2535,0.3296776271757173,0.2535639330022367
TRAIN_2536,0.499233641997474,0.5078353323781803
TRAIN_2537,0.8511414275955328,0.8575366383896943
TRAIN_2538,0.2641235424739892,0.17065418405613303
TRAIN_2539,0.4774129458087859,0.47870178507862493
TRAIN_2540,0.5047293914270893,0.538533265842817
TRAIN_2541,0.6114273111199531,0.6420751600023922
TRAIN_2542,0.6042722764295841,0.6424625510008404
TRAIN_2543,0.5099691050201073,0.5292108488667935
TRAIN_2544,0.4880883125721955,0.4999409856462008
TRAIN_2545,0.2042028906510121,0.1916455853814159
TRAIN_2546,0.5322479942402873,0.5687146786095189
TRAIN_2547,0.768004113188932,0.7734672950130068
TRAIN_2548,0.4761279031028798,0.48098742424091073
TRAIN_2549,0.3733455967245021,0.36251783397094106
TRAIN_2550,0.5671562078603549,0.5901509493816051
TRAIN_2551,0.9698727688861504,0.975335950710225
TRAIN_2552,0.4725989528426906,0.47745847398072155
TRAIN_2553,0.5063458812102,0.5365071749809982
TRAIN_2554,0.4246615672478496,0.409406349306459
TRAIN_2555,0.5381237787897404,0.5611185203109905
TRAIN_2556,0.4138996951746646,0.38695486395191203
TRAIN_2557,0.2674350205780295,0.18516861501992118
TRAIN_2558,0.3359031320837661,0.2649363247875272
TRAIN_2559,0.0010251066574493,0.0
TRAIN_2560,0.4883667601893595,0.5120212012682679
TRAIN_2561,0.4678498896524657,0.47270941079049666
TRAIN_2562,0.5666093266996658,0.5972571755821048
TRAIN_2563,0.5908449721031245,0.6290352466743807
TRAIN_2564,0.5244660352932036,0.5609327196624351
TRAIN_2565,0.2273077071063455,0.14504130154823722
TRAIN_2566,0.3106912634613186,0.2397244561650797
TRAIN_2567,0.655875798854997,0.7130349683173497
TRAIN_2568,0.5020140883195165,0.5155495425464203
TRAIN_2569,0.449156261042447,0.4488795040023942
TRAIN_2570,0.346873866002831,0.2759070587065921
TRAIN_2571,0.7979147348660266,0.8040213807318841
TRAIN_2572,0.7137192044451036,0.7824375943389597
TRAIN_2573,0.4598500254615647,0.4612184453536744
TRAIN_2574,0.9592291666736946,0.9656243774678561
TRAIN_2575,0.476342291299495,0.48366173960504777
TRAIN_2576,0.6703417714751568,0.7390601613690129
TRAIN_2577,0.4488049574497266,0.44490056863588023
TRAIN_2578,0.2177338367926928,0.1214910010244934
TRAIN_2579,0.4143273961842936,0.38738256496154105
TRAIN_2580,0.3106236439543571,0.2396568366581182
TRAIN_2581,0.5139777201260459,0.5477815945417737
TRAIN_2582,0.4970814361533452,0.4989769913401665
TRAIN_2583,0.3574472795328073,0.283487584020796
TRAIN_2584,0.5197233653293167,0.5351249127876174
TRAIN_2585,0.4591211485234001,0.46048956841550975
TRAIN_2586,0.6536309878009053,0.710790157263258
TRAIN_2587,0.5283653385886763,0.5587280797865462
TRAIN_2588,0.7054830481482853,0.769149174424001
TRAIN_2589,0.4400388035122485,0.42359243044158584
TRAIN_2590,0.5362862714058015,0.5516878188641022
TRAIN_2591,0.2389447194946854,0.14158288059942045
TRAIN_2592,0.4568112210531098,0.4529068322392634
TRAIN_2593,0.5180579164227663,0.5372996602694525
TRAIN_2594,0.2334119470869942,0.1511455415288859
TRAIN_2595,0.5273544793116999,0.5396285413987996
TRAIN_2596,0.6560723976412506,0.7197385239169662
TRAIN_2597,0.5150860430852898,0.5452473368560882
TRAIN_2598,0.5888228858715547,0.6270131604428109
TRAIN_2599,0.6875081901041918,0.7498079493683703
TRAIN_2600,0.6206985591966461,0.6597141868675118
TRAIN_2601,0.211438883268357,0.19874587592257514
TRAIN_2602,0.4866984039673742,0.5020896053282992
TRAIN_2603,0.5163590347805584,0.5377798582899034
TRAIN_2604,0.3915884242829792,0.3807606615294181
TRAIN_2605,0.650940489057591,0.7146066153333067
TRAIN_2606,0.5064953967796232,0.527916220288968
TRAIN_2607,0.9442381996818848,0.9497013815059596
TRAIN_2608,0.4278290464957295,0.4032326202359587
TRAIN_2609,0.52354481096165,0.5539075521595198
TRAIN_2610,0.2249198676324924,0.1314505092146362
TRAIN_2611,0.7654210836423726,0.7708842654664474
TRAIN_2612,0.4691811994006051,0.47404072053863605
TRAIN_2613,0.4922897041860739,0.5159441452649822
TRAIN_2614,0.497376247610705,0.49927180279752625
TRAIN_2615,0.2644911257081608,0.16712928681289585
TRAIN_2616,0.5455367479346733,0.5578322736999304
TRAIN_2617,0.5101423553018555,0.5293840991485417
TRAIN_2618,0.4280041849707667,0.4074498681090008
TRAIN_2619,0.7923027019052808,0.7984093477711383
TRAIN_2620,0.0042041633303711,0.0
TRAIN_2621,0.5833521134071079,0.6139999622895469
TRAIN_2622,0.5897477055008592,0.6203955543832982
TRAIN_2623,0.180257266302047,0.16573831119656235
TRAIN_2624,0.5807345031271552,0.619750130798021
TRAIN_2625,0.6494430866238382,0.7066022560861909
TRAIN_2626,0.6263135651470192,0.6886133244111976
TRAIN_2627,0.4789036145899003,0.5025580556688086
TRAIN_2628,0.4999567621594189,0.5134922163863226
TRAIN_2629,0.2855594900088595,0.1920901315910033
TRAIN_2630,0.3472465981901956,0.27328690267818434
TRAIN_2631,0.503114105216142,0.5051520118711565
TRAIN_2632,0.4733197710230823,0.48063921932863507
TRAIN_2633,0.4739793275519288,0.47883884868995974
TRAIN_2634,0.4000892780543268,0.364573645704932
TRAIN_2635,0.3439949264751419,0.27003523096313065
TRAIN_2636,0.3128440630413641,0.2388843675293528
TRAIN_2637,0.2853135932160425,0.1918442347981863
TRAIN_2638,0.5001149465287302,0.513650400755634
TRAIN_2639,0.4324761357578026,0.40787970949803176
TRAIN_2640,0.4700393051496709,0.4773587534552237
TRAIN_2641,0.4926328345736032,0.5162872756525115
TRAIN_2642,0.4413006404108088,0.416704214151038
TRAIN_2643,0.5406524804065787,0.5478211716603087
TRAIN_2644,0.0998615606263732,0.08568655996531524
TRAIN_2645,0.9671646058053844,0.9732712516712418
TRAIN_2646,0.7634320525239563,0.7695386983898138
TRAIN_2647,0.5843469821226197,0.6231552340142272
TRAIN_2648,0.4939212891283773,0.49581684431519857
TRAIN_2649,0.5556317353016379,0.5631758688387198
TRAIN_2650,0.6535367089110583,0.7158364681752367
TRAIN_2651,0.3727636642769198,0.36193590152335875
TRAIN_2652,0.1506287894752239,0.13610983436973925
TRAIN_2653,0.5018425571180769,0.5037381123048982
TRAIN_2654,0.6867152660865052,0.7438744355488579
TRAIN_2655,0.3992167396475181,0.388388976893957
TRAIN_2656,0.5611759485614464,0.5734714743267035
TRAIN_2657,0.4419598689740092,0.4416831119339564
TRAIN_2658,0.2380736920296613,0.14525023165696246
TRAIN_2659,0.5449083280951919,0.5570625349926752
TRAIN_2660,0.5025208954168184,0.5111225857975248
TRAIN_2661,0.5126492716166214,0.5428105653874198
TRAIN_2662,0.5743241487482463,0.6133397764191121
TRAIN_2663,0.3523844236360985,0.27842472812408725
TRAIN_2664,0.0799209255127012,0.06540197040721656
TRAIN_2665,0.5298338019341408,0.5663004863033723
TRAIN_2666,0.4188393908579204,0.4035841729165298
TRAIN_2667,0.517626539994972,0.5514304144106998
TRAIN_2668,0.2239315779764416,0.13110811760374275
TRAIN_2669,0.1997975740854035,0.18661240385159428
TRAIN_2670,0.550646824631687,0.558190958168769
TRAIN_2671,0.7047556520150667,0.7619148214774194
TRAIN_2672,0.3907443830405078,0.3799166202869467
TRAIN_2673,0.3400619370952871,0.2701630661929159
TRAIN_2674,0.7318201488601287,0.7393254796910516
TRAIN_2675,0.7671965747018795,0.7751315147334985
TRAIN_2676,0.5258615931667728,0.5562243343646427
TRAIN_2677,0.4980099290100363,0.51154538323694
TRAIN_2678,0.5979378372552269,0.6369534649260926
TRAIN_2679,0.4326580170393841,0.4121037001776182
TRAIN_2680,0.7587179763165853,0.7641811581406601
TRAIN_2681,0.3564983601288952,0.286599489226524
TRAIN_2682,0.3022277276134874,0.24541812524789186
TRAIN_2683,0.5523746953252764,0.5753694368465265
TRAIN_2684,0.5751958045948968,0.613386079166153
TRAIN_2685,0.5305981015418291,0.5620868197232544
TRAIN_2686,0.4485136532054471,0.4482368961653943
TRAIN_2687,0.3280198886292567,0.2570530813330178
TRAIN_2688,0.492479337851031,0.5161337789299394
TRAIN_2689,0.4309962085335754,0.41574099059218483
TRAIN_2690,0.4504846784040163,0.46257832030182955
TRAIN_2691,0.4777741842444534,0.4846518773400864
TRAIN_2692,0.2642060438764111,0.16796320810821172
TRAIN_2693,0.431434917361027,0.4161796994196365
TRAIN_2694,0.4812545065237945,0.5049089476027029
TRAIN_2695,0.5611830749628691,0.5683517662165992
TRAIN_2696,0.5284823242754261,0.5599710424568514
TRAIN_2697,0.3700081744513098,0.3591804116977487
TRAIN_2698,0.60241374959453,0.633061598476969
TRAIN_2699,0.6973225208123157,0.7544816902746684
TRAIN_2700,0.7454940150488484,0.7516006609147059
TRAIN_2701,0.4767571816533764,0.4840766299589292
TRAIN_2702,0.5346789170376965,0.5661676352191218
TRAIN_2703,0.2724526644183149,0.1762098286501155
TRAIN_2704,0.5319826116535649,0.5442566737406646
TRAIN_2705,0.5219060042245703,0.5522687454224402
TRAIN_2706,0.5119811861246437,0.5312229299713299
TRAIN_2707,0.5718290360047406,0.6024768848871795
TRAIN_2708,0.4538076075369781,0.4535308504969252
TRAIN_2709,0.4898726290147248,0.5135270700936332
TRAIN_2710,0.6069289706183073,0.6451192451895635
TRAIN_2711,0.4745941816790542,0.47588302094889323
TRAIN_2712,0.4737566903222402,0.48063438341787323
TRAIN_2713,0.4994903602620567,0.5130258144889603
TRAIN_2714,0.3261376732198167,0.25217797770780537
TRAIN_2715,0.2434148165680381,0.15059135619533925
TRAIN_2716,0.5315304415665977,0.5679971259358292
TRAIN_2717,0.5619408773232106,0.5849356188444608
TRAIN_2718,0.3995695399750119,0.36405390762561707
TRAIN_2719,0.4576412440970051,0.45373685528315877
TRAIN_2720,0.5649622979639165,0.5725064315009984
TRAIN_2721,0.0751063873058334,0.06093138664477543
TRAIN_2722,0.7999263385727158,0.8063215493668774
TRAIN_2723,0.2724529413692834,0.1901865358111751
TRAIN_2724,0.1307436273765311,0.11755845714272191
TRAIN_2725,0.3875451129618392,0.3767173502082781
TRAIN_2726,0.6522790339740162,0.7114692973446528
TRAIN_2727,0.4884264008978355,0.5002790739718408
TRAIN_2728,0.4058722312506703,0.3950444684971093
TRAIN_2729,0.535167994203853,0.5666567123852783
TRAIN_2730,0.4653496011243609,0.4726690494299137
TRAIN_2731,0.4159194039940396,0.39947303092337694
TRAIN_2732,0.3144590461828537,0.23834535200937307
TRAIN_2733,0.8144244991566865,0.8205311450225439
TRAIN_2734,0.4834597704662715,0.4953124435402768
TRAIN_2735,0.4658547606518966,0.46714359992173565
TRAIN_2736,0.2630994700225341,0.1696301116046779
TRAIN_2737,0.5203888991080894,0.5507516403059594
TRAIN_2738,0.2544094462073951,0.15704760731213013
TRAIN_2739,0.4767300599474526,0.4836077530430857
TRAIN_2740,0.6388772792351283,0.6980675426057649
TRAIN_2741,0.4949383655641142,0.49683392075093546
TRAIN_2742,0.1938005076225562,0.17928155251707156
TRAIN_2743,0.5285211849165642,0.5600099030979895
TRAIN_2744,0.6937456168694421,0.7624640067632982
TRAIN_2745,0.6970433574136868,0.7542025268760395
TRAIN_2746,0.4489500549208305,0.44504566610698415
TRAIN_2747,0.024539761449807,0.011354591215997797
TRAIN_2748,0.5727127255067818,0.6033605743892207
TRAIN_2749,0.3508772375192999,0.27476354334581926
TRAIN_2750,0.2806242791875831,0.1983578736294748
TRAIN_2751,0.7080887757917126,0.770388535055891
TRAIN_2752,0.4966335068700933,0.5061232588002808
TRAIN_2753,0.4890536661005488,0.49686193160573694
TRAIN_2754,0.315696833192532,0.2588872308269365
TRAIN_2755,0.5622219670654133,0.5697661006024952
TRAIN_2756,0.7691566924284068,0.7746198742524815
TRAIN_2757,0.4994762069045218,0.5013717620913432
TRAIN_2758,0.526183496755419,0.5626501811246505
TRAIN_2759,0.4758806600759795,0.48275835317161253
TRAIN_2760,0.4821983569627858,0.49000662246797394
TRAIN_2761,0.5043323132994953,0.5062278684863166
TRAIN_2762,0.3432263889949977,0.2722595816987588
TRAIN_2763,0.4592043754371693,0.47129801733498256
TRAIN_2764,0.3078511795103489,0.23173748533686828
TRAIN_2765,0.2424537645526509,0.14898440613479474
TRAIN_2766,0.393741468556559,0.382913705802998
TRAIN_2767,0.5072648388574527,0.5265065827041389
TRAIN_2768,0.4574180817916585,0.4571413247516056
TRAIN_2769,0.7070545249518106,0.7693542842159891
TRAIN_2770,0.5690439042707746,0.581198111168258
TRAIN_2771,0.5013775694092857,0.5108673213394732
TRAIN_2772,0.7498167519063612,0.7559233977722186
TRAIN_2773,0.6345775486587951,0.6968773079229735
TRAIN_2774,0.4593465733355467,0.4590698162954938
TRAIN_2775,0.3215459297596725,0.24543223558619187
TRAIN_2776,0.4781389231703385,0.48594718867552666
TRAIN_2777,0.5068887798462166,0.5406926542619443
TRAIN_2778,0.5398111513965852,0.5473552849336671
TRAIN_2779,0.7099988441511368,0.7722986034153152
TRAIN_2780,0.4666107537088772,0.4734884468045103
TRAIN_2781,0.7575063590346168,0.7629695408586916
TRAIN_2782,0.5134773626553079,0.5436386564261062
TRAIN_2783,0.5007217269803285,0.5142571812072321
TRAIN_2784,0.4466878435793606,0.4427834547655143
TRAIN_2785,0.7541531083954317,0.7620880484270507
TRAIN_2786,0.4487524762027029,0.44250242309520593
TRAIN_2787,0.1888935183422283,0.17633621307263211
TRAIN_2788,0.478690619314615,0.48649888481980313
TRAIN_2789,0.6094275227447837,0.6482357746363913
TRAIN_2790,0.4811137981470024,0.5047682392259107
TRAIN_2791,0.3759034523501818,0.3586375646914566
TRAIN_2792,0.4929047088208048,0.5165591498997132
TRAIN_2793,0.4726965941346323,0.48001604244018503
TRAIN_2794,0.5245685673220465,0.5399701147803472
TRAIN_2795,0.5127561713437442,0.5319979151904304
TRAIN_2796,0.4661574652783034,0.4674463045481424
TRAIN_2797,0.5255900391827334,0.5620567235519649
TRAIN_2798,0.7297394006874086,0.7352025825114834
TRAIN_2799,0.5515848493856469,0.5745795909068971
TRAIN_2800,0.2003125014649146,0.18613750080385666
TRAIN_2801,0.677468584419406,0.7366588477900426
TRAIN_2802,0.5420177812956625,0.5495619148327444
TRAIN_2803,0.5379621358011123,0.5455062693381942
TRAIN_2804,0.1055921154844513,0.09107316037896665
TRAIN_2805,0.4334708853930004,0.4182156674516099
TRAIN_2806,0.4814580201675229,0.4968492215284479
TRAIN_2807,0.0299320855008419,0.01723907815506006
TRAIN_2808,0.0794666183755131,0.06494766327002845
TRAIN_2809,0.5262695128356326,0.5416710602939333
TRAIN_2810,0.4834659936226423,0.4900845180551222
TRAIN_2811,0.4673276162889723,0.4686164555588113
TRAIN_2812,0.4418860215461698,0.4213317046844039
TRAIN_2813,0.6871449448017768,0.7494447040659553
TRAIN_2814,0.732394059476539,0.7398993903074618
TRAIN_2815,0.6140830552301857,0.6530986829010514
TRAIN_2816,0.5146776469415125,0.5360984704508573
TRAIN_2817,0.5176299564895616,0.5514338309052893
TRAIN_2818,0.5034520851260045,0.505489991781019
TRAIN_2819,0.4734927403961557,0.47835226153418664
TRAIN_2820,0.4918866291858383,0.5013763811160258
TRAIN_2821,0.4607846935351413,0.46810414184069404
TRAIN_2822,0.7616193819990918,0.7695543220307108
TRAIN_2823,0.3038122691153221,0.22985257360331082
TRAIN_2824,0.5806849563827247,0.6194932082743322
TRAIN_2825,0.4470466446574694,0.4431422558436231
TRAIN_2826,0.2869203543684209,0.2046539488103126
TRAIN_2827,0.4438662543437883,0.41926982808401747
TRAIN_2828,0.6145225506508901,0.6527128252221464
TRAIN_2829,0.5475290378025676,0.559683244700051
TRAIN_2830,0.5406062215150699,0.5527604284125534
TRAIN_2831,0.6242374687852116,0.6548853176676506
TRAIN_2832,0.3377718246859167,0.26787295378354553
TRAIN_2833,0.403590864551768,0.39276310179820695
TRAIN_2834,0.5418032698905696,0.5489719611442997
TRAIN_2835,0.4082607813716288,0.372745149022234
TRAIN_2836,0.5260476247825333,0.5564103659804032
TRAIN_2837,0.216920119308728,0.12409665893602917
TRAIN_2838,0.3399588432293455,0.26599914771733424
TRAIN_2839,0.4106664034498943,0.39983864069633324
TRAIN_2840,0.4583860277003743,0.4581092706603215
TRAIN_2841,0.3692160384813578,0.35838827572779675
TRAIN_2842,0.714690345513155,0.7738806088837916
TRAIN_2843,0.3787629273058671,0.3432472949564722
TRAIN_2844,0.6286537379817512,0.6618888324929779
TRAIN_2845,0.3155327565172622,0.2587231541516667
TRAIN_2846,0.5660357386395328,0.5890304801607831
TRAIN_2847,0.5161458595445745,0.5353876033912607
TRAIN_2848,0.4903496721962381,0.49815793770142625
TRAIN_2849,0.4705752281992852,0.48092636495753827
TRAIN_2850,0.3148468576562245,0.2438800503599856
TRAIN_2851,0.4825831123945798,0.4979743137555047
TRAIN_2852,0.5062857150807604,0.5400895894964881
TRAIN_2853,0.506527287559766,0.5403311619754938
TRAIN_2854,0.2635791008624646,0.16621726196719966
TRAIN_2855,0.7498912387415619,0.7573965695724847
TRAIN_2856,0.2188682893654455,0.12262545359724611
TRAIN_2857,0.0309189897370052,0.016400034631520552
TRAIN_2858,0.3949985944490706,0.3841708316955096
TRAIN_2859,0.4809470855951455,0.48875535110033363
TRAIN_2860,0.4367457868249924,0.4202994137543297
TRAIN_2861,0.2401159485888533,0.14275410969358834
TRAIN_2862,0.4346002187998836,0.4140459019381177
TRAIN_2863,0.4342569178409478,0.40731208661819523
TRAIN_2864,0.4172557277705945,0.3926593015108237
TRAIN_2865,0.5236183998602525,0.5551071180416778
TRAIN_2866,0.4721607138178225,0.4794801621233753
TRAIN_2867,0.5426876808460667,0.5498563720997968
TRAIN_2868,0.4593700319642183,0.4531199788567213
TRAIN_2869,0.9998957232233192,1.0
TRAIN_2870,0.528159628030138,0.5596483462115633
TRAIN_2871,0.2344665340364975,0.1382236982682981
TRAIN_2872,0.8126187917943545,0.8201241226252773
TRAIN_2873,0.1578581723220925,0.14467300208828332
TRAIN_2874,0.4658839602032161,0.4727616532988491
TRAIN_2875,0.5274006916501012,0.5396747537372009
TRAIN_2876,0.449492091555945,0.44921533451589213
TRAIN_2877,0.9702753160371954,0.9782102560688144
TRAIN_2878,0.5238761701901038,0.5361502322772035
TRAIN_2879,0.481531883372968,0.4933845564469733
TRAIN_2880,0.5227856133585468,0.5542743315399721
TRAIN_2881,0.5026748428806206,0.5112765332613269
TRAIN_2882,0.4499563303216491,0.4437062772141521
TRAIN_2883,0.0868711970724681,0.07269619641141013
TRAIN_2884,0.2403005965255497,0.1468312381076935
TRAIN_2885,0.2157999267578013,0.11843808786253635
TRAIN_2886,0.5685936727889468,0.5992415216713858
TRAIN_2887,0.5519434054675699,0.5640976123650534
TRAIN_2888,0.1910107235671106,0.1778255533333014
TRAIN_2889,0.5079677939934825,0.5417716684092102
TRAIN_2890,0.7112754376995031,0.7735751969636815
TRAIN_2891,0.2890612757832241,0.1955919173653679
TRAIN_2892,0.5117614598967875,0.5419227536675857
TRAIN_2893,0.4953340676803031,0.5048238196104906
TRAIN_2894,0.8396813538269097,0.8476162938585288
TRAIN_2895,0.4348343690444735,0.4142800521827076
TRAIN_2896,0.5092065357444484,0.5306273592537933
TRAIN_2897,0.6440265884215152,0.7032168517921518
TRAIN_2898,0.390512896997051,0.37968513424348993
TRAIN_2899,0.4191053582762344,0.39216052705348187
TRAIN_2900,0.1324078532006153,0.1198505479310191
TRAIN_2901,0.4455567124335767,0.44527995539352383
TRAIN_2902,0.6135805171357747,0.6442283660182138
TRAIN_2903,0.1691383489401234,0.15496334827906544
TRAIN_2904,0.5823885835740539,0.62057885814531
TRAIN_2905,0.2777642244153637,0.18040238552009874
TRAIN_2906,0.3823184942307434,0.37149073147718237
TRAIN_2907,0.509440606635439,0.5308614301447838
TRAIN_2908,0.9597701059306336,0.965876751796491
TRAIN_2909,0.4281865146829724,0.4129312967415819
TRAIN_2910,0.4549815043893518,0.4563499242814615
TRAIN_2911,0.5272964192594449,0.5587851374408702
TRAIN_2912,0.2522498092807347,0.15942634890803586
TRAIN_2913,0.6348275325431109,0.6919867020054635
TRAIN_2914,0.5151670310387712,0.5453283248095695
TRAIN_2915,0.7573501603499629,0.7634568062158205
TRAIN_2916,0.3023017269798628,0.23240285607749162
TRAIN_2917,0.4635261898470061,0.47387732660525916
TRAIN_2918,0.6347591535602918,0.6939494169309284
TRAIN_2919,0.6034875420652933,0.6422957939569008
TRAIN_2920,0.8950644539712861,0.9011710998371436
TRAIN_2921,0.4384748392033578,0.41153000798060524
TRAIN_2922,0.2876456282407241,0.19028378934545914
TRAIN_2923,0.5480628524800201,0.5602170593775035
TRAIN_2924,0.6925388849225106,0.7612572748163666
TRAIN_2925,0.4945445232400865,0.5080799774669902
TRAIN_2926,0.3691397982435697,0.3518739105848444
TRAIN_2927,0.6453573460972722,0.7045476094679088
TRAIN_2928,0.6521038386170812,0.7092630080794339
TRAIN_2929,0.518039020440343,0.5478532915473189
TRAIN_2930,0.3411306722485729,0.2843210698829774
TRAIN_2931,0.4958476553928475,0.49788556204786205
TRAIN_2932,0.1491731400662987,0.13499813940524075
TRAIN_2933,0.5650464415024496,0.5773419672677067
TRAIN_2934,0.7066927526733089,0.7638519221356616
TRAIN_2935,0.6278316477621203,0.684990817224473
TRAIN_2936,0.5274675235885282,0.5397415856756279
TRAIN_2937,0.4238405761888946,0.39689574496614205
TRAIN_2938,0.5105480181189547,0.5403622892259305
TRAIN_2939,0.3699960243849428,0.3591682616313817
TRAIN_2940,0.3936636646008494,0.38283590184728833
TRAIN_2941,0.3097899679166302,0.2529803655510347
TRAIN_2942,0.1889244013925443,0.17440544628705965
TRAIN_2943,0.5095571121983707,0.5393713833053466
TRAIN_2944,0.5382817062011641,0.5747483905703956
TRAIN_2945,0.5907104385155392,0.6295186904071467
TRAIN_2946,0.1804147906695859,0.1678574853999897
TRAIN_2947,0.5233495762219472,0.5387511236802479
TRAIN_2948,0.4452719304218202,0.44664035031392985
TRAIN_2949,0.3002331729386264,0.24342357057303088
TRAIN_2950,0.3421254774928063,0.2722266065904351
TRAIN_2951,0.3729383536455705,0.3621105908920095
TRAIN_2952,0.0304116493783267,0.016236648717268733
TRAIN_2953,0.4325370566830381,0.41609068361237544
TRAIN_2954,0.6100098581675394,0.6490254858384051
TRAIN_2955,0.2681731668301801,0.1859067612720718
TRAIN_2956,0.110271265096772,0.09771395982717582
TRAIN_2957,0.6219767959630751,0.6607850478546826
TRAIN_2958,0.2176676972800069,0.1354012917218986
TRAIN_2959,0.3967798741425547,0.38595211138899366
TRAIN_2960,0.1502730382066442,0.13575408310115955
TRAIN_2961,0.4535706309787404,0.4532938739386876
TRAIN_2962,0.3168602598164222,0.2429005643044109
TRAIN_2963,0.0245326786353605,0.010357677974302534
TRAIN_2964,0.4673051174300867,0.47418281052571976
TRAIN_2965,0.5651747390147769,0.5881694805360271
TRAIN_2966,0.4634348269438628,0.47552846884167604
TRAIN_2967,0.5571430509948939,0.5694385767601511
TRAIN_2968,0.1491568252335726,0.13646381788779077
TRAIN_2969,0.2178253200276026,0.1355589144694943
TRAIN_2970,0.5016289701565129,0.5102306605372193
TRAIN_2971,0.152015931582203,0.13784093092114502
TRAIN_2972,0.45792812651897,0.4540237377051237
TRAIN_2973,0.0227179215216413,0.008198966416156653
TRAIN_2974,0.5764184823185383,0.6070663312009774
TRAIN_2975,0.5557634058184185,0.567917612715902
TRAIN_2976,0.2967357558000786,0.22576894850383972
TRAIN_2977,0.3079688528180259,0.23185515864454526
TRAIN_2978,0.2575956095552238,0.16023377065995886
TRAIN_2979,0.290415575416627,0.2081491698585187
TRAIN_2980,0.4936919207304044,0.49558747591722574
TRAIN_2981,0.0818451708354476,0.06866000060163839
TRAIN_2982,0.2319081605276548,0.14964175496954651
TRAIN_2983,0.1762687222075055,0.16357571486172368
TRAIN_2984,0.3612556042038175,0.304446001838222
TRAIN_2985,0.5443046435585067,0.5564588504559902
TRAIN_2986,0.0985032754918877,0.0859459702222915
TRAIN_2987,0.5658189207248666,0.5779731276223501
TRAIN_2988,0.3938079272263664,0.38298016447280536
TRAIN_2989,0.1739073411859064,0.16072217095209718
TRAIN_2990,0.4593720287538409,0.4607404486459506
TRAIN_2991,0.2023685992167258,0.18784964411124114
TRAIN_2992,0.2913228810670327,0.1978535226491765
TRAIN_2993,0.4142309492929534,0.39897573135156283
TRAIN_2994,0.4435726507833714,0.41897622452360056
TRAIN_2995,0.4762065759552132,0.4830842690508462
TRAIN_2996,0.1640534062341592,0.15136039888837738
TRAIN_2997,0.1855459120771997,0.17137091141614175
TRAIN_2998,0.5288563697401086,0.5411304318272083
TRAIN_2999,0.2031161227955374,0.1899309525617282
