ID,stress_score,oof_seed_42,oof_seed_77,oof_seed_2026,oof_mean
TRAIN_0000,0.63,0.5159822533312648,0.4889517308690677,0.5213563593874717,0.5087634478626014
TRAIN_0001,0.83,0.82993843348643,0.8299837894724275,0.49459055387291645,0.7181709256105914
TRAIN_0002,0.7,0.5614691193505759,0.5381676090033994,0.40572929292551424,0.5017886737598298
TRAIN_0003,0.17,0.16959076388420335,0.17007263658015753,0.16996958646933807,0.169877662311233
TRAIN_0004,0.36,0.49220714076929484,0.42678292395820805,0.43394277374346657,0.4509776128236565
TRAIN_0005,0.83,0.8297768398143235,0.8303894872967792,0.8302093302861957,0.8301252191324329
TRAIN_0006,0.63,0.4637182752761787,0.4664938710826519,0.46482705555364445,0.46501306730415837
TRAIN_0007,0.41,0.5755970761968816,0.5584678612246098,0.5973104068671318,0.5771251147628744
TRAIN_0008,0.18,0.49413028855104874,0.5458904465409883,0.21682923869854526,0.41894999126352744
TRAIN_0009,0.85,0.8500876667385084,0.8501100714411094,0.8503445081523304,0.8501807487773161
TRAIN_0010,0.18,0.4742187459780696,0.48141133766611566,0.46897638232867805,0.4748688219909545
TRAIN_0011,0.45,0.46809945571906975,0.4673445198051621,0.46891701358565757,0.4681203297032965
TRAIN_0012,0.59,0.48079597754719733,0.4491010679507983,0.44488191619357437,0.45825965389719
TRAIN_0013,0.5,0.5015118512794622,0.3543800450040239,0.36329394102638934,0.4063952791032918
TRAIN_0014,0.04,0.0490067966404239,0.048325841244062584,0.0485468140227821,0.04862648396908953
TRAIN_0015,0.11,0.13872866115787058,0.48923398591480016,0.13820528196457688,0.2553893096790825
TRAIN_0016,0.55,0.5486179030742147,0.553635998121797,0.5583599290837825,0.5535379434265981
TRAIN_0017,0.3,0.30020511493243196,0.2995325688110013,0.3004207447659947,0.30005280950314267
TRAIN_0018,0.7,0.4929059691641949,0.4940557555003419,0.4907851465369692,0.492582290400502
TRAIN_0019,0.3,0.564273396878892,0.5346807916184112,0.5515321695709354,0.5501621193560795
TRAIN_0020,0.98,0.44548895336327676,0.4487418064613294,0.45194439965804895,0.44872505316088507
TRAIN_0021,0.56,0.5602249669369693,0.49221383452050804,0.5601665854237978,0.537535128960425
TRAIN_0022,0.12,0.5038559067682787,0.6136695361939773,0.6171982965441054,0.5782412465021205
TRAIN_0023,0.38,0.5604539037573246,0.4558776709958164,0.4555899955073052,0.49064052342014874
TRAIN_0024,0.51,0.4889476386944901,0.49055054939603365,0.49098033529674495,0.4901595077957563
TRAIN_0025,0.54,0.5336766523828729,0.4792870636137013,0.4716967907698557,0.4948868355888099
TRAIN_0026,0.89,0.49645129568795415,0.4893955328579581,0.4951244248885449,0.49365708447815243
TRAIN_0027,0.26,0.25808989009251326,0.2576364542101248,0.2607833086226604,0.2588365509750995
TRAIN_0028,0.91,0.8423731389909244,0.8402160196159298,0.8402227481780117,0.8409373022616219
TRAIN_0029,0.29,0.2922319443002924,0.29095759913031194,0.2895716875605029,0.2909204103303691
TRAIN_0030,0.5,0.4913239768952558,0.4856472500769795,0.4917422887758106,0.48957117191601524
TRAIN_0031,0.67,0.6666636123174492,0.49580069307152025,0.4903210877319244,0.5509284643736313
TRAIN_0032,0.32,0.3332321365334481,0.33183503338263287,0.33155697371869175,0.3322080478782576
TRAIN_0033,0.86,0.4896946091404544,0.48358724324772,0.48961115126855714,0.4876310012189105
TRAIN_0034,0.43,0.40989891075619767,0.41344289602428264,0.44037844156693196,0.4212400827824707
TRAIN_0035,0.4,0.47075835699064683,0.4002408013347566,0.4002121134187202,0.4237370905813746
TRAIN_0036,0.55,0.543215846312952,0.5510647290130232,0.5456128160189251,0.5466311304483001
TRAIN_0037,0.84,0.5078592224278996,0.5049892295956698,0.5146976652188182,0.5091820390807958
TRAIN_0038,0.97,0.9355200021962851,0.545510002729114,0.9323014459750427,0.8044438169668139
TRAIN_0039,0.73,0.729644625094736,0.7295229917300827,0.7298827305158596,0.7296834491135594
TRAIN_0040,0.57,0.5694309063579162,0.5696467704188953,0.569996331828249,0.5696913362016868
TRAIN_0041,0.39,0.6837783237094273,0.6850817676599723,0.6888326232410461,0.6858975715368153
TRAIN_0042,0.12,0.1299016912130841,0.13038066409129023,0.13001562592117716,0.13009932707518382
TRAIN_0043,0.82,0.8244495013327784,0.8184766914268251,0.605472849977172,0.7494663475789252
TRAIN_0044,0.09,0.5029551248088127,0.508280315480124,0.5024433745221535,0.50455960493703
TRAIN_0045,0.72,0.490227577996976,0.497413329490108,0.4913014797386363,0.4929807957419068
TRAIN_0046,0.62,0.4859550074044097,0.4819605521558103,0.4869489733674929,0.4849548443092376
TRAIN_0047,0.53,0.47503514251204093,0.46567115114156166,0.47695649945504154,0.472554264369548
TRAIN_0048,0.36,0.4275407228568793,0.4295091612309396,0.4247392989247813,0.4272630610042001
TRAIN_0049,0.79,0.49550096647141273,0.4938245068162535,0.4914685409311364,0.49359800473960086
TRAIN_0050,0.76,0.4959220568935596,0.4911458620931127,0.49393468191410866,0.4936675336335936
TRAIN_0051,0.12,0.12588387401984358,0.12684515690492054,0.1262860299087617,0.12633835361117526
TRAIN_0052,0.07,0.12231629908260144,0.41446459697041305,0.39864110494173977,0.3118073336649181
TRAIN_0053,0.44,0.5301020862416971,0.530679101669674,0.5295529151828534,0.5301113676980749
TRAIN_0054,0.82,0.43287454857076024,0.4133227211621495,0.4129916474171592,0.419729639050023
TRAIN_0055,0.05,0.06030280082288042,0.06157221597663076,0.05987221986325875,0.06058241222092331
TRAIN_0056,0.72,0.4409407283573708,0.4584004741241025,0.4431784993624312,0.4475065672813015
TRAIN_0057,0.59,0.4846506835598576,0.5823917285748443,0.582767426663784,0.5499366129328287
TRAIN_0058,0.8,0.7975009462142872,0.49024303601906566,0.7974029659465247,0.6950489827266259
TRAIN_0059,0.08,0.4343606669479287,0.4263911782907822,0.08674802758623784,0.3158332909416495
TRAIN_0060,0.36,0.3624372211675756,0.5246504142149953,0.5467332537862137,0.4779402963895949
TRAIN_0061,0.52,0.49015321818855,0.4947742313073798,0.49079952512381175,0.4919089915399139
TRAIN_0062,0.55,0.4909929001873099,0.49641499998916055,0.49289788071538865,0.4934352602972864
TRAIN_0063,0.19,0.49083016309744415,0.49319885983220796,0.4927580205228473,0.49226234781749983
TRAIN_0064,0.9,0.49636304767491524,0.49083580987134595,0.49480394713213566,0.49400093489279895
TRAIN_0065,0.59,0.5866533976429317,0.47925314143618836,0.5868050080201606,0.5509038490330935
TRAIN_0066,0.18,0.4764824050716814,0.477290600421601,0.48504911859461525,0.47960737469596587
TRAIN_0067,1.0,0.9995730499409131,1.0,0.9999523016206748,0.9998417838538627
TRAIN_0068,0.07,0.07411044343170264,0.6292172244014218,0.07433938639062748,0.2592223514079173
TRAIN_0069,0.02,0.03011101975308733,0.030597533779970598,0.02680218119287181,0.029170244908643245
TRAIN_0070,0.43,0.42790212560324675,0.43050082228013853,0.42795675413441225,0.42878656733926584
TRAIN_0071,0.05,0.4917122588517764,0.49547008411324006,0.4912072565196904,0.4927965331615689
TRAIN_0072,0.92,0.9195187514772905,0.48175233846632337,0.9200832907746033,0.7737847935727391
TRAIN_0073,0.99,0.9897743307352627,0.9898964256394587,0.9896639202499791,0.9897782255415667
TRAIN_0074,0.27,0.2709218766748469,0.2710140926528736,0.4949159459978289,0.34561730510851646
TRAIN_0075,0.13,0.32909642666362615,0.326672981266376,0.39099217821423526,0.3489205287147458
TRAIN_0076,0.64,0.6403578686307139,0.6400548808660903,0.6399769116760495,0.640129887057618
TRAIN_0077,0.29,0.4832380060962557,0.49422002887682887,0.5135218603965785,0.4969932984565544
TRAIN_0078,0.48,0.43092837116885513,0.43251847183965253,0.42933414074770826,0.4309269945854053
TRAIN_0079,0.9,0.8991879254093063,0.8999520998172608,0.48284317036757035,0.7606610651980458
TRAIN_0080,0.39,0.39156908302609394,0.39186224882532045,0.388965823926368,0.39079905192592745
TRAIN_0081,0.33,0.5260878967878374,0.5142717413599125,0.5133025862735375,0.5178874081404291
TRAIN_0082,0.8,0.4184627145518764,0.36489865723392406,0.4077361207379049,0.3970324975079018
TRAIN_0083,0.98,0.9797734215052305,0.979730225234122,0.4953108458212907,0.8182714975202144
TRAIN_0084,0.53,0.532615077871934,0.5838758942374791,0.5229768294599828,0.5464892671897986
TRAIN_0085,0.74,0.49976830357153595,0.491350941554337,0.4970374037275915,0.4960522162844882
TRAIN_0086,0.81,0.3747239240092294,0.3954459102529382,0.4013915463862614,0.39052046021614295
TRAIN_0087,0.47,0.47120241620446773,0.49011326759317037,0.4712178019898218,0.47751116192915327
TRAIN_0088,0.71,0.6904360433243819,0.6916004509469083,0.6910164597894762,0.6910176513535888
TRAIN_0089,0.2,0.40622834720088985,0.4070617924156694,0.40737222651069316,0.40688745537575083
TRAIN_0090,0.52,0.5045872059887044,0.5186737165137605,0.5186830463765324,0.5139813229596658
TRAIN_0091,0.81,0.49129274735072276,0.48445828889735837,0.4888853775120692,0.4882121379200501
TRAIN_0092,0.12,0.49620548357040584,0.4854580873464543,0.49807288228003244,0.4932454843989642
TRAIN_0093,0.8,0.5030239305676316,0.7973440469135726,0.797588596918044,0.6993188581330827
TRAIN_0094,0.27,0.6600496952214563,0.6160790796784245,0.6693140474410721,0.6484809407803176
TRAIN_0095,0.9,0.8984428887346652,0.8983463397617372,0.48517185724442335,0.7606536952469418
TRAIN_0096,0.49,0.4897225863765269,0.49043376624662505,0.4906856859128671,0.4902806795120063
TRAIN_0097,0.15,0.1508902351701541,0.1511641894688619,0.1509737834405176,0.15100940269317786
TRAIN_0098,0.53,0.4821837570391498,0.4786557113761585,0.482061323569814,0.4809669306617074
TRAIN_0099,0.6,0.4856771777619455,0.4779547206350826,0.48600519169217327,0.48321236336306717
TRAIN_0100,0.65,0.6502511752486375,0.6500792387687536,0.6501366109776016,0.6501556749983309
TRAIN_0101,0.2,0.20528415610558148,0.20666499642778408,0.20670128857870063,0.20621681370402203
TRAIN_0102,0.6,0.5967017679050275,0.5969630622781018,0.4986225725121849,0.5640958008984381
TRAIN_0103,0.03,0.48918331575618795,0.4324173251829868,0.48105444465764435,0.46755169519893974
TRAIN_0104,0.93,0.20815040301881066,0.19304754799598245,0.21861962295064297,0.20660585798847872
TRAIN_0105,0.71,0.5074454298707992,0.49716213108635754,0.5145488727577446,0.5063854779049671
TRAIN_0106,0.19,0.1902694578161076,0.19019083845400797,0.4983451345782584,0.29293514361612466
TRAIN_0107,0.66,0.5245606052263272,0.5267575511691063,0.525327800985261,0.5255486524602314
TRAIN_0108,0.15,0.1593950776357586,0.160217247567627,0.15953428532753178,0.15971553684363912
TRAIN_0109,0.52,0.5181239581382,0.4930668073383075,0.4993196077186013,0.5035034577317029
TRAIN_0110,0.48,0.6041842934573421,0.6072456200951353,0.4499585931530997,0.553796168901859
TRAIN_0111,0.59,0.5903413248171473,0.5908285535240461,0.5056404983206386,0.562270125553944
TRAIN_0112,0.97,0.5576774167434243,0.5420808533919388,0.5242503412343323,0.5413362037898984
TRAIN_0113,0.87,0.7224919958116571,0.4934747142788009,0.7320840022960041,0.649350237462154
TRAIN_0114,0.47,0.4505528936672959,0.450688682050289,0.4513236376039682,0.45085507110718437
TRAIN_0115,0.36,0.35976097267376317,0.4865769140258421,0.3592485999158078,0.4018621622051377
TRAIN_0116,0.83,0.4854770631469188,0.829688399833981,0.8290738516103676,0.7147464381970892
TRAIN_0117,0.77,0.5998267130321242,0.7728965165287656,0.773204628832952,0.7153092861312805
TRAIN_0118,0.13,0.15621868075455536,0.16842662631494626,0.15123233741472297,0.15862588149474152
TRAIN_0119,0.71,0.4233314956529016,0.40717188271630533,0.4337377193497084,0.42141369923963845
TRAIN_0120,0.63,0.630240328284559,0.630065996629935,0.6302589884746777,0.6301884377963906
TRAIN_0121,0.78,0.7795352300895572,0.7796790223625282,0.7790884490623278,0.7794342338381378
TRAIN_0122,0.54,0.5402491995317223,0.5399582031808671,0.5401160614340557,0.540107821382215
TRAIN_0123,0.44,0.7023388657236599,0.7175734803287166,0.7295832867034113,0.7164985442519294
TRAIN_0124,0.17,0.49159324033765966,0.4870844521644884,0.49204991079201604,0.49024253443138804
TRAIN_0125,0.37,0.3773703095361237,0.4957620158346301,0.3777124541024068,0.4169482598243868
TRAIN_0126,0.29,0.49884778652514017,0.505950857453766,0.5351590846667776,0.5133192428818947
TRAIN_0127,0.71,0.6696709155711955,0.6505128024991319,0.6489274846529752,0.6563704009077674
TRAIN_0128,0.62,0.46702378689219026,0.48094963769264115,0.4665840796724102,0.4715191680857472
TRAIN_0129,0.41,0.4897165142721523,0.48580774818639755,0.4914864521286613,0.48900357152907037
TRAIN_0130,0.59,0.4778785291130614,0.4834671619865005,0.5003104361326709,0.48721870907741094
TRAIN_0131,0.55,0.48638632347070476,0.5498941955819103,0.5493709188619729,0.5285504793048627
TRAIN_0132,0.94,0.4924134866863203,0.48609971438159244,0.490939539197496,0.4898175800884696
TRAIN_0133,0.09,0.08602493540682599,0.08599330194789523,0.4217315776665677,0.19791660500709632
TRAIN_0134,0.64,0.6362427324485016,0.6362286010296815,0.6353841060887284,0.6359518131889705
TRAIN_0135,0.15,0.19112756656582752,0.19024655584914058,0.1901179342530973,0.1904973522226885
TRAIN_0136,0.72,0.3544658402948584,0.371628691801796,0.3731605959400605,0.3664183760122383
TRAIN_0137,0.53,0.45811560378885774,0.5055545378929616,0.5048501394949221,0.4895067603922471
TRAIN_0138,0.21,0.5003320706407205,0.5019892766581555,0.5026045865730651,0.5016419779573137
TRAIN_0139,0.58,0.4554257430918839,0.4507101267307798,0.45752037909708715,0.4545520829732503
TRAIN_0140,0.48,0.22653735321469887,0.29780446437805347,0.41075445946648026,0.3116987590197442
TRAIN_0141,0.77,0.538542231738341,0.5417427158120837,0.5621892866690499,0.5474914114064915
TRAIN_0142,0.59,0.5661383462927458,0.5612159870471571,0.4235809598876846,0.5169784310758625
TRAIN_0143,0.77,0.39431932990507573,0.37777741237368234,0.39122286312625465,0.3877732018016709
TRAIN_0144,0.26,0.5158136833388063,0.27754874730844226,0.2842088170978079,0.35919041591501877
TRAIN_0145,0.76,0.5039900688968374,0.5144967908906013,0.5030477830894377,0.5071782142922922
TRAIN_0146,0.8,0.4900283565396048,0.49053936797457026,0.48793042586064905,0.48949938345827465
TRAIN_0147,0.12,0.4890162643778521,0.49159973856788813,0.4908830847072469,0.49049969588432907
TRAIN_0148,0.02,0.020219852065563204,0.4895491097534925,0.020399760750877627,0.17672290752331113
TRAIN_0149,0.91,0.5132877712289333,0.508743748128291,0.5201521972532506,0.5140612388701583
TRAIN_0150,0.24,0.49661288239981444,0.4887040859272473,0.4980122876886245,0.4944430853385621
TRAIN_0151,0.3,0.37782433589168274,0.2542456303702851,0.1840004078437374,0.27202345803523503
TRAIN_0152,0.55,0.4774950228397673,0.4784578844505059,0.47847127814776785,0.47814139514601367
TRAIN_0153,0.7,0.49266415125520013,0.5003446049703175,0.4947449445647622,0.49591790026342664
TRAIN_0154,0.38,0.3801284590747027,0.38012219898307054,0.4868729572648278,0.4157078717742004
TRAIN_0155,0.46,0.4636175135599242,0.4878578622209602,0.4870262441103363,0.47950053996374026
TRAIN_0156,0.24,0.2822390717534278,0.48896105015371594,0.49313437105434293,0.4214448309871622
TRAIN_0157,0.9,0.8901347636165715,0.9044821447558398,0.8929249142075445,0.8958472741933186
TRAIN_0158,0.12,0.1474709786836843,0.49265517072656057,0.1482305582914336,0.2627855692338928
TRAIN_0159,0.18,0.49674414434454844,0.49168171040805353,0.49561125609709106,0.4946790369498977
TRAIN_0160,0.11,0.49310775164119613,0.4938425595870171,0.49454984843519617,0.4938333865544698
TRAIN_0161,0.67,0.6742471498499474,0.674181579334852,0.6744357777529914,0.6742881689792636
TRAIN_0162,0.09,0.4676158113129218,0.4704287580285258,0.4696157884825395,0.4692201192746624
TRAIN_0163,0.66,0.659486371856739,0.6596092100388316,0.4917754715171244,0.6036236844708983
TRAIN_0164,0.25,0.2510047720643853,0.2508243195488937,0.25112749273021806,0.25098552811449903
TRAIN_0165,0.59,0.6381278627073419,0.5948516656798576,0.5946065704559179,0.6091953662810391
TRAIN_0166,0.75,0.5166874350148805,0.5182056176284154,0.5166138469313836,0.5171689665248932
TRAIN_0167,0.39,0.6245480705195471,0.6756666094711165,0.5526542061866159,0.6176229620590932
TRAIN_0168,0.82,0.4105748676691471,0.7547845704800625,0.7545215109359821,0.6399603163617306
TRAIN_0169,0.0,0.0,0.02899971099747617,0.0,0.009666570332492056
TRAIN_0170,0.63,0.618180675132799,0.6183968018379955,0.6187861223722058,0.6184545331143334
TRAIN_0171,0.43,0.4916040457146991,0.491112517844435,0.49101055589536036,0.49124237315149816
TRAIN_0172,0.79,0.7657255622076561,0.7665330237036028,0.7664354080034848,0.7662313313049145
TRAIN_0173,0.13,0.13276170802884213,0.1308410908208304,0.5609764337292733,0.2748597441929819
TRAIN_0174,0.18,0.1818435549877796,0.18151724281593512,0.4732006146190365,0.27885380414091704
TRAIN_0175,0.8,0.5040786030980954,0.801379083596775,0.8001651557131929,0.7018742808026878
TRAIN_0176,0.03,0.06026057666366247,0.06315082729643084,0.06185318214752744,0.06175486203587358
TRAIN_0177,0.0,0.4905508334979504,0.48950314735127,0.4908205888560278,0.4902915232350827
TRAIN_0178,0.61,0.7071076846499293,0.710040249846064,0.7165264691155644,0.7112248012038526
TRAIN_0179,0.98,0.8876595236829482,0.8895346713547976,0.8886288964397815,0.8886076971591758
TRAIN_0180,0.35,0.5318254495699045,0.5406213468706015,0.5328268347583948,0.5350912103996336
TRAIN_0181,0.83,0.8299594456110495,0.8301832711317596,0.8301465477109142,0.8300964214845745
TRAIN_0182,0.17,0.289508459412987,0.2912524403469643,0.3012426319176472,0.29400117722586616
TRAIN_0183,0.45,0.4470319405912678,0.44723323212799276,0.4475428032305739,0.4472693253166115
TRAIN_0184,0.55,0.46413252175515524,0.4781907932449324,0.46619333762216025,0.46950555087408263
TRAIN_0185,0.06,0.06859972458604041,0.06925827170572318,0.0694737668267329,0.0691105877061655
TRAIN_0186,0.44,0.4829196085890439,0.4841747554228461,0.4843463110696577,0.4838135583605159
TRAIN_0187,0.39,0.4516324132550639,0.44396610061562547,0.4286211655765615,0.44140655981575033
TRAIN_0188,0.03,0.3429106297803626,0.3693143444714979,0.17651868910616847,0.2962478877860097
TRAIN_0189,0.73,0.6072847020041874,0.6019401438447272,0.5478434222926615,0.5856894227138586
TRAIN_0190,0.62,0.6196995783394745,0.6195470175733685,0.6204595877293758,0.619902061214073
TRAIN_0191,0.83,0.5101883129024436,0.5135595043684075,0.5091240992204886,0.5109573054971133
TRAIN_0192,0.36,0.5979251190178855,0.37460190711763963,0.5975880092405732,0.5233716784586995
TRAIN_0193,0.27,0.27430147087627843,0.27498541254563347,0.2740440413601976,0.2744436415940365
TRAIN_0194,0.35,0.35069780169127995,0.3503126485640043,0.3508094677701308,0.350606639341805
TRAIN_0195,0.12,0.12030991920373374,0.12021529776666456,0.4894754132681096,0.24333354341283597
TRAIN_0196,0.99,0.3846067640039791,0.4091088952162543,0.3848024895687618,0.3928393829296651
TRAIN_0197,0.86,0.49695527851077176,0.5020840443491789,0.49220297366042776,0.49708076550679275
TRAIN_0198,0.73,0.4923730539639882,0.4946728956782658,0.49090463278686974,0.49265019414304123
TRAIN_0199,0.54,0.5161037046678819,0.5238677352315297,0.5587738694711231,0.5329151031235115
TRAIN_0200,0.05,0.4967543734816465,0.05799487521355873,0.05971211650322228,0.20482045506614252
TRAIN_0201,0.64,0.35879402732286414,0.4704734567312184,0.35395567999526634,0.39440772134978297
TRAIN_0202,0.54,0.5463062319271952,0.548627625576595,0.5410489374817584,0.5453275983285162
TRAIN_0203,0.35,0.3535176613257488,0.4920865845194362,0.3529133031228372,0.3995058496560074
TRAIN_0204,0.21,0.20978809484102412,0.20970345603888169,0.20982097576159497,0.20977084221383357
TRAIN_0205,0.08,0.33544324579710944,0.49234153447459134,0.3329615258429504,0.38691543537155043
TRAIN_0206,0.53,0.5574452587181646,0.5608255871891568,0.5666079559116314,0.5616262672729843
TRAIN_0207,0.19,0.35739676137954735,0.3529471670479768,0.3531979344365346,0.3545139542880196
TRAIN_0208,0.9,0.4732642690884038,0.46784363094195597,0.45182608417550485,0.4643113280686215
TRAIN_0209,0.73,0.5010283683179453,0.49545509441022867,0.5001293398077316,0.4988709341786352
TRAIN_0210,0.56,0.4909109413372358,0.48651482650744116,0.5241049089762795,0.5005102256069854
TRAIN_0211,0.77,0.5976849790166049,0.6149642172395624,0.6133120254242663,0.6086537405601445
TRAIN_0212,0.96,0.9501026078560573,0.9499599797645958,0.9495221715469351,0.9498615863891962
TRAIN_0213,0.46,0.4418479808265559,0.4796470530785541,0.4407504955633909,0.454081843156167
TRAIN_0214,0.99,0.9895107978371939,0.9896651153921145,0.9895751357780062,0.9895836830024382
TRAIN_0215,0.1,0.12225735645635488,0.11843169812534049,0.29704665809982467,0.1792452375605067
TRAIN_0216,0.36,0.3908720808904497,0.4983903637126268,0.409152042818421,0.43280482914049917
TRAIN_0217,0.1,0.36488869001434304,0.3587869330595811,0.3713595191789947,0.36501171408430627
TRAIN_0218,0.91,0.9086592574823469,0.48734018750611563,0.505922088008154,0.6339738443322055
TRAIN_0219,0.21,0.4910374170391108,0.49042103043891627,0.49005041237013447,0.49050295328272053
TRAIN_0220,0.96,0.49461158623691803,0.49707580330878715,0.9245658543528212,0.6387510812995089
TRAIN_0221,0.74,0.5021887363263168,0.4985880691190531,0.4940172226185145,0.49826467602129476
TRAIN_0222,0.49,0.49527451773560094,0.48846601682958407,0.49219021476881863,0.4919769164446679
TRAIN_0223,0.46,0.4901843060655069,0.4967468804030602,0.49316609480039825,0.4933657604229884
TRAIN_0224,0.83,0.4388865244259788,0.8274505374966618,0.8276346902990579,0.6979905840738995
TRAIN_0225,0.88,0.43520016966670055,0.383552372453327,0.38257523537193716,0.40044259249732156
TRAIN_0226,0.03,0.4905866209697122,0.48337618705969876,0.48858390370480986,0.4875155705780736
TRAIN_0227,0.37,0.4959469929364922,0.4904142316658077,0.4966722966229679,0.4943445070750893
TRAIN_0228,0.94,0.27454230786573197,0.9391778576265735,0.4726406356101792,0.5621202670341616
TRAIN_0229,0.07,0.07027096417748202,0.07059764919461109,0.49092786781184067,0.21059882706131128
TRAIN_0230,0.48,0.4947588422079108,0.4828285709107194,0.4813951804775208,0.48632753119871697
TRAIN_0231,0.44,0.44167526951308766,0.44164492585631726,0.4416450086344497,0.4416550680012849
TRAIN_0232,0.71,0.4845881935231201,0.48004032468403196,0.4859411364954486,0.48352321823420025
TRAIN_0233,0.22,0.3783316106927147,0.2462813174365439,0.2074289609363016,0.27734729635518673
TRAIN_0234,0.78,0.5120610999919366,0.5123175512790686,0.5117866887632329,0.5120551133447461
TRAIN_0235,0.46,0.4604572350684042,0.4602236633892891,0.48953269376195535,0.4700711974065495
TRAIN_0236,0.85,0.42432008898182955,0.42220995172102127,0.43902858249338295,0.42851954106541124
TRAIN_0237,0.69,0.6893935811833778,0.689406094782619,0.6894372026837162,0.6894122928832377
TRAIN_0238,0.05,0.06142226812316792,0.0670042020080171,0.06165524275957435,0.06336057096358645
TRAIN_0239,0.8,0.4867360280743449,0.4841383565375037,0.486005645957481,0.48562667685644323
TRAIN_0240,0.99,0.5352653746789895,0.5323549892267264,0.554852717510855,0.5408243604721904
TRAIN_0241,0.35,0.4811542621418877,0.48123086381390906,0.478874852640074,0.4804199928652902
TRAIN_0242,0.12,0.4957545495144769,0.48949509857139983,0.49753217917853043,0.4942606090881358
TRAIN_0243,0.93,0.6505811527622416,0.6245120282344684,0.6795267765920231,0.6515399858629111
TRAIN_0244,0.53,0.49192368370998873,0.49146036730794773,0.4906857638899944,0.49135660496931033
TRAIN_0245,0.84,0.7771579181662087,0.7729482315893811,0.7757939098191562,0.7753000198582486
TRAIN_0246,0.17,0.17011432905167467,0.17005440092590857,0.17023359920835085,0.1701341097286447
TRAIN_0247,0.37,0.38027421420659807,0.49831661854080644,0.3838830433872864,0.42082462537823034
TRAIN_0248,0.08,0.13905663094450166,0.14105031654661837,0.1389710191011418,0.13969265553075394
TRAIN_0249,0.59,0.5901774691603215,0.49745166879896524,0.5899474733851869,0.5591922037814913
TRAIN_0250,0.52,0.4925431697912225,0.48591577006275977,0.4922550551133294,0.4902379983224372
TRAIN_0251,0.58,0.4869701247327687,0.5591056266812708,0.4868582192052604,0.5109779902064333
TRAIN_0252,0.65,0.6498270568186646,0.6499313584810319,0.6499719569732189,0.6499101240909718
TRAIN_0253,0.99,0.4883174283201756,0.4933817922752545,0.48968867696537566,0.49046263252026856
TRAIN_0254,0.45,0.5479449269275941,0.5639535386499567,0.5298133390178151,0.5472372681984553
TRAIN_0255,0.5,0.49992022907514416,0.5003063018827186,0.4996970230854244,0.49997451801442905
TRAIN_0256,0.64,0.6246791509076597,0.6245097356496409,0.663643294990344,0.6376107271825483
TRAIN_0257,0.57,0.5699467028937066,0.5698308667902459,0.5697545024536332,0.5698440240458619
TRAIN_0258,0.37,0.4923633686761218,0.48502913769118433,0.49105646811848114,0.48948299149526237
TRAIN_0259,0.53,0.48178025300526517,0.4728878496973506,0.48091249928960667,0.47852686733074085
TRAIN_0260,0.99,0.4560529001588304,0.4530140248916612,0.4572843421182645,0.4554504223895854
TRAIN_0261,0.69,0.49973161504883,0.49745350451920517,0.4956595907668994,0.4976149034449782
TRAIN_0262,0.17,0.49884962707374375,0.4986515791732165,0.4960427955887779,0.49784800061191276
TRAIN_0263,0.36,0.4934702704991059,0.48549757130589716,0.49037597163892827,0.48978127114797715
TRAIN_0264,0.89,0.3717940129864572,0.3491962806893666,0.5344135556970553,0.41846794979095964
TRAIN_0265,0.89,0.4826544879755097,0.47330113657089967,0.47387969675465563,0.4766117737670217
TRAIN_0266,0.06,0.6955658413132055,0.6948572882782296,0.6981108150118291,0.6961779815344213
TRAIN_0267,0.46,0.45243005932216,0.5163445860342082,0.45116117481534473,0.47331194005723765
TRAIN_0268,0.99,0.4910047244939077,0.4942919382700275,0.4905633875958649,0.49195335011993335
TRAIN_0269,0.77,0.7699222304910371,0.7696867698781981,0.7699170791274104,0.7698420264988819
TRAIN_0270,0.29,0.2932865493155402,0.49608803271132373,0.49179196517482193,0.42705551573389533
TRAIN_0271,0.49,0.48980313710529166,0.49030832524591333,0.4901582005451119,0.49008988763210565
TRAIN_0272,0.36,0.4883136857658201,0.4825075530780174,0.489135820479144,0.48665235310766053
TRAIN_0273,0.34,0.34024956929676764,0.3404597615794521,0.34031887237323644,0.3403427344164854
TRAIN_0274,0.58,0.5175187103253,0.5212649873485131,0.5167809024098604,0.5185215333612244
TRAIN_0275,0.75,0.4949284833872929,0.4952294806502772,0.49256785090237143,0.49424193831331387
TRAIN_0276,0.76,0.7626507608056123,0.759713868032758,0.7629700709843262,0.7617782332742321
TRAIN_0277,0.52,0.5094351048570906,0.5135313709250512,0.5092046625230535,0.5107237127683985
TRAIN_0278,0.6,0.4706180310068805,0.4815232036487568,0.4677113891634923,0.4732842079397099
TRAIN_0279,0.82,0.4790563092621738,0.4801782771967351,0.4760069821389927,0.47841385619930055
TRAIN_0280,0.6,0.49802569278035363,0.4914714724264257,0.4909224654212644,0.4934732102093479
TRAIN_0281,0.52,0.5482747805653612,0.5006873118486344,0.5446576858397971,0.5312065927512643
TRAIN_0282,0.28,0.2800859959224071,0.2800911341198685,0.27955937078393733,0.279912166942071
TRAIN_0283,0.22,0.29750902969338905,0.49708008178573027,0.29797248708339974,0.36418719952083967
TRAIN_0284,0.02,0.021948236575620006,0.0211396641594227,0.021677954725136284,0.02158861848672633
TRAIN_0285,0.48,0.46919784714046897,0.5001407090166623,0.4721792723839803,0.4805059428470371
TRAIN_0286,0.21,0.3184189810565857,0.3131900352763891,0.3223296316778239,0.3179795493369329
TRAIN_0287,0.41,0.547846052838334,0.567258851701732,0.5029029878812364,0.5393359641404342
TRAIN_0288,0.16,0.1643544363044563,0.18595116628321184,0.1806694653562479,0.17699168931463868
TRAIN_0289,0.37,0.5510083224511813,0.394032964590326,0.4675174218303809,0.47085290295729604
TRAIN_0290,0.13,0.13139265843013864,0.1300262915643502,0.13035536033420347,0.13059143677623078
TRAIN_0291,0.25,0.4887200609974467,0.4950587961728506,0.4898136040396484,0.49119748706998184
TRAIN_0292,0.12,0.13063645298136756,0.13053499574425875,0.13063553892817759,0.13060232921793463
TRAIN_0293,0.95,0.906739849452459,0.8718280134267566,0.5951645085684194,0.7912441238158783
TRAIN_0294,0.96,0.9600262482024994,0.9601006287918988,0.9601443927518836,0.9600904232487606
TRAIN_0295,0.82,0.4834146865309506,0.480120587094032,0.4816920585220159,0.48174244404899946
TRAIN_0296,0.5,0.4892374799182559,0.6141688912974347,0.618882756408786,0.5740963758748255
TRAIN_0297,0.24,0.4736671754698214,0.23993694391138645,0.24042448817279233,0.31800953585133335
TRAIN_0298,0.3,0.33409614437257734,0.33533862106038653,0.3331405391109895,0.3341917681813178
TRAIN_0299,0.95,0.4943742559763434,0.4957704481827016,0.48853837141855017,0.492894358525865
TRAIN_0300,0.76,0.6887624911887803,0.6859694020145815,0.6851262463739132,0.6866193798590916
TRAIN_0301,0.62,0.4704065840471867,0.18131333670415362,0.515864822346909,0.3891949143660831
TRAIN_0302,0.97,0.4445363633444098,0.5175676349244296,0.4685529123414806,0.47688563687010666
TRAIN_0303,0.7,0.49453237657816723,0.4926609064491552,0.49030444813424895,0.4924992437205238
TRAIN_0304,0.12,0.6292795307857864,0.6287417986614855,0.1025936746018995,0.4535383346830571
TRAIN_0305,0.07,0.49399180723942604,0.4932086526203243,0.49286912122020127,0.4933565270266505
TRAIN_0306,0.51,0.5380148170199717,0.4615517012692928,0.5427814277192401,0.5141159820028348
TRAIN_0307,0.27,0.4901146381494501,0.4915438653132801,0.4883366160431032,0.4899983731686111
TRAIN_0308,0.49,0.5053340842058829,0.5025532897117376,0.5016087344501958,0.5031653694559388
TRAIN_0309,0.6,0.5833621818855546,0.5806516208392289,0.5833529253573174,0.582455576027367
TRAIN_0310,0.66,0.4887946399635836,0.48103408445590884,0.48674523622986354,0.4855246535497853
TRAIN_0311,0.32,0.4073307206267476,0.40930273824308017,0.40436905903703885,0.40700083930228886
TRAIN_0312,0.7,0.6906018354613216,0.6915655995605255,0.4475025298561992,0.6098899882926822
TRAIN_0313,0.49,0.5645319630741303,0.5070312397839245,0.5001016368675425,0.5238882799085324
TRAIN_0314,0.37,0.4878841701621289,0.49024110380840563,0.48792614605996143,0.488683806676832
TRAIN_0315,0.75,0.27948862055160595,0.29019830602437685,0.7678692304684142,0.44585205234813224
TRAIN_0316,0.57,0.3353449115589676,0.559868098395325,0.5453527095905887,0.4801885731816271
TRAIN_0317,0.37,0.38884188476937076,0.37801119003364814,0.3727734896089306,0.3798755214706498
TRAIN_0318,0.89,0.8846462230267453,0.4443269142482579,0.8828865492527234,0.7372865621759089
TRAIN_0319,0.53,0.4897380528343736,0.48543525986792974,0.492115731157797,0.48909634795336676
TRAIN_0320,0.81,0.792810076110549,0.7849849875658421,0.7922618707662439,0.7900189781475451
TRAIN_0321,0.32,0.5918866052778218,0.4853715402390653,0.4880342599213972,0.5217641351460948
TRAIN_0322,0.18,0.17999203257804952,0.4831168154517962,0.18005354572130433,0.28105413125038337
TRAIN_0323,1.0,1.0,0.496039195719928,1.0,0.832013065239976
TRAIN_0324,0.71,0.3901532984476034,0.41717949005752336,0.3930507678364823,0.40012785211386964
TRAIN_0325,0.02,0.5395184154981706,0.5693730742714076,0.5338913963975624,0.5475942953890468
TRAIN_0326,0.42,0.4880173154292737,0.48235348242051046,0.49206515411362695,0.4874786506544704
TRAIN_0327,0.23,0.485074687880904,0.4510708284236915,0.5734223868168511,0.5031893010404822
TRAIN_0328,0.89,0.4885223596246731,0.49056472554426717,0.48743975941391315,0.48884228152761783
TRAIN_0329,0.72,0.4148454670960778,0.48565050044023705,0.48905787002832013,0.463184612521545
TRAIN_0330,0.16,0.16719132536485104,0.16626659039037717,0.487780328577867,0.2737460814443651
TRAIN_0331,0.54,0.49757980201379,0.4713395339206541,0.5012768387639897,0.4900653915661446
TRAIN_0332,0.56,0.42784104143531565,0.45388750825062085,0.4152589005032722,0.43232915006306954
TRAIN_0333,0.96,0.6646969709892856,0.6968448820266393,0.7128807049219564,0.6914741859792938
TRAIN_0334,0.01,0.16582821632029499,0.18213909825913233,0.1528517334822176,0.16693968268721496
TRAIN_0335,0.82,0.4805326284258788,0.476861714442237,0.460300687402011,0.47256501009004226
TRAIN_0336,0.56,0.6578956468342216,0.6637373819633452,0.6593363499812942,0.6603231262596204
TRAIN_0337,0.96,0.47296154741676577,0.47876601061685287,0.47404215264280536,0.4752565702254747
TRAIN_0338,0.2,0.2464360775486607,0.24543330219388917,0.2454404176474651,0.2457699324633383
TRAIN_0339,0.97,0.9599884401282209,0.491160382121716,0.9606112774056927,0.8039200332185432
TRAIN_0340,0.66,0.44515852177124543,0.44549775954466736,0.44451968108269835,0.4450586541328703
TRAIN_0341,0.0,0.006290111613787064,0.004486913738294851,0.0064562365877078864,0.0057444206465966
TRAIN_0342,0.97,0.5182619613765433,0.5502521024680674,0.5160449034131189,0.5281863224192432
TRAIN_0343,0.02,0.4894796442242234,0.48347325904425975,0.48960312620830043,0.4875186764922612
TRAIN_0344,0.86,0.860759793096389,0.860536278829393,0.8605578121067166,0.8606179613441661
TRAIN_0345,0.39,0.47761213187075874,0.48362178913362974,0.4798790072058916,0.4803709760700934
TRAIN_0346,0.62,0.6180509351177271,0.6186407631478805,0.6187862087304881,0.6184926356653652
TRAIN_0347,0.18,0.1796665406880648,0.4831066574333274,0.18044371253359526,0.2810723035516625
TRAIN_0348,0.86,0.8340738807661685,0.8349201387154848,0.8331965174208384,0.8340635123008306
TRAIN_0349,0.11,0.37238063131665244,0.4251359308788096,0.4378566315544783,0.41179106458331344
TRAIN_0350,0.07,0.5555612780496774,0.6510765056886988,0.6122829773452162,0.6063069203611975
TRAIN_0351,0.55,0.5503262776895255,0.49425961522108836,0.5502396299666436,0.5316085076257524
TRAIN_0352,0.86,0.4875373896260492,0.49055783873231956,0.48926250114845704,0.48911924316894195
TRAIN_0353,0.85,0.49958289237318315,0.49756669984527274,0.49823704192117085,0.49846221137987556
TRAIN_0354,0.89,0.44691970000542,0.34639100672703643,0.5953381885424306,0.462882965091629
TRAIN_0355,0.63,0.6299536894225742,0.6302745980156581,0.6302066602448259,0.6301449825610194
TRAIN_0356,0.28,0.5028665878841904,0.5053271924658685,0.5031069069766411,0.5037668957755667
TRAIN_0357,0.02,0.030804502418229296,0.03074683083614932,0.03062720512389555,0.030726179459424723
TRAIN_0358,0.68,0.49710021221563866,0.6649488488006372,0.665103692836674,0.6090509179509833
TRAIN_0359,0.77,0.773482119597926,0.7738302497582836,0.7718661644613266,0.7730595112725122
TRAIN_0360,0.05,0.49126326651666075,0.12342095449826967,0.12555650721811096,0.24674690941101377
TRAIN_0361,0.2,0.22193503432556255,0.22222456099018567,0.2223316477572284,0.2221637476909922
TRAIN_0362,0.76,0.757420750422851,0.5026581743351475,0.7591533300184254,0.6730774182588078
TRAIN_0363,0.04,0.48795136623101165,0.0760484599707758,0.07523829537945009,0.2130793738604125
TRAIN_0364,0.56,0.49059770309782597,0.5004516027266667,0.49940029445076484,0.4968165334250858
TRAIN_0365,0.33,0.48403545080537314,0.47995287270015957,0.4858067833581599,0.48326503562123085
TRAIN_0366,0.68,0.3349147508245131,0.32803535687792407,0.2819130018952166,0.3149543698658846
TRAIN_0367,0.38,0.4702341735911311,0.478810492097638,0.4729411155621742,0.4739952604169811
TRAIN_0368,0.98,0.8428012470449365,0.45644726978765,0.843943295280587,0.7143972707043912
TRAIN_0369,0.22,0.29468080987034795,0.4947181809556228,0.2951325443802677,0.3615105117354129
TRAIN_0370,0.6,0.5201162604834574,0.5185619096063574,0.5229215920191715,0.5205332540363288
TRAIN_0371,0.09,0.20099819851032902,0.24146157181902483,0.15133492922939995,0.19793156651958457
TRAIN_0372,0.51,0.5100785054605184,0.509895697622037,0.49237861136669514,0.5041176048164169
TRAIN_0373,0.17,0.5814619310476473,0.5781093355855403,0.5806523173462493,0.5800745279931457
TRAIN_0374,0.01,0.00820921065461222,0.5553654927815855,0.008306650101203406,0.19062711784580041
TRAIN_0375,0.54,0.47306731192255913,0.46882874520414813,0.4716356115730672,0.47117722289992486
TRAIN_0376,0.75,0.7432252403947485,0.7404845522924497,0.7431908435679425,0.7423002120850469
TRAIN_0377,0.92,0.4616371995491288,0.46140905147177125,0.455249915863302,0.4594320556280674
TRAIN_0378,0.76,0.4351978909078978,0.7489502421262935,0.750317147053348,0.6448217600291798
TRAIN_0379,0.98,0.41169721883314636,0.36763406055334213,0.37103541658353223,0.38345556532334024
TRAIN_0380,0.59,0.5814430830237298,0.5848533226725233,0.5877993279711842,0.5846985778891457
TRAIN_0381,0.48,0.5280122806039756,0.5207236265808155,0.5262273328757565,0.5249877466868492
TRAIN_0382,0.26,0.26318316403242004,0.26151383700033975,0.2643084960279143,0.26300183235355806
TRAIN_0383,0.5,0.4950173320492275,0.36996358773573207,0.4926222189022784,0.45253437956241266
TRAIN_0384,0.64,0.6383219712275242,0.4936529858249363,0.6381311826402252,0.5900353798975618
TRAIN_0385,0.54,0.20620925127589212,0.2643006822069166,0.20145759601089586,0.22398917649790154
TRAIN_0386,0.31,0.4624236355587714,0.3104243667400526,0.3102072901279422,0.3610184308089221
TRAIN_0387,0.37,0.3876538523862714,0.3928035963674702,0.39087671346490094,0.39044472073954756
TRAIN_0388,0.41,0.40176552365004486,0.4351658225928699,0.43734226770540396,0.42475787131610626
TRAIN_0389,0.37,0.47192967852755907,0.4747297087782744,0.4706076587755196,0.4724223486937844
TRAIN_0390,0.09,0.5274791970945815,0.5302624058783721,0.5271158512895354,0.5282858180874963
TRAIN_0391,0.79,0.5587040251410753,0.5478578053331828,0.5524497020007769,0.553003844158345
TRAIN_0392,0.99,0.4304937778636023,0.4320401108380932,0.610439781019747,0.4909912232404809
TRAIN_0393,0.3,0.2974099939676865,0.2957103973241664,0.28999839200144306,0.29437292776443197
TRAIN_0394,0.15,0.4930711360397175,0.4843936451962853,0.4907134559870347,0.4893927457410125
TRAIN_0395,0.65,0.6500078968660096,0.6500849276125362,0.6501410063080277,0.6500779435955245
TRAIN_0396,0.26,0.4908902278886849,0.48732804876793717,0.48501257756773364,0.4877436180747852
TRAIN_0397,1.0,0.07177389450083338,0.4786798124825544,0.07242635103835532,0.20762668600724768
TRAIN_0398,0.52,0.5235012250625795,0.5259442602623934,0.5264839303753436,0.5253098052334387
TRAIN_0399,0.57,0.5422995644401143,0.540413180482567,0.5430451539111708,0.5419192996112839
TRAIN_0400,0.16,0.1561280026067961,0.5967858281312185,0.15676563951665046,0.30322649008488833
TRAIN_0401,0.02,0.020719386539256868,0.02101417565957958,0.020575948611592842,0.020769836936809765
TRAIN_0402,0.4,0.41314865948385,0.40801984550108905,0.4144313303521848,0.4118666117790413
TRAIN_0403,0.12,0.19120886446388785,0.21532437645875924,0.24641591040561475,0.2176497171094206
TRAIN_0404,0.13,0.4902775458070489,0.1892452237352193,0.18673505860999312,0.2887526093840871
TRAIN_0405,0.45,0.4500937286387501,0.4502551465244359,0.49834801962619646,0.46623229826312745
TRAIN_0406,0.96,0.46908686392912097,0.4632818743659339,0.46586602189597665,0.4660782533970105
TRAIN_0407,0.12,0.4684237691084096,0.46617033363108046,0.4865017402863604,0.47369861434195015
TRAIN_0408,0.65,0.5553576044812941,0.5857251689730962,0.5797518120023293,0.5736115284855732
TRAIN_0409,0.23,0.4922410250126585,0.4959192886169971,0.49298935002827293,0.4937165545526428
TRAIN_0410,0.36,0.4925337278057232,0.49665758583848174,0.49210108580010214,0.4937641331481024
TRAIN_0411,0.84,0.5671143464069102,0.4395940486545101,0.42573064693101637,0.47747968066414553
TRAIN_0412,0.93,0.5461036240201331,0.9153486247406663,0.9218633151803053,0.7944385213137016
TRAIN_0413,0.32,0.4969121836801483,0.5008558436004821,0.49692563603801443,0.4982312211062149
TRAIN_0414,0.67,0.48480038708068507,0.4793666605989689,0.48537907204115827,0.48318203990693737
TRAIN_0415,0.9,0.3553152425471131,0.3722864271771782,0.37170949200534886,0.36643705390988
TRAIN_0416,0.32,0.4655868465682683,0.4697799448397428,0.465603401389918,0.46699006426597633
TRAIN_0417,0.37,0.37034015358609135,0.3700880460216561,0.3701973904103203,0.37020853000602266
TRAIN_0418,0.19,0.1875673852381376,0.188609055519816,0.18839383782352215,0.1881900928604919
TRAIN_0419,0.14,0.8145890838942837,0.82517190258429,0.8284720244568626,0.8227443369784787
TRAIN_0420,0.88,0.8706008303324777,0.8702338704627809,0.8700104736033165,0.870281724799525
TRAIN_0421,0.84,0.49161677747226185,0.48535348649847726,0.48999909602726166,0.4889897866660003
TRAIN_0422,0.21,0.2184606046404574,0.21897243836277835,0.21917455953507464,0.21886920084610348
TRAIN_0423,0.74,0.4363131698040778,0.4560293279742146,0.43574319297145947,0.44269523024991725
TRAIN_0424,0.54,0.5173028730121838,0.5150665913960265,0.5021646861705581,0.5115113835262561
TRAIN_0425,0.6,0.5975350987854603,0.5975067428602289,0.49903798114040204,0.5646932742620304
TRAIN_0426,0.16,0.5310827409898813,0.5324303729011702,0.5268823930074262,0.530131835632826
TRAIN_0427,0.1,0.09171082883815812,0.09478737190383546,0.567465011746618,0.2513210708295372
TRAIN_0428,0.12,0.13340287394738776,0.13368966371510332,0.13398255757401134,0.13369169841216746
TRAIN_0429,0.28,0.5638025583558021,0.5741746020996361,0.5647512058167412,0.5675761220907264
TRAIN_0430,0.82,0.8188536578099193,0.8191280794956046,0.8193171169837032,0.8190996180964091
TRAIN_0431,0.38,0.39659451657127054,0.3957427531597274,0.395567325241842,0.39596819832428
TRAIN_0432,0.17,0.5090858301674178,0.5673760679973626,0.5636807852958907,0.5467142278202237
TRAIN_0433,0.36,0.5398292981475837,0.5027698035176601,0.4950289780428637,0.5125426932360359
TRAIN_0434,0.14,0.4891093809064615,0.4958327751917016,0.4906517272906066,0.49186462779625656
TRAIN_0435,0.72,0.4935346541738925,0.4832168358426288,0.49147835796346834,0.4894099493266632
TRAIN_0436,0.55,0.5363555439886576,0.5497288833837127,0.5488987543737885,0.5449943939153864
TRAIN_0437,0.7,0.47789592680565945,0.4827200200915977,0.4561425201613928,0.4722528223528833
TRAIN_0438,0.59,0.5409140450181213,0.5383073892768262,0.5394344176572593,0.5395519506507357
TRAIN_0439,0.52,0.4891689147221815,0.4934362330104188,0.48878374450788853,0.49046296408016293
TRAIN_0440,0.18,0.4918940660813177,0.4847029644870948,0.4900919377806808,0.48889632278303113
TRAIN_0441,0.11,0.4941113360167541,0.1733496379016285,0.17159527334470404,0.2796854157543622
TRAIN_0442,0.98,0.36846214767850394,0.46663858170827904,0.46867961670564107,0.4345934486974747
TRAIN_0443,0.09,0.09170633056219774,0.08997652489348196,0.4323933476607444,0.20469206770547468
TRAIN_0444,0.14,0.48897168391687423,0.14090873854388963,0.14114316020919854,0.2570078608899875
TRAIN_0445,0.68,0.4955842239995768,0.6656710807208168,0.6644987112879621,0.6085846720027852
TRAIN_0446,0.07,0.06964327875962728,0.06913647630724723,0.06934198002138314,0.06937391169608588
TRAIN_0447,0.6,0.4308083810319764,0.42168052054465455,0.4213240361293328,0.42460431256865455
TRAIN_0448,0.13,0.15134756886768647,0.16309085455076727,0.1541516027139978,0.15619667537748386
TRAIN_0449,0.54,0.5399718768047884,0.539922330726967,0.5399837562257224,0.5399593212524926
TRAIN_0450,0.61,0.4910445842712668,0.48479542017605887,0.4913901104748687,0.48907670497406475
TRAIN_0451,0.39,0.4728904938929697,0.47806326554778006,0.47335140571154466,0.47476838838409813
TRAIN_0452,0.62,0.586634877087161,0.5868329961218862,0.5869737307561769,0.5868138679884081
TRAIN_0453,0.1,0.48753586477431415,0.4829020600264786,0.1112665227910224,0.3605681491972717
TRAIN_0454,0.75,0.7509467660688646,0.7518220797690529,0.4670473924965116,0.6566054127781431
TRAIN_0455,0.91,0.48227785559720526,0.4826400586999452,0.48158015633825446,0.482166023545135
TRAIN_0456,0.89,0.49329481752358306,0.4958471410379907,0.49209164956420665,0.4937445360419268
TRAIN_0457,0.52,0.5198598356851102,0.5201190868864678,0.520190674388764,0.520056532320114
TRAIN_0458,0.42,0.6370141247038466,0.5761869245467437,0.6666448153492073,0.6266152881999325
TRAIN_0459,0.74,0.7445142539568845,0.6452052355713302,0.7454532374307307,0.7117242423196485
TRAIN_0460,0.52,0.4154720705038754,0.4209077039824865,0.428994246301554,0.4217913402626386
TRAIN_0461,0.78,0.48981371128138046,0.4879141595767429,0.4884013585320095,0.4887097431300443
TRAIN_0462,0.11,0.2177051612315245,0.22078231346251526,0.341199027856351,0.25989550085013025
TRAIN_0463,0.31,0.30957835858265026,0.3102376654918273,0.3100551619368983,0.30995706200379197
TRAIN_0464,0.06,0.41240195467845275,0.4147967799616079,0.4111996736026687,0.4127994694142431
TRAIN_0465,0.96,0.9497485448749509,0.48076920056843075,0.9496078200732136,0.7933751885055318
TRAIN_0466,0.31,0.4795266965104918,0.4957907305665353,0.4734935989586887,0.482937008678572
TRAIN_0467,0.08,0.4881125716656238,0.4930523929446374,0.4888375270734319,0.49000083056123106
TRAIN_0468,0.31,0.31876994482866683,0.31486636996488804,0.31836731603381324,0.31733454360912267
TRAIN_0469,0.06,0.457649475733996,0.4544483085254457,0.45860090576243395,0.4568995633406252
TRAIN_0470,0.78,0.25900892391764296,0.2398795730432196,0.20806462250244384,0.23565103982110214
TRAIN_0471,0.49,0.5538182112239812,0.4847183779027354,0.4876863286141894,0.508740972580302
TRAIN_0472,0.5,0.49143657964017123,0.4864946408416972,0.49308247550861894,0.4903378986634958
TRAIN_0473,0.46,0.48928308159073425,0.48625255315188887,0.49226147972755907,0.4892657048233941
TRAIN_0474,0.48,0.4801811245847121,0.4742667296641279,0.4800319576977438,0.4781599373155279
TRAIN_0475,0.15,0.37262060057794494,0.37539297047812015,0.37818467075519707,0.37539941393708737
TRAIN_0476,0.38,0.3801667542262955,0.3797430658979176,0.3802618135369526,0.3800572112203886
TRAIN_0477,0.31,0.3842698923101925,0.45450214650934995,0.4773557460968386,0.4387092616387937
TRAIN_0478,0.6,0.5021743314531635,0.5103236433805446,0.5023508896241043,0.5049496214859376
TRAIN_0479,0.82,0.3531092155737394,0.3552646500261501,0.35710637745016405,0.35516008101668445
TRAIN_0480,0.71,0.690888379786147,0.690808878155782,0.6902696803715475,0.6906556461044921
TRAIN_0481,0.21,0.5147024133852585,0.2877157880322414,0.27979438031659054,0.3607375272446968
TRAIN_0482,0.57,0.4889484255134522,0.48311047749328234,0.4890415027695109,0.48703346859208185
TRAIN_0483,0.31,0.3060837385450084,0.3134623824414026,0.3133392282468339,0.3109617830777483
TRAIN_0484,0.57,0.5376012761435852,0.5499518416145186,0.5538053370679273,0.5471194849420105
TRAIN_0485,0.11,0.49986851994155507,0.49518612275381185,0.5002203786474138,0.49842500711426024
TRAIN_0486,0.49,0.49020937425746486,0.4885759856100063,0.48884828011165193,0.4892112133263744
TRAIN_0487,0.97,0.9605030990268115,0.4914120015647544,0.9610280720545152,0.8043143908820269
TRAIN_0488,0.85,0.7898051242552734,0.4826826867675387,0.7903932504076783,0.6876270204768301
TRAIN_0489,0.01,0.09060857801602074,0.0856730813284527,0.09386529723892045,0.09004898552779796
TRAIN_0490,0.56,0.48669155497523386,0.48420461886842703,0.4885722945974478,0.4864894894803696
TRAIN_0491,0.11,0.5611441800231755,0.5585150230333413,0.5678488710524945,0.5625026913696705
TRAIN_0492,0.0,0.08291323969427444,0.49737906176007474,0.07537440426024222,0.21855556857153047
TRAIN_0493,0.93,0.9293952559933876,0.9295465349528873,0.9290947357548682,0.929345508900381
TRAIN_0494,0.12,0.129424785615107,0.12957828342476096,0.4992391616879414,0.2527474102426031
TRAIN_0495,0.96,0.960105654695457,0.9599683685763579,0.9601254594064266,0.9600664942260805
TRAIN_0496,0.51,0.6040564677131537,0.6144440581006211,0.5894761785074077,0.6026589014403942
TRAIN_0497,0.24,0.4739095328169673,0.24028450200140955,0.24100136900624647,0.3183984679415411
TRAIN_0498,0.02,0.09961127617410331,0.0992000591190067,0.0983555970895269,0.09905564412754564
TRAIN_0499,0.16,0.5502665257001463,0.16150780490607397,0.16155164109850995,0.2911086572349101
TRAIN_0500,0.03,0.07421842941422568,0.5441859976213823,0.5392471189827398,0.38588384867278264
TRAIN_0501,0.29,0.47901271648830424,0.48730707303506077,0.48334004325911717,0.48321994426082737
TRAIN_0502,0.18,0.49247282085830024,0.49525024791053524,0.49222666764468403,0.49331657880450647
TRAIN_0503,0.01,0.35254654753988224,0.3405214344238847,0.34904736005827053,0.3473717806740125
TRAIN_0504,0.84,0.3644376714837388,0.5430105126804019,0.4768378061970424,0.4614286634537277
TRAIN_0505,0.59,0.4941635397130984,0.493752217874423,0.4950427629180435,0.49431950683518827
TRAIN_0506,0.62,0.48947000791894446,0.4940695099649273,0.49033594721597235,0.491291821699948
TRAIN_0507,0.73,0.709142312448503,0.571979604208987,0.7257089841178701,0.6689436335917867
TRAIN_0508,0.74,0.7005737106818186,0.6892253642650765,0.6872407977337995,0.6923466242268983
TRAIN_0509,0.94,0.4869258044448382,0.484753841256395,0.4911361031706692,0.4876052496239674
TRAIN_0510,0.3,0.4912650516130042,0.4952512624232726,0.49022058782553785,0.4922456339539382
TRAIN_0511,0.15,0.1563088574094595,0.15703602215783785,0.1570185055548992,0.15678779504073218
TRAIN_0512,0.73,0.729899196407744,0.7296770194690595,0.5345254944727642,0.6647005701165226
TRAIN_0513,0.94,0.43015602940365794,0.4031052011761066,0.3913283561172534,0.408196528899006
TRAIN_0514,0.25,0.44045058099278933,0.49185819698274247,0.43917017402244785,0.45715965066599323
TRAIN_0515,0.2,0.47778577955521073,0.37719849378142956,0.38768182411655316,0.41422203248439776
TRAIN_0516,0.34,0.3403331103655674,0.3401919553770618,0.3401678603192388,0.340230975353956
TRAIN_0517,0.67,0.658493736630232,0.6836682293318476,0.6912700474837916,0.6778106711486238
TRAIN_0518,0.94,0.537543475545346,0.5299886686365943,0.5356258182444167,0.5343859874754523
TRAIN_0519,0.63,0.61938825817038,0.5909850412799605,0.6073274493181171,0.605900249589486
TRAIN_0520,0.58,0.5124331782080971,0.5062750366047201,0.5117063686055768,0.510138194472798
TRAIN_0521,0.2,0.5310668118855448,0.5307788994575326,0.4559729450105402,0.5059395521178726
TRAIN_0522,0.96,0.9588454737369885,0.9591397663938253,0.9590914354230509,0.9590255585179549
TRAIN_0523,0.22,0.3524242199470476,0.36352575246653696,0.3613778940564577,0.3591092888233474
TRAIN_0524,0.77,0.49019775432909357,0.4838511849550813,0.49017650515865197,0.48807514814760894
TRAIN_0525,0.53,0.4896369922161854,0.5008994813071539,0.5047175898202144,0.4984180211145179
TRAIN_0526,0.55,0.4706699821216206,0.4709940180939822,0.4681256775533515,0.4699298925896514
TRAIN_0527,0.74,0.5651629193894641,0.24429924427625266,0.2289333217110157,0.3461318284589108
TRAIN_0528,0.88,0.8790343285598863,0.8800087206274837,0.8826149863898869,0.8805526785257523
TRAIN_0529,0.04,0.080187293934949,0.5370012215213803,0.08197677614428539,0.23305509720020487
TRAIN_0530,0.16,0.4916996093887564,0.4827190200982261,0.48938734245084403,0.48793532397927547
TRAIN_0531,0.26,0.4871499382285753,0.2608330134904209,0.2609008051705793,0.3362945856298585
TRAIN_0532,0.13,0.1304379742265162,0.13041627823263752,0.4922820518844882,0.25104543478121394
TRAIN_0533,0.33,0.5405251698816695,0.5400546994968817,0.5214163158823706,0.5339987284203073
TRAIN_0534,0.47,0.5170443210616446,0.5103742387122023,0.5108588082368354,0.5127591226702274
TRAIN_0535,0.13,0.6964124636445348,0.6908870680792819,0.6939073078385971,0.6937356131874712
TRAIN_0536,0.72,0.6525830667516461,0.6518293863681163,0.6500350503046857,0.6514825011414827
TRAIN_0537,0.12,0.1319178064543966,0.13157980347663473,0.1322955227350508,0.13193104422202737
TRAIN_0538,0.71,0.43760646080825155,0.4389042505936066,0.4383707878083688,0.4382938330700757
TRAIN_0539,0.85,0.8421569225102233,0.4981200458271688,0.8421597866486052,0.7274789183286657
TRAIN_0540,0.17,0.49439794927171116,0.4995139018850865,0.49507835689207275,0.4963300693496235
TRAIN_0541,0.61,0.3761691559961853,0.37898684731714893,0.3809416809390113,0.3786992280841152
TRAIN_0542,0.6,0.49411276158633616,0.4958161062588217,0.49426325343273747,0.49473070709263184
TRAIN_0543,0.7,0.5034257233699299,0.4932055202254709,0.47601007569404136,0.4908804397631474
TRAIN_0544,0.64,0.49366531604788794,0.4889233199293528,0.49016490793661466,0.49091784797128507
TRAIN_0545,0.41,0.5328263937374,0.5333750742687595,0.5332062010425204,0.5331358896828933
TRAIN_0546,0.08,0.08832114968874255,0.08821253637909837,0.08812526155710976,0.08821964920831689
TRAIN_0547,0.9,0.37982530888333377,0.3727389083112866,0.3744198753453418,0.37566136417998736
TRAIN_0548,0.17,0.27483215895793095,0.21826179829231784,0.28173181731019303,0.25827525818681396
TRAIN_0549,0.7,0.705558422218432,0.7046943591837339,0.45178554660056797,0.620679442667578
TRAIN_0550,0.51,0.5129343031180387,0.5130445717641549,0.5129435794394717,0.5129741514405551
TRAIN_0551,0.16,0.5181782679432836,0.4723639094316172,0.46574877936048814,0.48543031891179633
TRAIN_0552,0.36,0.4917262583871296,0.49547639487633877,0.4920148235388059,0.4930724922674248
TRAIN_0553,0.09,0.09053090557348697,0.09048602648267373,0.09045990878492233,0.090492280280361
TRAIN_0554,0.76,0.7599276368603547,0.5034377411625258,0.7595250463349783,0.6742968081192862
TRAIN_0555,0.2,0.206421855347029,0.20527009355643294,0.20805257979057407,0.20658150956467866
TRAIN_0556,0.84,0.49275280262742327,0.770999593551636,0.763811556454806,0.6758546508779552
TRAIN_0557,0.11,0.10688241734906667,0.10696322452795831,0.10718051374781296,0.10700871854161265
TRAIN_0558,0.83,0.8295460727170578,0.8300992794108865,0.8301511475522789,0.8299321665600745
TRAIN_0559,0.31,0.49846310570416597,0.4918580376564175,0.49520950127535396,0.4951768815453124
TRAIN_0560,0.66,0.3365440282575535,0.5063042979337318,0.2996794918132396,0.38084260600150827
TRAIN_0561,0.1,0.10434340322733221,0.10314633104164911,0.10084354986930932,0.10277776137943022
TRAIN_0562,0.91,0.5033237206140561,0.5066989456592732,0.5042470917629531,0.504756586012094
TRAIN_0563,0.34,0.37279045051267035,0.3700713559775235,0.3718279000635489,0.3715632355179142
TRAIN_0564,0.23,0.3968693268075539,0.412777444092711,0.4873284315323689,0.43232506747754457
TRAIN_0565,0.45,0.4975898458872301,0.49769104804428893,0.4964762554856173,0.4972523831390454
TRAIN_0566,0.07,0.06262283685382697,0.06241544064903887,0.06318983723652633,0.06274270491313072
TRAIN_0567,0.19,0.511898335242586,0.19422138969130281,0.19407705489941807,0.300065593277769
TRAIN_0568,0.7,0.48260982881246667,0.47715944416283174,0.4441272565820696,0.467965509852456
TRAIN_0569,0.04,0.04050071336788397,0.040476148362918074,0.04032885916525225,0.04043524029868476
TRAIN_0570,0.54,0.6391836713805041,0.6401919856047956,0.6405715703985226,0.6399824091279408
TRAIN_0571,0.49,0.47540923411532443,0.48279375790075374,0.47487261063401665,0.4776918675500316
TRAIN_0572,0.25,0.5621814201563716,0.5653369112165544,0.5634683133947238,0.56366221492255
TRAIN_0573,0.26,0.2983560978043621,0.29820412530043705,0.2988361460347954,0.2984654563798648
TRAIN_0574,0.12,0.2951308100265899,0.4055222270915474,0.2981195895744671,0.3329242088975348
TRAIN_0575,0.18,0.47501378632302066,0.46678791759299904,0.471188538710596,0.4709967475422052
TRAIN_0576,0.11,0.2233186982438543,0.2381969631393379,0.33652039975609893,0.26601202037976374
TRAIN_0577,0.73,0.7187322744369631,0.7191780770523508,0.7185771297476393,0.7188291604123177
TRAIN_0578,0.09,0.09010469152956307,0.09027501746927213,0.09052315615425588,0.09030095505103036
TRAIN_0579,0.88,0.5334706493939276,0.5356327771758852,0.5372586234638239,0.535454016677879
TRAIN_0580,0.42,0.3210869500286242,0.3197441482546629,0.31725530507393995,0.319362134452409
TRAIN_0581,0.72,0.7130378351605354,0.7129730624857237,0.7134921582255576,0.7131676852906056
TRAIN_0582,0.52,0.4568449503560484,0.4607732897622586,0.45424409968500473,0.45728744660110393
TRAIN_0583,0.65,0.5251826997010695,0.5069830220640978,0.5034159368281664,0.5118605528644445
TRAIN_0584,0.45,0.42877721713698064,0.4323800227392561,0.4682642971043985,0.4431405123268784
TRAIN_0585,0.57,0.43878869891863054,0.5123412998729878,0.4454542492787781,0.4655280826901322
TRAIN_0586,0.72,0.7148707827711436,0.7149204273703021,0.5220876646243485,0.6506262915885981
TRAIN_0587,0.88,0.4873593806670554,0.4905280216077155,0.49375716040297735,0.49054818755924945
TRAIN_0588,0.15,0.44976439716633687,0.4535134546208934,0.4525871936418803,0.4519550151430369
TRAIN_0589,0.67,0.6701626469699528,0.670220301423573,0.6700373676065544,0.6701401053333601
TRAIN_0590,0.01,0.009237339869245298,0.01013472717462055,0.009894142818426543,0.009755403287430797
TRAIN_0591,0.05,0.4771160640820888,0.47588409711086616,0.4767635241239475,0.47658789510563415
TRAIN_0592,0.23,0.4883492007788557,0.4938565338771926,0.48619742066749944,0.4894677184411826
TRAIN_0593,0.34,0.34011333026755586,0.3407136105770766,0.3404980100466917,0.3404416502971081
TRAIN_0594,0.43,0.4236689905045382,0.31078973096580065,0.4235221303327301,0.38599361726768966
TRAIN_0595,0.78,0.7794234143693021,0.7797002947478094,0.7798101798417368,0.7796446296529495
TRAIN_0596,0.21,0.48900962747870924,0.49042786018477685,0.4862045702344822,0.4885473526326561
TRAIN_0597,0.5,0.34284059561823627,0.3486810962357273,0.4724195976648534,0.3879804298396056
TRAIN_0598,0.92,0.48662016533027336,0.48756512534926677,0.48742009380020557,0.4872017948265819
TRAIN_0599,0.76,0.49166202818707855,0.48765890790940764,0.49204117464048114,0.4904540369123224
TRAIN_0600,0.97,0.9690599916231142,0.9695514302317231,0.9695464668407916,0.969385962898543
TRAIN_0601,0.26,0.4931167861452312,0.49730756266187043,0.4929087895750262,0.49444437946070924
TRAIN_0602,0.92,0.5143385225192195,0.5804784246049713,0.3536899655463679,0.48283563755685294
TRAIN_0603,0.94,0.9154151654465443,0.9143369318299788,0.9147274930080643,0.9148265300948625
TRAIN_0604,0.05,0.4970164558620355,0.4983258287196609,0.49576646138212976,0.4970362486546087
TRAIN_0605,0.7,0.6993957574248022,0.5055759841394113,0.6995322886162417,0.6348346767268184
TRAIN_0606,0.01,0.4915974326523165,0.49540143909501766,0.4958256879349221,0.49427485322741876
TRAIN_0607,0.68,0.4945438551650434,0.4863863166862016,0.4915545562376192,0.49082824269628805
TRAIN_0608,0.74,0.5833039157139802,0.6018785937446374,0.6040579589853147,0.5964134894813108
TRAIN_0609,0.83,0.49342285242487416,0.5538371584164254,0.5516787676791991,0.5329795928401663
TRAIN_0610,0.36,0.3578696311758092,0.5233127834044048,0.5448426344468029,0.47534168300900564
TRAIN_0611,0.18,0.645157699153295,0.6438298560724429,0.4364470956788956,0.5751448836348779
TRAIN_0612,0.98,0.5304492619564449,0.5076593527766543,0.516424279980781,0.5181776315712935
TRAIN_0613,0.26,0.3153785872991955,0.3172900435327123,0.3164046674712955,0.31635776610106775
TRAIN_0614,0.69,0.6370278491907247,0.6380330796686214,0.6355279449672586,0.6368629579422016
TRAIN_0615,0.53,0.45203664215507755,0.4921128368262617,0.4974926071368389,0.48054736203939274
TRAIN_0616,0.13,0.14017126781070954,0.49430379343783004,0.48940233579422254,0.374625799014254
TRAIN_0617,0.38,0.38003148442996176,0.3803834491732408,0.3803543941366736,0.3802564425799588
TRAIN_0618,0.45,0.45004402509681013,0.4548940577825493,0.4542132994022449,0.4530504607605348
TRAIN_0619,0.0,0.5037369816553807,0.011321241571461915,0.011164275197529272,0.17540749947479062
TRAIN_0620,0.05,0.46433450960819767,0.4623352520043687,0.47646685822041174,0.46771220661099266
TRAIN_0621,0.49,0.5465804423681869,0.5329733446784273,0.5307734732037044,0.5367757534167729
TRAIN_0622,0.13,0.3806137734012252,0.3839112018182714,0.4734407423986261,0.4126552392060409
TRAIN_0623,0.72,0.7148467089965846,0.7141516332260935,0.7143409000939167,0.7144464141055317
TRAIN_0624,0.48,0.43760305358005974,0.5393905652846004,0.5800700383553061,0.5190212190733221
TRAIN_0625,0.71,0.49392512823400103,0.49883388841343684,0.494372393153052,0.4957104699334966
TRAIN_0626,0.07,0.4876871935064032,0.48497403678861517,0.48492600319699747,0.4858624111640053
TRAIN_0627,0.23,0.48321504140623306,0.4748991712901605,0.4805149727778499,0.4795430618247478
TRAIN_0628,0.86,0.8587779838564459,0.8585949178379924,0.859215258739427,0.8588627201446218
TRAIN_0629,0.78,0.4954581237204697,0.49307425043635195,0.4928170322260627,0.4937831354609615
TRAIN_0630,0.37,0.5919704777930797,0.40082185797477077,0.38993854812531503,0.4609102946310551
TRAIN_0631,0.15,0.48118424545594224,0.41111902643176645,0.21618675591037784,0.3694966759326955
TRAIN_0632,0.61,0.6071248290862022,0.4236375146656796,0.6077614824635605,0.5461746087384808
TRAIN_0633,0.23,0.2514595098556982,0.25075472147076416,0.2495861746255485,0.250600135317337
TRAIN_0634,0.84,0.6387415891339501,0.6385703318350504,0.6266904777372316,0.6346674662354107
TRAIN_0635,0.27,0.4214179280660594,0.529052254621109,0.4369124182132802,0.4624608669668162
TRAIN_0636,0.54,0.492821542457206,0.4949710531210681,0.49023207003936886,0.49267488853921426
TRAIN_0637,0.11,0.13656793181189986,0.4892975344249955,0.13650132983823138,0.2541222653583756
TRAIN_0638,0.41,0.42488863240849983,0.424028129155427,0.42549925651250986,0.42480533935881226
TRAIN_0639,0.66,0.6679983753222634,0.6669789646182398,0.6607723303709356,0.665249890103813
TRAIN_0640,0.23,0.23068460907495392,0.2311149953858852,0.23075645377387954,0.23085201941157288
TRAIN_0641,0.81,0.4919564271005955,0.4915522458581273,0.4915092457046317,0.4916726395544515
TRAIN_0642,0.63,0.6268203313961581,0.6269143006212545,0.6268380824722319,0.6268575714965482
TRAIN_0643,0.43,0.4291566777990433,0.42892997447990605,0.4293822722258929,0.42915630816828076
TRAIN_0644,0.37,0.4933058296259133,0.49604917656704156,0.49298983082908293,0.4941149456740126
TRAIN_0645,0.08,0.4884605978020067,0.4860293417739249,0.49168207323527713,0.4887240042704029
TRAIN_0646,0.09,0.09071852022400745,0.48739483730180727,0.0908620525566522,0.22299180336082233
TRAIN_0647,0.78,0.40150380441416705,0.40062978304947106,0.42708070592875486,0.40973809779746434
TRAIN_0648,0.76,0.49588908027775436,0.7579836523771957,0.7575915755998593,0.6704881027516031
TRAIN_0649,0.12,0.4939139419116889,0.4942394042286106,0.4948309549614296,0.49432810036724306
TRAIN_0650,0.21,0.278401474940719,0.2756551311170865,0.27766715366561795,0.2772412532411412
TRAIN_0651,0.43,0.4511727950519671,0.4520144502597043,0.45443748837352554,0.45254157789506566
TRAIN_0652,0.41,0.4896066973357617,0.48990372041473834,0.4100302614393016,0.46318022639660056
TRAIN_0653,0.94,0.6626484781078388,0.6498658683982663,0.649731788485045,0.65408204499705
TRAIN_0654,0.72,0.49664162272929335,0.4889792025745382,0.4939389249489545,0.4931865834175954
TRAIN_0655,0.83,0.7405469478561362,0.716098882801049,0.738033930447337,0.7315599203681741
TRAIN_0656,0.07,0.4840421050826454,0.48380450306603523,0.48495107184837427,0.48426589333235165
TRAIN_0657,0.88,0.5400509448259642,0.5417404278880126,0.5385694471852048,0.5401202732997272
TRAIN_0658,0.13,0.5163269539235322,0.5126219613118761,0.5174652437953515,0.5154713863435866
TRAIN_0659,0.9,0.43243639112940846,0.43136854359971966,0.4327182411780019,0.43217439196904334
TRAIN_0660,0.36,0.3582735215915662,0.35899870879150264,0.3588718724070129,0.3587147009300273
TRAIN_0661,0.06,0.06954399301753467,0.07014265719839063,0.06954428937034296,0.06974364652875609
TRAIN_0662,0.92,0.4932729859789028,0.4932228549241018,0.4922704524418268,0.49292209778161045
TRAIN_0663,0.29,0.2904299907449483,0.2901925097485874,0.29014588183736606,0.29025612744363394
TRAIN_0664,0.23,0.3402447061823648,0.35601067128106106,0.5548942269746169,0.41704986814601425
TRAIN_0665,0.28,0.2842021061693283,0.2812929140115045,0.2822811700709794,0.2825920634172708
TRAIN_0666,0.31,0.4884747495038249,0.3404869937132669,0.34032492773140055,0.3897622236494975
TRAIN_0667,0.78,0.5231021122891435,0.5159740626923403,0.5158523663366525,0.5183095137727121
TRAIN_0668,0.91,0.49127535518868404,0.49396240454723617,0.4894849645517175,0.4915742414292126
TRAIN_0669,0.77,0.6238635756795299,0.6265055025636641,0.4849532902814383,0.5784407895082108
TRAIN_0670,0.2,0.20041229003057198,0.20023399497855054,0.46794351750445395,0.28952993417119216
TRAIN_0671,0.73,0.7299718037902849,0.7295660867628094,0.729492336437652,0.7296767423302488
TRAIN_0672,0.16,0.2081964041162479,0.21098689445827984,0.20732028317474438,0.20883452724975737
TRAIN_0673,0.47,0.5612453154248365,0.6044666422553288,0.5612433712927931,0.5756517763243195
TRAIN_0674,0.14,0.4920833185482976,0.4948174785214904,0.4915800494114238,0.4928269488270706
TRAIN_0675,0.19,0.18905718366937935,0.18831792723868107,0.18910584769709365,0.188826986201718
TRAIN_0676,0.49,0.4897461890959235,0.5864774726338065,0.4986725660575662,0.524965409262432
TRAIN_0677,0.74,0.36909975415075025,0.39870846240449775,0.3112598080606015,0.3596893415386165
TRAIN_0678,0.54,0.5355713826257269,0.4791712840773264,0.4724651215611928,0.49573592942141537
TRAIN_0679,0.26,0.49226081409523753,0.2603072996645277,0.26018198954789096,0.33758336776921877
TRAIN_0680,0.66,0.467624361794269,0.44841170754493787,0.47364960781926924,0.46322855905282534
TRAIN_0681,0.12,0.15186980607368789,0.13937072952898938,0.12670765298686143,0.13931606286317957
TRAIN_0682,0.35,0.48797634507561566,0.4962667739507257,0.49063493078445974,0.4916260166036004
TRAIN_0683,0.23,0.5985480264522114,0.5337981491790775,0.5942396454470498,0.5755286070261129
TRAIN_0684,0.31,0.5134129681844264,0.35696302774024546,0.3602070622692837,0.41019435273131855
TRAIN_0685,0.75,0.4487347270121271,0.7288499810944659,0.7132427396547717,0.6302758159204549
TRAIN_0686,0.89,0.5853435218172739,0.5682999728484197,0.5626823271561288,0.5721086072739408
TRAIN_0687,0.16,0.48187916280003346,0.4813196633518034,0.47985685432047903,0.4810185601574386
TRAIN_0688,0.06,0.451410275508507,0.45070977746892693,0.45563700496993687,0.4525856859824569
TRAIN_0689,0.82,0.4471500170714139,0.4579121547126662,0.42740839570811395,0.44415685583073133
TRAIN_0690,0.03,0.468328866434507,0.5843637284874691,0.5853181079237888,0.5460035676152549
TRAIN_0691,0.59,0.6167428678251807,0.5951932906039343,0.5394838109672161,0.5838066564654437
TRAIN_0692,0.7,0.4927292537198992,0.48496643673311474,0.49275365706269747,0.49014978250523705
TRAIN_0693,0.14,0.139995385125966,0.1401786676995087,0.13999243510324333,0.14005549597623934
TRAIN_0694,0.04,0.6050610969511854,0.04197374100148049,0.040833847536067114,0.22928956182957763
TRAIN_0695,0.63,0.4637202391953228,0.46985080869422247,0.4658434734105567,0.466471507100034
TRAIN_0696,0.72,0.2309193466276731,0.2282730089110781,0.22890965982484657,0.22936733845453258
TRAIN_0697,0.79,0.7409071251467821,0.7391666535009624,0.7392139988224254,0.7397625924900567
TRAIN_0698,0.76,0.48816457521293416,0.48613326184382816,0.7529429128445421,0.5757469166337681
TRAIN_0699,0.61,0.44268138981518906,0.5874297815538618,0.583862373762754,0.5379911817106017
TRAIN_0700,0.52,0.48702925229286603,0.4857551420226189,0.48421484900414274,0.4856664144398759
TRAIN_0701,0.84,0.48512043700608143,0.7432339854351672,0.7262108402798427,0.6515217542403637
TRAIN_0702,0.86,0.8611959887834084,0.8611449887789266,0.8613840274397511,0.8612416683340287
TRAIN_0703,0.48,0.4930251744244644,0.49536876087799564,0.4809346218677019,0.4897761857233873
TRAIN_0704,0.73,0.5327749616298085,0.523977347031817,0.5311365867122654,0.5292962984579637
TRAIN_0705,0.78,0.5820976980346104,0.5143110335597272,0.5184456596512527,0.5382847970818635
TRAIN_0706,0.62,0.5420567027430958,0.6208300847833711,0.620616224037043,0.5945010038545033
TRAIN_0707,0.91,0.39570335387677297,0.4343888138288969,0.4370819967026639,0.42239138813611127
TRAIN_0708,0.93,0.49783516265678257,0.3957206415100579,0.4002638679883715,0.43127322405173735
TRAIN_0709,0.19,0.19146774746730422,0.19292680520728805,0.19300203749824618,0.1924655300576128
TRAIN_0710,0.17,0.4948817043589575,0.48908574847744457,0.4963851090778369,0.49345085397141303
TRAIN_0711,0.97,0.5901944243950095,0.4321648174120521,0.5797429900391187,0.5340340772820601
TRAIN_0712,0.58,0.49225565759916456,0.4916082207831444,0.491154762099377,0.49167288016056204
TRAIN_0713,0.62,0.3095712755284816,0.37043175566606823,0.31199821688804885,0.3306670826941996
TRAIN_0714,0.6,0.4940367101432227,0.4841705182779138,0.4913278390421228,0.4898450224877531
TRAIN_0715,0.14,0.48950868622220767,0.48902321394254594,0.14811477385187383,0.3755488913388758
TRAIN_0716,0.87,0.48257273611214135,0.4781983449146778,0.48418366113377653,0.4816515807201986
TRAIN_0717,0.86,0.8309030180346252,0.8315394909454668,0.8309879519413006,0.8311434869737976
TRAIN_0718,0.1,0.49091723764957146,0.48673515219992936,0.49386929761493525,0.49050722915481204
TRAIN_0719,0.37,0.37519234018283354,0.37465439795522165,0.37135283116120826,0.3737331897664211
TRAIN_0720,0.82,0.8131124629910704,0.8144059860208626,0.5987782844877743,0.7420989111665691
TRAIN_0721,0.7,0.47940807785094186,0.6960937121739335,0.696384808427307,0.6239621994840608
TRAIN_0722,0.08,0.4735677982019475,0.4721906583677663,0.4689858471577685,0.4715814345758274
TRAIN_0723,0.01,0.4787047821332034,0.4827230354291038,0.48067146643959546,0.4806997613339676
TRAIN_0724,0.87,0.4891731973080303,0.861910424118312,0.8618436207923434,0.7376424140728952
TRAIN_0725,0.4,0.34259964131384246,0.3580290053917542,0.3508875481902873,0.350505398298628
TRAIN_0726,0.1,0.09959078367503693,0.10016138939874702,0.10012141827995158,0.09995786378457851
TRAIN_0727,0.51,0.5052586211127644,0.5092772022441316,0.5096414284714916,0.5080590839427959
TRAIN_0728,0.3,0.3329813625515873,0.33253503589571154,0.33324963482127434,0.3329220110895244
TRAIN_0729,0.19,0.19253574424356978,0.19251763663950017,0.1929421941735201,0.19266519168553
TRAIN_0730,0.14,0.48945732690673216,0.4888919534595479,0.14752011082355393,0.37528979706327803
TRAIN_0731,0.23,0.4926496063086917,0.48060165008127564,0.48903708068800206,0.48742944569265645
TRAIN_0732,0.69,0.6855396686011428,0.6865181523347736,0.4288942167227402,0.6003173458862189
TRAIN_0733,0.34,0.335367040580432,0.6045029612892932,0.3352561080058089,0.425042036625178
TRAIN_0734,0.41,0.43637666811957926,0.624619686329065,0.33610482283028575,0.46570039242630995
TRAIN_0735,0.59,0.6158788072104471,0.6155929008341017,0.614851659869048,0.6154411226378657
TRAIN_0736,0.39,0.48286770357858394,0.4721911039715003,0.48041072377839716,0.4784898437761605
TRAIN_0737,0.07,0.0705408935580431,0.07035629806062199,0.4909300879685185,0.21060909319572785
TRAIN_0738,0.82,0.49887750999837976,0.5012277244278351,0.500536645729435,0.5002139600518833
TRAIN_0739,0.12,0.485844512233161,0.4933648011176347,0.48701199885053936,0.488740437400445
TRAIN_0740,0.34,0.34031691599925173,0.34028630150402095,0.339631159745964,0.34007812574974555
TRAIN_0741,0.09,0.10070599041604295,0.48689701257062196,0.10071822570396977,0.22944040956354486
TRAIN_0742,0.08,0.545330355649064,0.08022076888185886,0.08087439174608291,0.23547517209233526
TRAIN_0743,0.52,0.49381020870950776,0.4925726016094862,0.4861545906893742,0.49084580033612274
TRAIN_0744,0.7,0.6988978873905888,0.6986443154056372,0.6989182360771393,0.6988201462911219
TRAIN_0745,0.09,0.09809979032263699,0.09875078906593515,0.09830941929695314,0.09838666622850843
TRAIN_0746,0.09,0.4688129554252824,0.46290223223720006,0.4651084604867356,0.4656078827164061
TRAIN_0747,0.44,0.44057241781853457,0.4408953733957896,0.4409908196880515,0.44081953696745857
TRAIN_0748,0.28,0.493188659585774,0.49084439897131915,0.49157733824954786,0.4918701322688803
TRAIN_0749,0.05,0.6615453813028339,0.6622759006925638,0.6514447136216959,0.6584219985390313
TRAIN_0750,0.37,0.3765744916720717,0.38042886407678966,0.37999440974550147,0.3789992551647876
TRAIN_0751,0.87,0.4298836974847485,0.43989378842763094,0.4653829847506592,0.44505349022101287
TRAIN_0752,0.36,0.6270930183216934,0.6334127282017926,0.4947614078278936,0.5850890514504599
TRAIN_0753,0.71,0.7097259552786297,0.7094917405430738,0.7097196859792394,0.7096457939336477
TRAIN_0754,0.44,0.4486352175226199,0.44885387971798985,0.49221600238147656,0.4632350332073621
TRAIN_0755,0.08,0.08028952122346128,0.08007670855777882,0.08021323313928219,0.08019315430684076
TRAIN_0756,0.61,0.41160880474330586,0.46277375712919844,0.4122880381054565,0.4288901999926536
TRAIN_0757,0.61,0.5672551108000397,0.5669096399167664,0.5659667495315585,0.5667105000827881
TRAIN_0758,0.55,0.46758744748252934,0.46932966315346303,0.47458276984527725,0.4704999601604232
TRAIN_0759,0.85,0.5079176077349163,0.5086653847060565,0.459965663696824,0.4921828853792656
TRAIN_0760,0.85,0.29401550321952313,0.8107774189497503,0.2957022162089099,0.4668317127927278
TRAIN_0761,0.99,0.9890446963992368,0.9895052430159528,0.9894811829222836,0.9893437074458244
TRAIN_0762,0.34,0.34021433373308085,0.3402131433455986,0.3403690075007547,0.3402654948598114
TRAIN_0763,0.78,0.587171789925551,0.5886385205436989,0.5852913508529447,0.5870338871073982
TRAIN_0764,0.52,0.5158764140003591,0.5042747932552492,0.509363038425049,0.5098380818935525
TRAIN_0765,0.72,0.45429861273774635,0.4479234658686816,0.4362467884301298,0.4461562890121859
TRAIN_0766,0.59,0.48463160601384175,0.48970246968958037,0.5067385436264545,0.4936908731099589
TRAIN_0767,0.33,0.3298980364926012,0.5007086495626535,0.33010334786508083,0.38690334464011183
TRAIN_0768,0.91,0.9088260153852366,0.5511252397450638,0.9079797956004283,0.7893103502435762
TRAIN_0769,0.02,0.4907872294247371,0.49328244122207676,0.4912500842651051,0.49177325163730634
TRAIN_0770,0.86,0.860094148013936,0.8601424078179034,0.859946191788709,0.8600609158735161
TRAIN_0771,0.75,0.5304071980932177,0.5359325945349005,0.5254831968772972,0.5306076631684719
TRAIN_0772,0.34,0.34024653081933853,0.3401909089550379,0.340243018821308,0.34022681953189476
TRAIN_0773,0.4,0.47075486124991384,0.4002356089667504,0.4004511178124363,0.42381386267636684
TRAIN_0774,0.01,0.3318264311441308,0.3584772598985695,0.3329907236772211,0.3410981382399738
TRAIN_0775,0.07,0.06678510062945048,0.5850147634969634,0.06920416461991286,0.24033467624877555
TRAIN_0776,0.29,0.2962063672925137,0.2962101946353932,0.29602528291360436,0.2961472816138371
TRAIN_0777,0.81,0.5327981832805219,0.5313933601527677,0.5453009843254584,0.536497509252916
TRAIN_0778,0.06,0.12538098692051425,0.45163168641360585,0.12760873709529935,0.23487380347647316
TRAIN_0779,0.56,0.42716820385977455,0.5569630528544259,0.5571156249890992,0.5137489605677665
TRAIN_0780,0.52,0.519629526295249,0.5198320819619799,0.5196965715777133,0.5197193932783141
TRAIN_0781,0.88,0.7222171392521901,0.7271083174539628,0.7238649923867584,0.7243968163643038
TRAIN_0782,0.13,0.18592051828830924,0.1938522229157547,0.18203577283309913,0.18726950467905437
TRAIN_0783,0.51,0.4710770833879116,0.5148636372557218,0.5144630979428886,0.5001346061955073
TRAIN_0784,0.92,0.9199511678123358,0.48172462148811557,0.9199567847199561,0.7738775246734692
TRAIN_0785,0.42,0.473379801655778,0.4888209018973065,0.4726215232994915,0.4782740756175253
TRAIN_0786,0.74,0.47476161706948733,0.4713075791812397,0.4016351327469958,0.4492347763325743
TRAIN_0787,0.11,0.49024391672484574,0.4886619587390563,0.4930511668612969,0.490652347441733
TRAIN_0788,0.46,0.44477864832025144,0.44695446507463443,0.46373125499343515,0.4518214561294403
TRAIN_0789,0.31,0.4683778455957388,0.46933351197160805,0.4684618368576258,0.46872439814165756
TRAIN_0790,0.19,0.21192070063794916,0.21259657716153607,0.21109693099627286,0.2118714029319194
TRAIN_0791,0.27,0.4789978299173989,0.4815780209598217,0.47948524867510983,0.48002036651744345
TRAIN_0792,0.37,0.4904504767707654,0.49642336653247865,0.48936631995646845,0.49208005441990416
TRAIN_0793,0.53,0.5332183007924018,0.5336521564610135,0.5345252933076223,0.5337985835203459
TRAIN_0794,0.74,0.7213003588054856,0.7219369845807998,0.7217052359879967,0.721647526458094
TRAIN_0795,0.39,0.5346629372359817,0.528074279968176,0.531960826976165,0.5315660147267742
TRAIN_0796,0.74,0.23223700601501535,0.7382074045599875,0.7378081567968119,0.5694175224572716
TRAIN_0797,0.76,0.6861817186224545,0.6866860431343148,0.6903605839443772,0.6877427819003822
TRAIN_0798,0.1,0.491743895214458,0.5357945022202445,0.4901499750803037,0.5058961241716687
TRAIN_0799,0.78,0.4898150585119477,0.4978347243456684,0.49168501645428975,0.49311159977063523
TRAIN_0800,0.48,0.48012323585224254,0.47425551064979365,0.47961976110670146,0.47799950253624585
TRAIN_0801,0.29,0.4931799914558297,0.4952608042866652,0.4912491433021354,0.4932299796815434
TRAIN_0802,0.73,0.7067963101555572,0.5614015884319858,0.7055954293537577,0.657931109313767
TRAIN_0803,0.39,0.29115048601248367,0.3410327939350604,0.28625401197398664,0.3061457639738436
TRAIN_0804,0.74,0.48957979153598113,0.7396367772425592,0.48843103037502467,0.572549199717855
TRAIN_0805,0.11,0.10984039928593509,0.1098610201959056,0.4857314778476488,0.2351442991098298
TRAIN_0806,0.47,0.492990110795687,0.4921476330732017,0.4814338767031949,0.48885720685736117
TRAIN_0807,0.32,0.3202351702592992,0.3205958775702004,0.5170305761977043,0.38595387467573467
TRAIN_0808,0.45,0.4757510872343823,0.4794622532294128,0.47659667039679465,0.4772700036201966
TRAIN_0809,0.95,0.9512685795554812,0.9516957935694383,0.9517023700299052,0.9515555810516082
TRAIN_0810,0.04,0.04035362066894915,0.040450079539819994,0.04046539531697818,0.04042303184191578
TRAIN_0811,0.75,0.49638968486461116,0.49169283647682327,0.4937530332134517,0.4939451848516287
TRAIN_0812,0.41,0.5616008318813931,0.4991125731344625,0.5002066176333173,0.520306674216391
TRAIN_0813,0.6,0.599118549273226,0.5988953128386268,0.598703413959653,0.598905758690502
TRAIN_0814,0.39,0.49169743793145115,0.38462788046100094,0.3887933237785578,0.4217062140570033
TRAIN_0815,0.56,0.49408948342071496,0.4972576704275436,0.49504228903460423,0.49546314762762095
TRAIN_0816,0.96,0.9517038093349846,0.9533288178266894,0.9503115825433359,0.9517814032350033
TRAIN_0817,0.82,0.804233239640461,0.8016842078855374,0.49752959077193004,0.7011490127659762
TRAIN_0818,0.34,0.4484864089976634,0.41932367144062166,0.43019970144713354,0.43266992729513953
TRAIN_0819,0.4,0.5413300104068968,0.5755834700048555,0.5478468752740275,0.5549201185619267
TRAIN_0820,0.37,0.37071149255196845,0.3709401300960586,0.3710490968126525,0.3709002398202265
TRAIN_0821,0.59,0.49425399360410693,0.4943991693003477,0.49191231762069404,0.49352182684171625
TRAIN_0822,0.13,0.14807677383320095,0.14427120632274026,0.5683970560008378,0.28691501205225967
TRAIN_0823,0.61,0.6100105220328014,0.6099803211608698,0.610139946168189,0.6100435964539533
TRAIN_0824,0.53,0.6126096905030216,0.6679481162019255,0.7687511499269437,0.6831029855439636
TRAIN_0825,0.61,0.18965006905326648,0.24848897713603632,0.2783601514211891,0.23883306587016395
TRAIN_0826,0.78,0.7722694535772016,0.4910583735877424,0.7720840313362348,0.678470619500393
TRAIN_0827,0.99,0.5303099534904093,0.5429449909479812,0.5372937896058945,0.5368495780147616
TRAIN_0828,0.46,0.6239303913015979,0.5677129690103456,0.550638269108592,0.5807605431401784
TRAIN_0829,0.28,0.28039845501017413,0.28035631173267034,0.2803896543914942,0.2803814737114462
TRAIN_0830,0.61,0.4329399078159045,0.5808495154159198,0.5842394438217465,0.532676289017857
TRAIN_0831,0.66,0.426683964141363,0.42452597953494486,0.430369805232806,0.4271932496363713
TRAIN_0832,0.95,0.4987513705038744,0.504337173666947,0.5001328047782966,0.5010737829830393
TRAIN_0833,0.77,0.4986301433081548,0.4931984390467842,0.49958970022779225,0.4971394275275771
TRAIN_0834,0.73,0.6914693158381314,0.486137638382954,0.6894918574561428,0.6223662705590761
TRAIN_0835,0.36,0.36041422023887526,0.36077342821509506,0.36037227121107934,0.3605199732216832
TRAIN_0836,0.64,0.6368491332321621,0.6370058314445952,0.6365143094219513,0.6367897580329028
TRAIN_0837,1.0,0.4328882392353831,0.43328185777482925,0.43258848163043434,0.43291952621354896
TRAIN_0838,0.15,0.2000376745581715,0.2359034763504353,0.20404971343106332,0.21333028811322338
TRAIN_0839,0.66,0.6304304901857763,0.5277316208861986,0.6138282879062468,0.5906634663260739
TRAIN_0840,0.3,0.3013556428588481,0.3095597339510734,0.33634003801716006,0.3157518049423605
TRAIN_0841,0.08,0.4935016644560627,0.48479955043430106,0.4909360912475073,0.4897457687126237
TRAIN_0842,0.08,0.459057386718649,0.49450393043185337,0.4942302633012886,0.4825971934839304
TRAIN_0843,0.19,0.1924498041724383,0.19201799766894817,0.1932099639285772,0.19255925525665454
TRAIN_0844,0.56,0.48783948689656675,0.4894349142443827,0.487855631454449,0.4883766775317995
TRAIN_0845,0.97,0.6660360302039654,0.6681393338612429,0.6742023467178737,0.669459236927694
TRAIN_0846,0.55,0.48633802666905485,0.5496433873317009,0.5498260687934071,0.528602494264721
TRAIN_0847,0.36,0.35932066288442965,0.36016668559197346,0.35972170355531313,0.3597363506772387
TRAIN_0848,0.55,0.4995487712141599,0.48454260796474763,0.5034375784487648,0.4958429858758908
TRAIN_0849,0.11,0.49674198259910196,0.11315514931169357,0.1132671582091,0.24105476337329854
TRAIN_0850,0.81,0.8103068015727772,0.5273456065690785,0.8105010312763874,0.7160511464727476
TRAIN_0851,0.42,0.49101381812487654,0.48603743394276805,0.4875469664407199,0.48819940616945484
TRAIN_0852,0.01,0.04224666957752832,0.44167542884316996,0.041698282974587,0.17520679379842843
TRAIN_0853,0.36,0.4935782920672413,0.49728550213303013,0.4924616785192371,0.4944418242398361
TRAIN_0854,0.23,0.2282400082304633,0.229196398798432,0.6121974619410281,0.35654462298997447
TRAIN_0855,0.71,0.603054545186257,0.5207401196873549,0.5003446796215976,0.5413797814984032
TRAIN_0856,0.0,0.0,0.0,7.437648951497122e-05,2.4792163171657073e-05
TRAIN_0857,0.3,0.4959997017836832,0.447805769601775,0.5187182888887215,0.4875079200913932
TRAIN_0858,0.62,0.4816182510356548,0.48392329106446097,0.49566525715229043,0.4870689330841354
TRAIN_0859,0.51,0.5146361638709975,0.5380955858843309,0.5365336478475217,0.5297551325342834
TRAIN_0860,0.3,0.47822247703393594,0.43855068899022154,0.4422525480068642,0.45300857134367395
TRAIN_0861,0.4,0.4902263039149968,0.48991451483487425,0.48668750242352027,0.48894277372446376
TRAIN_0862,0.27,0.28881207920065577,0.28906690310065286,0.4921441309508765,0.3566743710840617
TRAIN_0863,0.49,0.48642449601664683,0.4816218350732371,0.4854940735949824,0.4845134682282888
TRAIN_0864,0.95,0.7722156993668317,0.7969484018948433,0.7915962106968495,0.7869201039861747
TRAIN_0865,0.51,0.510063924440197,0.5101082175069479,0.4923979434632048,0.5041900284701165
TRAIN_0866,0.06,0.4109276266384221,0.35589942340544545,0.40550572177915245,0.39077759060767336
TRAIN_0867,0.11,0.11032650418739626,0.11031911664527666,0.4857939106787317,0.23547984383713486
TRAIN_0868,0.43,0.4556714312157645,0.4556039157342785,0.4628583097203288,0.4580445522234573
TRAIN_0869,0.13,0.493423638469289,0.1300625978847395,0.48949521804640705,0.3709938181334785
TRAIN_0870,0.41,0.49055621007386646,0.4855192537089413,0.48959014207690477,0.48855520195323754
TRAIN_0871,0.71,0.676117921621099,0.679468841221872,0.5546212090695362,0.6367359906375024
TRAIN_0872,0.25,0.49120579618746407,0.4958380840061104,0.25034535323050977,0.4124630778080281
TRAIN_0873,0.97,0.4925037291378392,0.49589971621622514,0.4934277115521802,0.49394371896874817
TRAIN_0874,0.37,0.5608414618883455,0.41473945990840344,0.46938384216307294,0.4816549213199406
TRAIN_0875,0.01,0.07453339591759334,0.07457640039333119,0.07482482859151529,0.07464487496747994
TRAIN_0876,0.05,0.5238977044486239,0.5749935349889478,0.5040638571934366,0.5343183655436694
TRAIN_0877,0.31,0.5227263122999233,0.38157882767871754,0.3812376901603471,0.42851427671299597
TRAIN_0878,0.59,0.5796381441707037,0.5809063367996582,0.5781009861323079,0.5795484890342233
TRAIN_0879,0.0,0.08440574914827131,0.4970635310775158,0.08418135976509683,0.22188354666362797
TRAIN_0880,0.42,0.42054200735124664,0.4206791582515501,0.4207060833883389,0.4206424163303786
TRAIN_0881,0.74,0.49108119667265415,0.49601685087018527,0.49480943969918345,0.4939691624140076
TRAIN_0882,0.92,0.48560574313591964,0.48295869488030013,0.4873491709080659,0.4853045363080952
TRAIN_0883,0.9,0.19852480343146345,0.20451195017529306,0.20265380426852692,0.20189685262509446
TRAIN_0884,0.03,0.4924684847027193,0.030515784918011213,0.03035988430610731,0.18444805130894593
TRAIN_0885,0.34,0.4912173454311146,0.484503741441294,0.48929131813124116,0.48833746833455
TRAIN_0886,0.01,0.48666355033604425,0.49061673354469737,0.4856690820257243,0.48764978863548863
TRAIN_0887,0.58,0.5257458988605789,0.6746140219700822,0.6781835883488763,0.6261811697265125
TRAIN_0888,0.25,0.48517375992744005,0.4940434718902658,0.48396057896085987,0.4877259369261886
TRAIN_0889,0.96,0.49472301553165693,0.49723457315929426,0.9232537044543838,0.6384037643817783
TRAIN_0890,0.85,0.4975208823579473,0.504770222791968,0.5061512327577616,0.5028141126358924
TRAIN_0891,0.4,0.3999588809770358,0.4014501016820776,0.3978384746351203,0.39974915243141124
TRAIN_0892,0.37,0.3640590252506949,0.3794207134854656,0.38165684147443335,0.3750455267368646
TRAIN_0893,0.31,0.49206513505238764,0.554980779951333,0.5562250144124009,0.5344236431387072
TRAIN_0894,0.24,0.24214280466807958,0.24202573115687773,0.24264403102231427,0.2422708556157572
TRAIN_0895,0.26,0.28991583025103196,0.6073959094724143,0.2893712666698861,0.39556100213111084
TRAIN_0896,0.32,0.4591499223011444,0.7376462160191232,0.8067962684950152,0.6678641356050944
TRAIN_0897,0.78,0.25773420385116075,0.18605332258511276,0.5387987758328542,0.32752876742304254
TRAIN_0898,0.3,0.30594814709007234,0.2962148303081834,0.29496200273572926,0.29904166004466165
TRAIN_0899,0.18,0.4905199088780001,0.49604697925505503,0.4918839946689643,0.4928169609340065
TRAIN_0900,0.57,0.5610458124415847,0.5616291745452389,0.5616433568321301,0.5614394479396512
TRAIN_0901,0.99,0.4893630612214402,0.4850813448117877,0.49015165817642414,0.48819868806988403
TRAIN_0902,0.33,0.34153561847423014,0.3439009749226273,0.3424269270165923,0.3426211734711499
TRAIN_0903,0.91,0.6482793568149352,0.6409616148836825,0.5911550899682347,0.6267986872222842
TRAIN_0904,0.4,0.399971245060209,0.39995524200847543,0.39995228102732294,0.39995958936533577
TRAIN_0905,0.7,0.4911066439194841,0.4903653707214662,0.4898413691748378,0.4904377946052627
TRAIN_0906,0.55,0.5501057269483778,0.4486244852202645,0.5502826617349469,0.5163376246345298
TRAIN_0907,0.42,0.5244162864600089,0.6793957356270054,0.6866684161506912,0.6301601460792351
TRAIN_0908,0.14,0.4934277164798737,0.4925654144922009,0.4911307016968782,0.49237461088965095
TRAIN_0909,0.22,0.5852377945732032,0.5891721126566857,0.5579338733398728,0.5774479268565872
TRAIN_0910,0.99,0.3371252333003502,0.32904430265101525,0.3868032663885574,0.3509909341133077
TRAIN_0911,0.99,0.4997095322383634,0.46699198197284303,0.4625785562077272,0.47642669013964456
TRAIN_0912,0.46,0.4606616314230264,0.4607777983034823,0.49149437351159136,0.47097793441270003
TRAIN_0913,0.17,0.42006216432922866,0.4128870886267052,0.41526299172109427,0.416070748225676
TRAIN_0914,0.35,0.4895930407385511,0.4952716011745368,0.49135073622925635,0.4920717927141147
TRAIN_0915,0.48,0.4802021149051979,0.4877657116216162,0.4880046422252226,0.48532415625067893
TRAIN_0916,0.98,0.731544504217841,0.73065387669608,0.48778380462525356,0.6499940618463915
TRAIN_0917,0.43,0.49908512789934495,0.4894283537830952,0.4965363197249824,0.4950166004691408
TRAIN_0918,0.77,0.5938681313361159,0.772725498671049,0.7638519965172812,0.7101485421748155
TRAIN_0919,0.81,0.8094906291780567,0.8092081819908734,0.8094179529054324,0.809372254691454
TRAIN_0920,0.02,0.4092803047371213,0.5899094888775809,0.6161616222025709,0.538450471939091
TRAIN_0921,0.52,0.5199880526518722,0.5203736251264681,0.501099901138615,0.5138205263056518
TRAIN_0922,0.24,0.24334381819911716,0.24166288618735662,0.24307008043665096,0.2426922616077082
TRAIN_0923,0.37,0.3528824841793736,0.35418365388869166,0.3543264076921726,0.3537975152534127
TRAIN_0924,0.71,0.47351940271020887,0.47066645637249693,0.4764016924899356,0.4735291838575471
TRAIN_0925,0.89,0.5107858419855605,0.5648782074879913,0.665184127245152,0.5802827255729013
TRAIN_0926,0.41,0.41239749560555977,0.48353597640357737,0.4124873065790522,0.43614025952939645
TRAIN_0927,0.22,0.502179421015571,0.4975950381606657,0.5026007900984797,0.5007917497582388
TRAIN_0928,0.68,0.6646799771008032,0.6649768585334034,0.49312803817036643,0.6075949579348577
TRAIN_0929,0.26,0.2984347578774751,0.295700247924688,0.29631480239910135,0.2968166027337548
TRAIN_0930,0.76,0.6470518362447251,0.7354315562854787,0.7289693282636143,0.7038175735979394
TRAIN_0931,0.81,0.8025989120305841,0.8026120457979591,0.8021040452010166,0.8024383343431866
TRAIN_0932,0.94,0.9193798243955913,0.35318920790332314,0.9185746323747456,0.7303812215578867
TRAIN_0933,0.14,0.4593222966810672,0.4497976114578907,0.455544724675613,0.45488821093819026
TRAIN_0934,0.34,0.2827275510976954,0.2675111333727654,0.3467740583955661,0.29900424762200895
TRAIN_0935,0.29,0.49143175528011956,0.29383618128855643,0.2942499169520081,0.3598392845068947
TRAIN_0936,0.75,0.5210699234916544,0.5234538621901362,0.5262939926042154,0.5236059260953353
TRAIN_0937,0.7,0.5725724735934673,0.5712762574659753,0.5074280798936152,0.5504256036510192
TRAIN_0938,0.86,0.5672293138537847,0.5625925562974351,0.5682538491514499,0.5660252397675566
TRAIN_0939,0.7,0.47224067578671114,0.47260009118523205,0.47185688181784496,0.47223254959659605
TRAIN_0940,0.28,0.4365244273712153,0.2804645443139594,0.4419373828737566,0.3863087848529771
TRAIN_0941,0.06,0.44703899279132364,0.44830294731398945,0.5682838430434516,0.4878752610495882
TRAIN_0942,0.55,0.6148538395622065,0.641428787910068,0.646467706344643,0.6342501112723058
TRAIN_0943,0.76,0.7544019966315285,0.7542393789596042,0.49183502314884214,0.6668254662466583
TRAIN_0944,0.45,0.3160492015984229,0.29381157695976523,0.31349838030330063,0.307786386287163
TRAIN_0945,0.19,0.49069606435861,0.19645951843751502,0.19654428373549576,0.29456662217720697
TRAIN_0946,0.16,0.16147664552743907,0.16178949826210204,0.16177030966021777,0.1616788178165863
TRAIN_0947,0.49,0.5252865826209554,0.5027913017909487,0.4976323116578909,0.5085700653565983
TRAIN_0948,0.98,0.4921575695056611,0.49514014982621624,0.4894507978279528,0.49224950571994336
TRAIN_0949,0.01,0.011126799804564602,0.5177221304367131,0.010514213129563188,0.179787714456947
TRAIN_0950,0.7,0.453694170885254,0.45758704562905783,0.5006866709142798,0.47065596247619723
TRAIN_0951,0.47,0.498325363809893,0.49674648596341103,0.46548736560818904,0.486853071793831
TRAIN_0952,0.27,0.4925023343449511,0.4862536554250243,0.49342504070030985,0.49072701015676173
TRAIN_0953,0.42,0.4191683140873826,0.4265101679057824,0.49784595393230474,0.4478414786418232
TRAIN_0954,0.26,0.2617951537753507,0.26183231171916355,0.26173412077688035,0.2617871954237982
TRAIN_0955,0.72,0.4800460745774111,0.4899521547619332,0.4887423733031671,0.4862468675475038
TRAIN_0956,0.69,0.4639982042211777,0.42893643963177996,0.42518149404811145,0.439372045967023
TRAIN_0957,0.94,0.8943038944705914,0.8928469949311131,0.8955385750359055,0.8942298214792034
TRAIN_0958,0.44,0.44840632719625756,0.4390129190839074,0.44891209926154246,0.4454437818472358
TRAIN_0959,0.23,0.2748854025656483,0.2656739040275363,0.5155541295441362,0.3520378120457736
TRAIN_0960,0.64,0.5353833167302742,0.5743957701538805,0.5353788256704671,0.5483859708515406
TRAIN_0961,0.12,0.6538065714774967,0.6294709723206466,0.1868628944379329,0.4900468127453588
TRAIN_0962,0.82,0.8198257542330368,0.48379288618633726,0.8200252543213644,0.7078812982469129
TRAIN_0963,0.93,0.46871423177569443,0.473274165045059,0.4677568554727767,0.4699150840978434
TRAIN_0964,0.05,0.4901942877949331,0.4814917738305496,0.4892738098320069,0.4869866238191632
TRAIN_0965,0.39,0.39774605030659405,0.3973702904441011,0.39796314594868154,0.3976931622331256
TRAIN_0966,0.17,0.6597005759186978,0.22055494592865527,0.21387900751051986,0.3647115097859577
TRAIN_0967,0.06,0.5038451013042291,0.4843222131034288,0.5036815545008515,0.4972829563028365
TRAIN_0968,0.35,0.48834901073262243,0.4925703935567768,0.4868239918613974,0.4892477987169322
TRAIN_0969,0.88,0.4852704256132763,0.8487834845566585,0.4818999004291342,0.6053179368663564
TRAIN_0970,0.05,0.49194058092461085,0.49564688182963906,0.4916201844830873,0.49306921574577905
TRAIN_0971,0.77,0.49024624878636625,0.4850866216649094,0.49146866451613413,0.48893384498913656
TRAIN_0972,0.03,0.42744123386557153,0.44347099105121557,0.5799401208995515,0.48361744860544614
TRAIN_0973,0.64,0.5078192172226701,0.4904982437180959,0.5010010090778598,0.499772823339542
TRAIN_0974,0.48,0.45729842992570513,0.4871717186601919,0.48482114400528215,0.4764304308637264
TRAIN_0975,0.04,0.4670069074184437,0.47032273573644406,0.4670445362895544,0.46812472648148074
TRAIN_0976,0.69,0.5189426920599184,0.5085831910269363,0.505576150644673,0.5110340112438425
TRAIN_0977,0.96,0.6391112750164781,0.6467081783659117,0.6207408593388862,0.6355201042404254
TRAIN_0978,0.88,0.5174718589056101,0.4999281550982235,0.517569002566813,0.5116563388568821
TRAIN_0979,0.17,0.41660425893868797,0.4094725300127745,0.41291627840495776,0.41299768911880674
TRAIN_0980,0.15,0.15063475716714797,0.15098447843671792,0.15053935499526766,0.15071953019971118
TRAIN_0981,0.82,0.5823265929238708,0.6135401968473984,0.5802091682749543,0.5920253193487411
TRAIN_0982,0.04,0.4784331741678686,0.48105017271869877,0.4878283226381966,0.48243722317492127
TRAIN_0983,0.17,0.17009147738134378,0.16989023244403284,0.1703285525677819,0.17010342079771953
TRAIN_0984,0.02,0.512947620081136,0.5150496235082004,0.5121615741121985,0.5133862725671783
TRAIN_0985,0.67,0.48986270311883107,0.4938104212858512,0.4896058277675206,0.491092984057401
TRAIN_0986,0.98,0.8492823277788295,0.8443096608110794,0.8444767539244735,0.8460229141714608
TRAIN_0987,0.52,0.5196706046004737,0.5200991849130403,0.5194710908162943,0.519746960109936
TRAIN_0988,0.48,0.48005191086218413,0.6154435265509113,0.4829329570222982,0.5261427981451312
TRAIN_0989,0.87,0.4891096364290363,0.4804585055129154,0.4902988928719725,0.48662234493797474
TRAIN_0990,0.86,0.8596405576621429,0.8598255820206224,0.859882877534497,0.8597830057390875
TRAIN_0991,0.4,0.49333477308307605,0.4985937551537826,0.49581329476023256,0.49591394099903036
TRAIN_0992,0.12,0.4740715023347608,0.49485852149897125,0.4986635084301561,0.48919784408796274
TRAIN_0993,0.13,0.13119503463946192,0.1307411464201949,0.13095029701087074,0.13096215935684252
TRAIN_0994,0.23,0.49581512352641927,0.49942072934018733,0.4961128387806498,0.49711623054908544
TRAIN_0995,0.45,0.44481335627742696,0.4455197682445565,0.4451225524200211,0.4451518923140015
TRAIN_0996,0.47,0.4701680719197085,0.4698914572603888,0.46665784874355876,0.4689057926412186
TRAIN_0997,0.52,0.5200742720530626,0.5198450061258819,0.5198073146980435,0.5199088642923294
TRAIN_0998,0.54,0.5222752346252423,0.48182302313895353,0.523766616172942,0.5092882913123792
TRAIN_0999,0.23,0.2551855460643937,0.257249800496679,0.2565487618632696,0.25632803614144745
TRAIN_1000,0.61,0.4959256217703768,0.4936349440041282,0.49435499959105467,0.4946385217885199
TRAIN_1001,0.09,0.4283240147097923,0.4316014922068056,0.430762659619681,0.4302293888454263
TRAIN_1002,0.94,0.5059611684645117,0.49806119977095303,0.5032330813272556,0.5024184831875734
TRAIN_1003,0.6,0.3732558933148223,0.41050317542793907,0.40532993621008806,0.3963630016509498
TRAIN_1004,0.5,0.496863554825749,0.5013494212543499,0.4981043707630342,0.498772448947711
TRAIN_1005,0.13,0.1289942607341888,0.129227558990698,0.1290667011277457,0.12909617361754416
TRAIN_1006,0.71,0.6417399919852039,0.6721731639429243,0.665439882639014,0.6597843461890474
TRAIN_1007,0.4,0.3829151379293087,0.3712003791365154,0.383116809009203,0.379077442025009
TRAIN_1008,0.57,0.6183350804076231,0.6109538478962779,0.6011171305637542,0.6101353529558851
TRAIN_1009,0.04,0.04292829697605949,0.04274849332605557,0.04279589055594768,0.04282422695268758
TRAIN_1010,0.79,0.7403744129718134,0.7393340228719225,0.7413932179167525,0.7403672179201628
TRAIN_1011,0.64,0.6008709766701503,0.6003192015108361,0.6001008261266371,0.6004303347692078
TRAIN_1012,0.53,0.529910030700129,0.5295391092018019,0.5299858954069062,0.5298116784362791
TRAIN_1013,0.34,0.4737253685345621,0.5149352184365281,0.5013258594332056,0.49666214880143195
TRAIN_1014,0.04,0.4923006885757215,0.4875030628348656,0.49452461622208344,0.49144278921089013
TRAIN_1015,0.28,0.49643403992284446,0.5003897788866206,0.4963536835715918,0.497725834127019
TRAIN_1016,0.45,0.4549138703361596,0.45464543934701823,0.4549513066498329,0.4548368721110036
TRAIN_1017,0.24,0.5234581273699588,0.5240267293936096,0.5182503711898422,0.5219117426511368
TRAIN_1018,0.45,0.4502151430622568,0.4502822587118639,0.4983632626823115,0.4662868881521441
TRAIN_1019,0.06,0.5365412216903546,0.5373006123596344,0.5368645962872307,0.5369021434457398
TRAIN_1020,0.36,0.38134923403027854,0.38671979521274336,0.3866263756900926,0.38489846831103813
TRAIN_1021,0.51,0.49058379158346027,0.494605466137075,0.4925586011398757,0.492582619620137
TRAIN_1022,0.71,0.7091218904400782,0.7098139865424846,0.36136795364167457,0.5934346102080791
TRAIN_1023,0.41,0.41521256991703226,0.41462491151741326,0.4151704310399058,0.41500263749145044
TRAIN_1024,0.32,0.3200115836520101,0.3200408994038507,0.5168453635179423,0.38563261552460104
TRAIN_1025,0.79,0.4909890983780478,0.49627460849083377,0.4959257854122344,0.4943964974270387
TRAIN_1026,0.27,0.2870296189633678,0.28755428201237737,0.5086973386281645,0.3610937465346365
TRAIN_1027,0.72,0.49422674933911964,0.5450731104114214,0.5503356114538647,0.5298784904014685
TRAIN_1028,0.14,0.4621057637177558,0.1629119601161213,0.1680451212265352,0.2643542816868041
TRAIN_1029,0.04,0.6049897953818791,0.04183487024721155,0.0410482135188982,0.2292909597159963
TRAIN_1030,0.92,0.425387127224019,0.47305938009705356,0.4237073319661048,0.44071794642905915
TRAIN_1031,0.51,0.2531665034000523,0.5212426555223044,0.27363815662373864,0.3493491051820318
TRAIN_1032,0.25,0.49272968624861346,0.49087605724932754,0.4909627889212105,0.4915228441397172
TRAIN_1033,0.45,0.4569053872260419,0.4618172507510293,0.45903019781333876,0.45925094526346993
TRAIN_1034,0.04,0.4857461010593811,0.489502060222901,0.4845491139769637,0.48659909175308197
TRAIN_1035,0.28,0.2911436486451925,0.2897418843083387,0.29095096990013636,0.29061216761788916
TRAIN_1036,0.54,0.4944870047385661,0.4962471460821337,0.4927678533541555,0.4945006680582851
TRAIN_1037,0.32,0.4834440190763991,0.4863850036589984,0.4818407366399803,0.4838899197917926
TRAIN_1038,0.8,0.7994153235184689,0.7997128041802328,0.7998463101536868,0.7996581459507962
TRAIN_1039,0.45,0.44419807551813445,0.4425546932691518,0.44096607224517714,0.4425729470108211
TRAIN_1040,0.16,0.5062489431248138,0.23571869004173096,0.5132810519020341,0.41841622835619297
TRAIN_1041,0.17,0.4987254737459903,0.495430443489956,0.4991901811053109,0.49778203278041905
TRAIN_1042,0.97,0.5875989970476506,0.9053233329598274,0.9041309595472641,0.799017763184914
TRAIN_1043,0.86,0.44313376899295387,0.4413894225860002,0.46986808437040145,0.45146375864978516
TRAIN_1044,0.63,0.6295971153588801,0.6297426039434705,0.629546770529334,0.6296288299438949
TRAIN_1045,1.0,0.9857356285576286,0.44881427518299805,0.9855871030035601,0.8067123355813957
TRAIN_1046,0.07,0.5073716052349055,0.5098895147661049,0.4981285257654964,0.5051298819221689
TRAIN_1047,0.22,0.22037032649148092,0.22040933856745965,0.49116601366514384,0.3106485595746948
TRAIN_1048,0.45,0.2906909277655861,0.3150613156249543,0.27429574131448964,0.29334932823501003
TRAIN_1049,0.68,0.6801319597744888,0.6802295647790176,0.4691055181467788,0.6098223475667618
TRAIN_1050,0.35,0.5193082072216202,0.52129177580591,0.5234417982615499,0.5213472604296934
TRAIN_1051,0.83,0.4924025490072094,0.5102343895770717,0.4914618512171391,0.4980329299338067
TRAIN_1052,0.19,0.21259922048555224,0.2127926191124701,0.21296312658373456,0.2127849887272523
TRAIN_1053,0.72,0.47881947497025734,0.4913698403259757,0.47788377407583155,0.4826910297906882
TRAIN_1054,0.65,0.649992581047931,0.6498392609519624,0.6498342765185867,0.6498887061728268
TRAIN_1055,0.74,0.7349161516165743,0.7346161123364858,0.7348544230515907,0.7347955623348836
TRAIN_1056,0.4,0.4019604482254587,0.40171494805344266,0.40179122357116376,0.4018222066166884
TRAIN_1057,0.6,0.48922399604572686,0.48221562899776355,0.4899924640997547,0.487144029714415
TRAIN_1058,0.3,0.48396521260499253,0.4781700667904893,0.4775377179211507,0.47989099910554417
TRAIN_1059,0.1,0.4833764722753575,0.5025064331992548,0.4977794240145889,0.49455410982973375
TRAIN_1060,0.95,0.49883550973634494,0.487022832819169,0.4940611617945913,0.4933065014500351
TRAIN_1061,0.4,0.49714280588788684,0.49751275361829067,0.4934558063427658,0.4960371219496478
TRAIN_1062,0.5,0.4994436994656262,0.5000614302070666,0.49994702798816093,0.4998173858869513
TRAIN_1063,0.41,0.4094616132106711,0.48192893899919226,0.4095886310448383,0.4336597277515672
TRAIN_1064,0.77,0.4474040803648251,0.44339155429601973,0.4468775969977537,0.4458910772195328
TRAIN_1065,0.31,0.4982499989642173,0.487532410788038,0.3245413090943968,0.43677457294888405
TRAIN_1066,0.68,0.4913968075831794,0.4783488564514125,0.48172626693159165,0.4838239769887278
TRAIN_1067,0.64,0.496498563650529,0.4154837639246548,0.41321204172564535,0.4417314564336097
TRAIN_1068,0.42,0.49514860042668923,0.49707748485717557,0.4918927292688261,0.49470627151756363
TRAIN_1069,0.62,0.46481719827863305,0.40558428138520763,0.4024909554460915,0.4242974783699774
TRAIN_1070,0.4,0.4005348024465313,0.4002395138253999,0.400644129080236,0.4004728151173891
TRAIN_1071,0.71,0.7098685673286463,0.7101208220988737,0.7100873163113193,0.7100255685796132
TRAIN_1072,0.26,0.26023418601917836,0.2601855268480894,0.2596252372160558,0.26001498336110784
TRAIN_1073,0.24,0.7770064418912764,0.7462484099244971,0.7899916102228683,0.7710821540128806
TRAIN_1074,0.05,0.06325165768740976,0.06355037462686214,0.06287921179379663,0.06322708136935618
TRAIN_1075,0.18,0.24753136717368318,0.15712759269244908,0.1671541914689072,0.19060438377834651
TRAIN_1076,0.83,0.4935089469825807,0.49837126975595614,0.4937271315769941,0.49520244943851033
TRAIN_1077,0.56,0.5541907306879308,0.49368723685813226,0.5539237480326609,0.533933905192908
TRAIN_1078,0.39,0.39443674953510205,0.39293658574952883,0.39078194485702145,0.39271842671388413
TRAIN_1079,0.63,0.4012831107443384,0.33289846402499995,0.35386139545566003,0.36268099007499943
TRAIN_1080,0.41,0.42616904424563756,0.4264144368692458,0.4263868586869675,0.42632344660061694
TRAIN_1081,0.81,0.48014229314663853,0.4891378806070571,0.4916092277438351,0.4869631338325102
TRAIN_1082,0.84,0.8380385844529771,0.8381075387228314,0.8379157578624554,0.8380206270127545
TRAIN_1083,0.1,0.4937109162166358,0.4976216173263182,0.49216784034763544,0.4945001246301965
TRAIN_1084,0.51,0.501925871554119,0.5077121642950404,0.48608874821959686,0.4985755946895854
TRAIN_1085,0.47,0.46791596099830507,0.4591704762377643,0.4659054862520591,0.4643306411627095
TRAIN_1086,0.54,0.49114032493450976,0.5004146346044775,0.49682769748346667,0.49612755234081796
TRAIN_1087,0.59,0.4929968450022239,0.4957758398100526,0.4913654855003788,0.49337939010421844
TRAIN_1088,0.26,0.2634671463090886,0.48804916434335216,0.26418013986201616,0.338565483504819
TRAIN_1089,0.67,0.48969063513026495,0.49459797433358926,0.4982130212655403,0.49416721024313154
TRAIN_1090,0.27,0.5587025921061751,0.5546867116659215,0.5569956981503227,0.5567950006408063
TRAIN_1091,0.55,0.49347488638545084,0.49466973373302314,0.48980677500001985,0.492650465039498
TRAIN_1092,0.15,0.48288072375098073,0.4014381984982964,0.39885146777550806,0.427723463341595
TRAIN_1093,0.79,0.49358229545198345,0.49128142168918953,0.4907907807145903,0.4918848326185878
TRAIN_1094,0.73,0.6889510721251882,0.48570799063125863,0.688839789780927,0.6211662841791247
TRAIN_1095,0.03,0.5111890354474732,0.5022292096557582,0.46178432436273786,0.4917341898219898
TRAIN_1096,0.7,0.49208407360010686,0.4906281210054951,0.48987343762558505,0.49086187741039566
TRAIN_1097,0.86,0.8590403029963474,0.859098498174916,0.8587972396630519,0.8589786802781051
TRAIN_1098,0.04,0.44232540636492573,0.44032229161130726,0.44281940424840877,0.44182236740821396
TRAIN_1099,0.87,0.49374797209051324,0.49147761653099253,0.49013637157040607,0.49178732006397063
TRAIN_1100,0.41,0.4122808908946588,0.41217444936016473,0.4124263208714231,0.41229388704208225
TRAIN_1101,0.47,0.4964674571908377,0.4957330579792279,0.49596223340649737,0.49605424952552096
TRAIN_1102,0.95,0.8633569960157284,0.8635068036375522,0.5688510985261214,0.7652382993931339
TRAIN_1103,0.56,0.32845596666654187,0.4829778610046147,0.5635929684071668,0.4583422653594411
TRAIN_1104,0.65,0.46818001168918055,0.4703304215743444,0.46820586790764807,0.4689054337237244
TRAIN_1105,0.75,0.4924252264777613,0.750676720416294,0.7501248789159707,0.6644089419366753
TRAIN_1106,0.68,0.6803812025786555,0.680508664907964,0.5025547292013496,0.6211481988959897
TRAIN_1107,0.67,0.4614456727252257,0.7646320846916883,0.7585197208427661,0.6615324927532267
TRAIN_1108,0.64,0.5018023857550075,0.49775407442832337,0.492870763347263,0.4974757411768646
TRAIN_1109,0.65,0.6504402283014555,0.6504264125279968,0.6500217014094691,0.6502961140796405
TRAIN_1110,0.39,0.3974658678150146,0.3981595996565789,0.39782937476992797,0.3978182807471738
TRAIN_1111,0.98,0.9199186110021816,0.9388505081919252,0.9278192276272615,0.9288627822737894
TRAIN_1112,0.03,0.038564301445111915,0.03820732057333709,0.45631655825949785,0.17769606009264893
TRAIN_1113,0.1,0.48168822936667977,0.48422501641630766,0.49778933456801777,0.4879008601170017
TRAIN_1114,0.55,0.49178119768453366,0.4933465102601381,0.48871114818074385,0.49127961870847187
TRAIN_1115,0.38,0.4907599603193354,0.4993237980195774,0.49316536500072244,0.49441637444654507
TRAIN_1116,0.54,0.2925797494168734,0.29916987492147246,0.1820415048192336,0.2579303763858598
TRAIN_1117,0.16,0.16189260871580957,0.1615084446226968,0.16201674334115057,0.16180593222655232
TRAIN_1118,0.97,0.4829468626089621,0.4826879275120284,0.485170303582451,0.4836016979011472
TRAIN_1119,0.15,0.15761227638562542,0.15800509345917174,0.15775346960042896,0.15779027981507537
TRAIN_1120,0.13,0.4933641134123701,0.19556443289846626,0.1928621781891417,0.2939302414999927
TRAIN_1121,0.61,0.4679086278541973,0.46164915455892463,0.47706724762715197,0.46887501001342463
TRAIN_1122,0.9,0.7088733330221758,0.386362483240562,0.5297032472651108,0.5416463545092829
TRAIN_1123,0.88,0.49196666677749107,0.49289384262448016,0.49220167565238987,0.492354061684787
TRAIN_1124,0.38,0.38227050764457693,0.4916166692045158,0.38203383709438954,0.41864033798116074
TRAIN_1125,0.68,0.4945559601267169,0.4778279683895201,0.4891998935168489,0.487194607344362
TRAIN_1126,0.0,0.1556166272558958,0.6025539160076936,0.14465545103989902,0.3009419981011628
TRAIN_1127,0.03,0.08197681564481785,0.28641339500412966,0.07980438726481337,0.14939819930458695
TRAIN_1128,0.3,0.45099647358585826,0.4576228770313085,0.4538700265421942,0.45416312571978695
TRAIN_1129,0.68,0.6691859261043742,0.5336460919882264,0.572361380446309,0.5917311328463032
TRAIN_1130,0.31,0.5713166252193892,0.5736092580152758,0.5703688420120634,0.5717649084155761
TRAIN_1131,0.62,0.4971849923271045,0.6200823586244053,0.6202640314984169,0.579177127483309
TRAIN_1132,0.65,0.49313133200203474,0.4848782907716445,0.4888960645648646,0.48896856244618125
TRAIN_1133,0.83,0.5466496228230796,0.5210790706320926,0.4335023392994696,0.5004103442515473
TRAIN_1134,0.05,0.5192706956613307,0.4494242731262703,0.5013582271244181,0.49001773197067305
TRAIN_1135,0.83,0.7759379666746972,0.7759035758017492,0.4812008285089602,0.677680790328469
TRAIN_1136,0.59,0.6045406318934409,0.6020184476881297,0.6052480142212392,0.6039356979342699
TRAIN_1137,0.5,0.490824564831268,0.4945009053994104,0.4894900271921669,0.4916051658076151
TRAIN_1138,0.42,0.4836859729811594,0.47680808197227237,0.48245795126780355,0.4809840020737451
TRAIN_1139,0.41,0.4100168530166953,0.4101998162009092,0.40999192987296135,0.4100695330301886
TRAIN_1140,0.67,0.36386797529838766,0.3643147340659417,0.4757568066580167,0.4013131720074487
TRAIN_1141,0.71,0.47967365024117803,0.7095443432983024,0.7098829954685473,0.6330336630026759
TRAIN_1142,0.87,0.48917930468456006,0.8620044999228385,0.8620836755698056,0.7377558267257346
TRAIN_1143,0.21,0.21063929237491136,0.21026805605321075,0.21010667838711045,0.21033800893841084
TRAIN_1144,0.19,0.523303051270193,0.5190223844006916,0.524170607758411,0.5221653478097652
TRAIN_1145,0.94,0.5661737704874726,0.5659199773416984,0.568076651342317,0.566723466390496
TRAIN_1146,0.66,0.4930844164734539,0.494176949989136,0.489552025311487,0.492271130591359
TRAIN_1147,0.72,0.48425155469755077,0.4727877760941267,0.4822758775415306,0.4797717361110694
TRAIN_1148,0.02,0.10132142985689252,0.09781139524500204,0.09698848982167169,0.09870710497452208
TRAIN_1149,0.48,0.4802844633162284,0.47907554322365975,0.48023290650128025,0.4798643043470561
TRAIN_1150,1.0,1.0,0.49603984433472187,1.0,0.8320132814449073
TRAIN_1151,0.27,0.693008143020315,0.6925612185204258,0.7174311436533174,0.7010001683980193
TRAIN_1152,0.73,0.7316471006436762,0.7313904924846677,0.7314010454273827,0.7314795461852421
TRAIN_1153,0.91,0.9125424815275134,0.9132930102923036,0.9125398141949888,0.9127917686716019
TRAIN_1154,0.4,0.40077182060829813,0.4003109340465776,0.4004319115757731,0.4005048887435496
TRAIN_1155,0.56,0.5039092773882146,0.5037868885916407,0.5003837731391471,0.5026933130396675
TRAIN_1156,0.32,0.4128728742398794,0.4092035084175979,0.4059042981547146,0.409326893604064
TRAIN_1157,0.55,0.6621335337522793,0.6640037780428707,0.6900598756546389,0.6720657291499297
TRAIN_1158,0.01,0.02135448918619348,0.02129086421690296,0.02075568378842002,0.021133679063838822
TRAIN_1159,0.71,0.7060700685472957,0.7056969603105838,0.7056447301418463,0.7058039196665753
TRAIN_1160,0.01,0.012839456472322874,0.5565006280080976,0.009733709311638084,0.1930245979306862
TRAIN_1161,0.67,0.5563224384177274,0.564048696777244,0.558130261443237,0.5595004655460695
TRAIN_1162,0.84,0.8401623730531168,0.8401489991214613,0.8402234451269659,0.8401782724338481
TRAIN_1163,0.04,0.48843915767609275,0.07443299184882674,0.07431710312677259,0.21239641755056402
TRAIN_1164,0.1,0.5466050121514687,0.10213608085230147,0.10336651470234948,0.2507025359020399
TRAIN_1165,0.11,0.5583429538908395,0.5568153728902082,0.5232114475813014,0.546123258120783
TRAIN_1166,0.55,0.42809191122787504,0.38938868708268454,0.3930486453856099,0.4035097478987231
TRAIN_1167,0.53,0.4927812784844803,0.49193627254076144,0.5300138128006767,0.5049104546086395
TRAIN_1168,0.22,0.5711446538642545,0.2723320543064464,0.27101937287023253,0.37149869368031113
TRAIN_1169,0.13,0.44298651831722635,0.44634207990460273,0.44751547016643034,0.4456146894627531
TRAIN_1170,0.69,0.38858588673125627,0.3758971669559186,0.3855205170283534,0.3833345235718428
TRAIN_1171,0.88,0.547947577378282,0.5753984568629403,0.5465555350942667,0.556633856445163
TRAIN_1172,0.93,0.48834329180326624,0.4830950650038157,0.4909280650145729,0.4874554739405516
TRAIN_1173,0.79,0.5144109793620447,0.506806590734708,0.5117354102831623,0.510984326793305
TRAIN_1174,0.4,0.3996036249948606,0.4005385783931022,0.3999460499209574,0.40002941776964
TRAIN_1175,0.93,0.4871873017733009,0.4893318437809967,0.4847629193704472,0.4870940216415816
TRAIN_1176,0.74,0.7400857556324563,0.7403402650309083,0.7401309121207577,0.740185644261374
TRAIN_1177,0.07,0.48985783951927564,0.4902386217072547,0.48950277791781655,0.4898664130481156
TRAIN_1178,0.23,0.5722072821546796,0.5024684401735275,0.5704660389538564,0.5483805870940212
TRAIN_1179,0.62,0.572679213507368,0.5839194801397868,0.4884733038087828,0.5483573324853125
TRAIN_1180,0.91,0.44703573132351165,0.4827367345425207,0.45643481087466153,0.46206909224689796
TRAIN_1181,0.55,0.4972606499092628,0.49725712756749174,0.49268320142493777,0.4957336596338974
TRAIN_1182,0.48,0.5634883325020836,0.5643495026153391,0.5615399501743179,0.5631259284305802
TRAIN_1183,0.86,0.5205210148597486,0.515303194138498,0.5214651274545019,0.5190964454842495
TRAIN_1184,0.48,0.48038670993136445,0.4801279266765113,0.4795113936497395,0.4800086767525384
TRAIN_1185,0.41,0.49327586881582336,0.4857557082356346,0.4862401580056403,0.48842391168569943
TRAIN_1186,0.14,0.05281850673727495,0.09718862601172457,0.11331835184157518,0.08777516153019156
TRAIN_1187,0.55,0.5501091423069963,0.5501704099225828,0.4892785629274562,0.529852705052345
TRAIN_1188,0.06,0.0929900957707433,0.09378145483533556,0.09328623362689026,0.09335259474432304
TRAIN_1189,0.0,0.43366060043947263,0.43475598153270034,0.4326462763987232,0.4336876194569654
TRAIN_1190,0.7,0.4958989959866359,0.4881447385292926,0.4973422869361291,0.4937953404840192
TRAIN_1191,0.29,0.492524294247171,0.4901780516963003,0.49694201605940513,0.4932147873342922
TRAIN_1192,0.87,0.7265822333170368,0.4882261576725684,0.7278589154104054,0.6475557688000035
TRAIN_1193,0.75,0.7080726708930246,0.7071160934706825,0.49281487243890415,0.636001212267537
TRAIN_1194,0.12,0.12676028115014348,0.12737179053205683,0.4976803486091991,0.2506041400971331
TRAIN_1195,0.53,0.529440899539219,0.5269661365785394,0.5298240013287518,0.5287436791488368
TRAIN_1196,0.69,0.49382383742465685,0.49370310830459607,0.49161360000545296,0.49304684857823533
TRAIN_1197,0.01,0.46919428065906804,0.4628591553123234,0.4508350722411621,0.46096283607085115
TRAIN_1198,0.6,0.4890209490886486,0.48455762315356804,0.48978867531245046,0.48778908251822234
TRAIN_1199,0.4,0.6052324414946323,0.5708287595283985,0.5949768349116124,0.5903460119782143
TRAIN_1200,0.59,0.5732865074649864,0.5545941288984512,0.5223026432338462,0.5500610931990947
TRAIN_1201,0.16,0.48644536319563114,0.4948374771691336,0.4911238665070507,0.4908022356239385
TRAIN_1202,0.73,0.7297588261207408,0.44622886322869193,0.7300538619654947,0.6353471837716426
TRAIN_1203,0.97,0.6711769480168782,0.6657955067847305,0.6674655341793031,0.6681459963269706
TRAIN_1204,0.01,0.00995314325774882,0.009668319910330347,0.01014384116314937,0.009921768110409512
TRAIN_1205,0.88,0.8696491968066941,0.8706860362759442,0.870921219698024,0.8704188175935541
TRAIN_1206,0.72,0.6479033768674602,0.6471916959504713,0.6474723613151377,0.6475224780443565
TRAIN_1207,0.5,0.49768169361888775,0.49483532318642764,0.49465446655740325,0.4957238277875729
TRAIN_1208,0.11,0.47972206275008467,0.48096350303664726,0.4771301983280672,0.4792719213715997
TRAIN_1209,0.07,0.4881720431456999,0.49364003457533834,0.48542124598175157,0.48907777456759655
TRAIN_1210,0.08,0.2120204173127525,0.2129049527359459,0.20030947924000753,0.20841161642956862
TRAIN_1211,0.31,0.49488981762458634,0.4876491019082554,0.4977044843069702,0.493414467946604
TRAIN_1212,0.33,0.33018649939421435,0.3299144356700144,0.3305187840753624,0.3302065730465304
TRAIN_1213,0.67,0.5444920511489574,0.5429096259765145,0.540125117310834,0.5425089314787687
TRAIN_1214,0.06,0.49653685467441805,0.4849267912487129,0.49596029877459646,0.49247464823257586
TRAIN_1215,0.65,0.6664567594366106,0.6653504201154077,0.6657686913384502,0.6658586236301561
TRAIN_1216,0.39,0.390081257314503,0.3901213904018699,0.3900852144279406,0.39009595404810443
TRAIN_1217,0.81,0.4868093051658792,0.48978895383645094,0.48588158477774784,0.48749328126002595
TRAIN_1218,0.4,0.6256993837110587,0.399718116042133,0.6205595212822845,0.5486590070118255
TRAIN_1219,0.55,0.5370524986495856,0.5423221866806849,0.5391223091168396,0.5394989981490367
TRAIN_1220,0.59,0.4268820030162303,0.5847895429613139,0.5857062946506766,0.5324592802094069
TRAIN_1221,0.17,0.39444116809749985,0.18409745813625944,0.16795449978731103,0.24883104200702344
TRAIN_1222,0.68,0.4954785492976586,0.5005953059534601,0.4957395070696846,0.49727112077360114
TRAIN_1223,0.29,0.2930450828927752,0.49593613336644576,0.491678936290204,0.42688671751647495
TRAIN_1224,0.48,0.48670774580328985,0.589013581224865,0.48880848277545236,0.5215099366012025
TRAIN_1225,0.55,0.48270263694921034,0.4863862056736545,0.4809865778389708,0.4833584734872785
TRAIN_1226,0.47,0.5013287400305372,0.49884954986367175,0.5087997120777085,0.5029926673239724
TRAIN_1227,0.44,0.4896383214161404,0.4847714056024256,0.48839108142739274,0.48760026948198626
TRAIN_1228,0.95,0.49276473422696804,0.5016946069213901,0.49753237656042937,0.49733057256959584
TRAIN_1229,0.32,0.48883038027769593,0.49039647809647213,0.4892287484409649,0.48948520227171105
TRAIN_1230,0.9,0.48479393361222045,0.48004783521101385,0.483759515540705,0.4828670947879798
TRAIN_1231,0.68,0.5924258646971496,0.5365029745597066,0.53375456948964,0.5542278029154987
TRAIN_1232,0.47,0.4688729782147631,0.47283975639804593,0.47272886808832326,0.4714805342337107
TRAIN_1233,0.68,0.6821113015390652,0.5403316589519326,0.5789207140145118,0.6004545581685032
TRAIN_1234,0.75,0.4976737058141073,0.4874513887148585,0.487991851638585,0.4910389820558503
TRAIN_1235,0.23,0.4880448993892209,0.4943820771777463,0.4862094890105079,0.489545488525825
TRAIN_1236,0.33,0.3299958851234617,0.32986833133299703,0.32996384313463556,0.3299426865303648
TRAIN_1237,0.75,0.49256459491775456,0.49071970816440874,0.4912642069442088,0.4915161700087907
TRAIN_1238,0.18,0.2412192647997,0.23326293180848473,0.2288581271674499,0.2344467745918782
TRAIN_1239,0.18,0.20660710897738122,0.20550493047443846,0.20730725244528642,0.20647309729903537
TRAIN_1240,0.05,0.48437187169098905,0.4817249283855622,0.48537352343186596,0.4838234411694724
TRAIN_1241,0.41,0.41686334181062645,0.4171652550226084,0.4174026763873305,0.4171437577401884
TRAIN_1242,0.04,0.49380606113720704,0.4962320653383145,0.49101087725170295,0.4936830012424082
TRAIN_1243,0.86,0.8601552502853526,0.8602423371657195,0.860215918258361,0.8602045019031443
TRAIN_1244,0.76,0.5008170197850703,0.5013274515840341,0.4977541020749961,0.49996619114803353
TRAIN_1245,0.21,0.21542349469005467,0.21715087931964128,0.2157036707710409,0.21609268159357894
TRAIN_1246,0.19,0.48917075552585004,0.22271593450030674,0.22338019974463352,0.3117556299235968
TRAIN_1247,0.49,0.49014703011774663,0.4901848067263187,0.4901803746898759,0.49017073717798043
TRAIN_1248,0.52,0.5165142406761508,0.5294358359991204,0.4856553023968626,0.510535126357378
TRAIN_1249,0.94,0.27334336743162246,0.9388451221168361,0.47117612197093955,0.5611215371731327
TRAIN_1250,0.09,0.27580583687158733,0.28177159146075526,0.3248724551738863,0.294149961168743
TRAIN_1251,0.03,0.4978783694209606,0.5082960588752953,0.503911695545266,0.5033620412805073
TRAIN_1252,0.74,0.7392471436238035,0.7395957075806373,0.7390377918271134,0.7392935476771848
TRAIN_1253,0.79,0.7676683372523136,0.767335952128408,0.766815623398371,0.7672733042596974
TRAIN_1254,0.77,0.7699958279408244,0.7697514543502335,0.7693828000385475,0.7697100274432018
TRAIN_1255,0.81,0.46366391087822406,0.5002948885579115,0.49146284282336267,0.48514054741983276
TRAIN_1256,0.04,0.07581002312452789,0.5339952048089528,0.07473137968770388,0.2281788692070615
TRAIN_1257,0.3,0.30226646452296935,0.2914476660498452,0.32410537986824195,0.3059398368136855
TRAIN_1258,0.5,0.5000129650154873,0.500016452357456,0.4995430653492805,0.4998574942407413
TRAIN_1259,0.72,0.7104336648156896,0.7053601490983228,0.7122835886155141,0.7093591341765088
TRAIN_1260,0.79,0.47265799646197154,0.4806282359584728,0.5036393585311721,0.48564186365053885
TRAIN_1261,0.48,0.4185702048345985,0.44157473046996737,0.4242382195180875,0.4281277182742178
TRAIN_1262,0.39,0.46737783453402626,0.390199661642096,0.3892720447576313,0.41561651364458446
TRAIN_1263,0.73,0.728056078870445,0.7278791523868544,0.7274666744645811,0.7278006352406269
TRAIN_1264,0.81,0.5036131504254029,0.5045834577683338,0.5042374210083116,0.5041446764006827
TRAIN_1265,0.15,0.5182939626584133,0.5217040796171265,0.5156892181223094,0.5185624201326163
TRAIN_1266,0.1,0.0987019008518013,0.09783335625393036,0.09855639193733878,0.09836388301435682
TRAIN_1267,0.29,0.34443008808678827,0.7434528370176742,0.7280631854028209,0.6053153701690944
TRAIN_1268,0.16,0.4883559535665859,0.4828161636148715,0.490319267472276,0.4871637948845778
TRAIN_1269,0.47,0.4695721385396306,0.4700852601322471,0.4697220601929438,0.46979315295494056
TRAIN_1270,0.69,0.520722856116529,0.6695597598893268,0.6744533731876254,0.6215786630644938
TRAIN_1271,0.38,0.5165055499808099,0.3944062215557428,0.3718589778474862,0.4275902497946797
TRAIN_1272,0.98,0.4907505308775748,0.48544776472693435,0.4925700199113407,0.4895894385052833
TRAIN_1273,0.72,0.7153911168234448,0.7152506463898811,0.7155162531251233,0.7153860054461498
TRAIN_1274,0.96,0.49112277987287956,0.48865458515138505,0.4932758134126649,0.49101772614564315
TRAIN_1275,0.72,0.5280177102430091,0.5475168598381991,0.5482725260695537,0.5412690320502539
TRAIN_1276,0.65,0.4975188339987907,0.5036061077555127,0.500265256130339,0.5004633992948807
TRAIN_1277,0.87,0.34707844761454887,0.3264860824779672,0.28156476342672887,0.3183764311730816
TRAIN_1278,0.09,0.09063067311764733,0.48731258802687544,0.09034781139836912,0.22276369084763062
TRAIN_1279,0.77,0.770008757276277,0.7698260382218555,0.7698199665683221,0.7698849206888182
TRAIN_1280,0.08,0.5000353828076861,0.5069193912579942,0.5006164750227832,0.5025237496961545
TRAIN_1281,0.36,0.4299173863808477,0.39895983803558854,0.4479885827373365,0.4256219357179242
TRAIN_1282,0.01,0.01140407589134329,0.5177609073937524,0.01117888524113958,0.18011462284207838
TRAIN_1283,0.4,0.5941663880545761,0.4694968111103258,0.5786048421271082,0.54742268043067
TRAIN_1284,0.45,0.48511795260859086,0.4535321930912886,0.4529753154603231,0.46387515372006755
TRAIN_1285,0.7,0.7255043177489612,0.7266159277403093,0.7176332195862222,0.7232511550251642
TRAIN_1286,0.37,0.42988212916333446,0.4317373599902495,0.43463909739153583,0.43208619551503996
TRAIN_1287,0.93,0.4903538499503536,0.4917134129459729,0.49325190913918265,0.49177305734516974
TRAIN_1288,0.08,0.08022022716750382,0.07994852087352633,0.07986955066344315,0.08001276623482444
TRAIN_1289,0.1,0.5263302085366152,0.524947445081921,0.5224653993359698,0.524581017651502
TRAIN_1290,0.49,0.4888445934962341,0.4905346207631434,0.4990706446229211,0.4928166196274329
TRAIN_1291,0.82,0.7966076338425125,0.8118390743790225,0.36663934596824,0.6583620180632583
TRAIN_1292,0.75,0.532473815372428,0.5496682147985434,0.5481700316723016,0.5434373539477577
TRAIN_1293,0.05,0.5032189352029114,0.5247692040530284,0.5012928807861696,0.5097603400140365
TRAIN_1294,0.43,0.4270827607916708,0.42718807799624703,0.42762434855943343,0.4272983957824505
TRAIN_1295,0.86,0.4872323916445263,0.5916401019732764,0.43241836116623344,0.5037636182613454
TRAIN_1296,0.12,0.49069820860642754,0.49147927586120954,0.4907926128066973,0.4909900324247782
TRAIN_1297,0.27,0.2706942247999491,0.2708716854095852,0.4947952811705672,0.3454537304600338
TRAIN_1298,0.64,0.5128327417959958,0.5343970833746652,0.530111943746001,0.5257805896388873
TRAIN_1299,0.06,0.060571438328403726,0.06056803105599384,0.060401317929173914,0.0605135957711905
TRAIN_1300,0.28,0.29511334979637205,0.2822801238529195,0.29459933519555026,0.2906642696149473
TRAIN_1301,0.01,0.18512755750477317,0.3880325687012204,0.20499374712117396,0.2593846244423892
TRAIN_1302,0.51,0.49146156492419235,0.4857265061458354,0.4908679675358581,0.4893520128686286
TRAIN_1303,0.13,0.18009673126386333,0.17501336389571498,0.18075769952540577,0.17862259822832804
TRAIN_1304,0.37,0.5051459180720826,0.5028130681299157,0.5039548642530323,0.5039712834850102
TRAIN_1305,0.14,0.1355055772453837,0.14415021876689021,0.13986589072505706,0.13984056224577698
TRAIN_1306,0.01,0.12365220930771509,0.13167570749962648,0.13607026874875766,0.13046606185203308
TRAIN_1307,0.69,0.6890096210632719,0.6886256369376752,0.688941817628061,0.6888590252096694
TRAIN_1308,0.17,0.43619586734826166,0.4463437178735364,0.47738599658080094,0.453308527267533
TRAIN_1309,0.16,0.3311386555115149,0.47557358955188167,0.3275131436669783,0.3780751295767916
TRAIN_1310,0.26,0.2584229093833219,0.2588191740693138,0.25906781086147496,0.2587699647713702
TRAIN_1311,0.21,0.49953177297058937,0.501653805372027,0.5018066603552702,0.5009974128992956
TRAIN_1312,0.35,0.3529192875182159,0.49187002211505043,0.35335192295730333,0.3993804108635232
TRAIN_1313,0.83,0.8298748046206459,0.8298196225738693,0.8296456263455436,0.8297800178466863
TRAIN_1314,0.9,0.48830302587971247,0.49391287982569426,0.4898003200820206,0.4906720752624758
TRAIN_1315,0.4,0.3978340684121556,0.39983380520931705,0.39907990147232053,0.3989159250312644
TRAIN_1316,0.04,0.46292227738569824,0.03898855972489179,0.039102564327820444,0.18033780047947015
TRAIN_1317,0.99,0.9872149950115807,0.48755104973048907,0.49291664805595703,0.6558942309326756
TRAIN_1318,0.03,0.5564813621511864,0.5019895532077201,0.49761746733711176,0.5186961275653394
TRAIN_1319,0.92,0.6026486471613619,0.5978862273465669,0.6032260926196105,0.6012536557091798
TRAIN_1320,0.6,0.5022606896233409,0.49906697913920856,0.505258036757853,0.5021952351734674
TRAIN_1321,0.0,0.0003397916253419231,0.0004249316377111234,0.00031338741235970025,0.00035937022513758227
TRAIN_1322,0.54,0.540962571274194,0.5410598047008899,0.5412634616123491,0.5410952791958109
TRAIN_1323,0.31,0.5458011151061879,0.5318696615701333,0.5476928483034307,0.5417878749932507
TRAIN_1324,0.09,0.7808933104168307,0.6824774647178908,0.677921628031145,0.7137641343886222
TRAIN_1325,0.76,0.48610923921677424,0.4805191374286557,0.48482275510999556,0.4838170439184752
TRAIN_1326,0.71,0.45027601172908693,0.44360378832299974,0.4486712624684544,0.44751702084018036
TRAIN_1327,0.52,0.5061119533208646,0.5218468426487916,0.5214145407956585,0.5164577789217716
TRAIN_1328,0.92,0.48945401106551606,0.4915066500849374,0.49134392244600844,0.490768194532154
TRAIN_1329,0.95,0.9138135918310188,0.48708119500143754,0.914297697894126,0.7717308282421941
TRAIN_1330,0.38,0.4714900595888183,0.4663953596459008,0.4877320855554047,0.47520583493004126
TRAIN_1331,0.02,0.48400437952257147,0.03579514450946136,0.03610736286164512,0.18530229563122594
TRAIN_1332,0.03,0.49117417420327053,0.4967057207705851,0.4917669043715905,0.49321559978181534
TRAIN_1333,0.99,0.5113082911777946,0.5166804828875651,0.5074108240221283,0.5117998660291626
TRAIN_1334,0.42,0.4201370145961148,0.42025029074754655,0.4203617870967271,0.42024969748012947
TRAIN_1335,0.24,0.48467654333230953,0.48245392607467175,0.4684907824710236,0.47854041729266833
TRAIN_1336,0.55,0.5458307959991676,0.44563522746921097,0.5459852220638949,0.5124837485107578
TRAIN_1337,0.64,0.6376430280273946,0.6374861294506766,0.6374058127900595,0.6375116567560436
TRAIN_1338,0.99,0.48138463784515045,0.47429085549574,0.4784807910240747,0.4780520947883217
TRAIN_1339,0.48,0.45010480242551526,0.47399019275574233,0.4730950164146033,0.46573000386528696
TRAIN_1340,0.53,0.5242041433103274,0.5243964674938617,0.5243183514374812,0.5243063207472234
TRAIN_1341,0.88,0.4823274311746962,0.4793418306876007,0.48633529740328224,0.48266818642185966
TRAIN_1342,0.82,0.49966631093794805,0.4872970196556542,0.511868809522173,0.49961071337192503
TRAIN_1343,0.0,0.5278902568449614,0.8163725623282054,0.8167572603904216,0.7203400265211961
TRAIN_1344,0.47,0.45880240572601355,0.4901239102207764,0.49776092148822887,0.4822290791450063
TRAIN_1345,0.53,0.513045726019196,0.5163688944828607,0.511736916409888,0.5137171789706483
TRAIN_1346,0.95,0.4556336053934782,0.4571157376643643,0.45791493832772745,0.45688809379519
TRAIN_1347,0.88,0.8788383080768167,0.8809445777550748,0.8774032519973571,0.8790620459430829
TRAIN_1348,0.9,0.8969125513763686,0.896205822853811,0.8962467173924104,0.8964550305408633
TRAIN_1349,0.36,0.6212814770435773,0.631115876048315,0.498602323697966,0.5836665589299528
TRAIN_1350,0.4,0.41865584668721445,0.4183881957449165,0.4187840442230253,0.41860936221838535
TRAIN_1351,0.55,0.19347213548207937,0.08918949820390015,0.07497626385803224,0.11921263251467058
TRAIN_1352,0.68,0.6801476177209702,0.6800044319858172,0.46914501655035684,0.6097656887523814
TRAIN_1353,0.45,0.48715594672503837,0.4844699933157407,0.4897557988395783,0.48712724629345244
TRAIN_1354,0.69,0.47955631815989125,0.6590562198582975,0.47343877223887637,0.537350436752355
TRAIN_1355,0.41,0.5078225844597886,0.42476378326638436,0.42618459853335644,0.4529236554198432
TRAIN_1356,0.0,0.07732906162697811,0.5786001594672787,0.07598005985399836,0.24396976031608508
TRAIN_1357,0.05,0.5020042812763773,0.4566402107530316,0.5197719908797814,0.49280549430306336
TRAIN_1358,0.07,0.07296644952644332,0.5861463253513217,0.07238128073116218,0.24383135186964236
TRAIN_1359,0.91,0.49432718381633556,0.4892724869955909,0.4953818613360982,0.49299384404934155
TRAIN_1360,0.62,0.5858151736310107,0.577208653472858,0.5837126890346065,0.5822455053794917
TRAIN_1361,0.08,0.3846685102204842,0.3866867625067284,0.38811688939067834,0.38649072070596363
TRAIN_1362,0.56,0.5666401468831866,0.5605101183607364,0.5622119710266759,0.5631207454235331
TRAIN_1363,0.59,0.5901353275018545,0.5899670310678058,0.4924173210133941,0.5575065598610182
TRAIN_1364,0.76,0.49164215928565713,0.4868685762666162,0.49118944895225897,0.4899000615015108
TRAIN_1365,0.18,0.4637469208702413,0.4592471822292785,0.4751523556400651,0.4660488195798616
TRAIN_1366,0.17,0.5590614773985015,0.4332302603384758,0.5461711515249607,0.5128209630873126
TRAIN_1367,0.02,0.020261714851471102,0.018671120563051813,0.5136847490319781,0.18420586148216703
TRAIN_1368,0.49,0.49777901465065444,0.4982156515722552,0.4957175235721171,0.49723739659834226
TRAIN_1369,0.47,0.4899483601938909,0.49348852874416316,0.4888041409307918,0.4907470099562819
TRAIN_1370,0.88,0.48974353266121684,0.49388137045057795,0.49025989796460034,0.4912949336921317
TRAIN_1371,0.23,0.4885862507804453,0.49242365769110896,0.4907868575456838,0.490598922005746
TRAIN_1372,0.8,0.7996337142629284,0.7991660000595284,0.7993006303579131,0.7993667815601233
TRAIN_1373,0.56,0.5309418977683947,0.5327013693578461,0.5295227007959783,0.5310553226407397
TRAIN_1374,0.17,0.2693460757673877,0.2688099184718411,0.27075601628841134,0.2696373368425467
TRAIN_1375,0.49,0.4908330843169566,0.49145884483937013,0.4907477013203969,0.4910132101589079
TRAIN_1376,0.71,0.5590685262513377,0.4305189365717246,0.3555669305331959,0.4483847977854194
TRAIN_1377,0.24,0.4942937041536048,0.4891271878500822,0.49316015951902137,0.49219368384090273
TRAIN_1378,0.47,0.4857032572690732,0.4878010343746623,0.4929207242560709,0.48880833863326884
TRAIN_1379,0.06,0.06058251569144363,0.060683035986806855,0.5020880279025931,0.20778452652694787
TRAIN_1380,0.59,0.5532120303324666,0.5533092479197729,0.5519139102936476,0.5528117295152956
TRAIN_1381,0.18,0.230484826650512,0.2654284909488538,0.23719479752452377,0.24436937170796322
TRAIN_1382,0.72,0.19076178198239058,0.20226560160694984,0.16264406921063246,0.18522381759999096
TRAIN_1383,0.96,0.42259744118460263,0.5408410568479762,0.5409320023542626,0.5014568334622805
TRAIN_1384,0.28,0.34571971392494394,0.37761117420520485,0.33956736546354466,0.3542994178645645
TRAIN_1385,0.95,0.42218120467594494,0.4134939025924308,0.433222716962346,0.4229659414102405
TRAIN_1386,0.13,0.19167293787902384,0.18010808719604238,0.19068539880465185,0.18748880795990605
TRAIN_1387,0.49,0.4664589617089452,0.4669376260457632,0.4648189002105047,0.4660718293217377
TRAIN_1388,0.21,0.21550222424560073,0.21739915952075728,0.21623855053632446,0.21637997810089415
TRAIN_1389,0.21,0.21042449714802391,0.21041168006928196,0.21067070635538454,0.21050229452423017
TRAIN_1390,0.44,0.43408206231433216,0.43303738373646244,0.4344011473993645,0.4338401978167197
TRAIN_1391,0.14,0.4984590338237648,0.49607588527910385,0.4908758636908388,0.4951369275979025
TRAIN_1392,0.44,0.4845717384690593,0.4896098939939246,0.48615503319705106,0.486778888553345
TRAIN_1393,0.65,0.6430193802745355,0.6438685184143421,0.6430090783301408,0.6432989923396728
TRAIN_1394,0.58,0.58007704171167,0.5798583726485236,0.5802677708982077,0.5800677284194671
TRAIN_1395,0.67,0.669590019080925,0.6692465723720944,0.6693552936196457,0.6693972950242216
TRAIN_1396,0.64,0.6400837550064181,0.6404037622547364,0.6401056875673625,0.640197734942839
TRAIN_1397,0.18,0.231584330138844,0.23383721754561793,0.49406548663998956,0.31982901144148385
TRAIN_1398,0.92,0.4890552997383227,0.48303547938852676,0.49189526486619994,0.4879953479976831
TRAIN_1399,0.78,0.5153242614793693,0.5133522559689725,0.5164456997215258,0.5150407390566225
TRAIN_1400,0.77,0.7693122160825061,0.7693378164743445,0.7691385792848365,0.7692628706138956
TRAIN_1401,0.42,0.5041179606835419,0.6250223743413889,0.502855994954143,0.5439987766596913
TRAIN_1402,0.21,0.4900298484836691,0.4895156442334205,0.4890414716121865,0.4895289881097587
TRAIN_1403,0.0,0.48070813399623524,0.0011726907146504817,0.0015156195343463685,0.16113214808174403
TRAIN_1404,0.89,0.3515329794432869,0.3868781755847805,0.3048679739004354,0.34775970964283426
TRAIN_1405,0.56,0.46249002252601407,0.4631950924105331,0.45691432965653317,0.4608664815310268
TRAIN_1406,0.92,0.48717866917401836,0.8846410652789103,0.8863609292084313,0.7527268878871199
TRAIN_1407,0.96,0.960175566304895,0.54039037811467,0.9599112693053815,0.8201590712416488
TRAIN_1408,0.07,0.5199194619921316,0.5249873130905991,0.5040822173746351,0.5163296641524552
TRAIN_1409,0.6,0.5696695544294468,0.5374215817663475,0.567709684779237,0.5582669403250105
TRAIN_1410,0.79,0.49877729361339296,0.4907085728395386,0.4948566531269176,0.49478083985994975
TRAIN_1411,0.15,0.10753925020429889,0.11645919575384173,0.156692301547886,0.1268969158353422
TRAIN_1412,0.4,0.4872836529346504,0.4916886516129762,0.48788250837935404,0.4889516043089936
TRAIN_1413,0.9,0.8746489224845089,0.8755850951527768,0.8756078894160454,0.8752806356844437
TRAIN_1414,0.22,0.7309052071049758,0.2542430734404153,0.4814232792311152,0.48885718659216876
TRAIN_1415,0.36,0.36068490039969425,0.36116757207207373,0.3616542349587775,0.3611689024768485
TRAIN_1416,0.22,0.44363670462196964,0.4762706687124442,0.44138980852649945,0.4537657272869711
TRAIN_1417,0.01,0.3915804469446433,0.3836941643065722,0.42814117069335217,0.4011385939815226
TRAIN_1418,0.22,0.49700152166119876,0.49627568230664226,0.495906509310824,0.4963945710928883
TRAIN_1419,0.78,0.5095429662774233,0.5089653948481079,0.506833488856641,0.5084472833273908
TRAIN_1420,0.81,0.787723075120214,0.7856861084947621,0.7848739474133286,0.786094377009435
TRAIN_1421,0.17,0.42975612735081314,0.4441314949489271,0.422797432335581,0.4322283515451071
TRAIN_1422,0.82,0.49197909778990145,0.4972148189617851,0.49070279034974323,0.49329890236714324
TRAIN_1423,0.5,0.4927261176935616,0.4906522305656078,0.4911655668610494,0.4915146383734063
TRAIN_1424,0.31,0.4910354485210765,0.48480795391373827,0.4896602834473458,0.4885012286273869
TRAIN_1425,0.53,0.5332862046539738,0.5297475799952878,0.5335302862134407,0.5321880236209008
TRAIN_1426,0.83,0.830057731844315,0.8300804415893226,0.4945898386704344,0.7182426707013573
TRAIN_1427,0.66,0.48908084385330014,0.4901762862650244,0.48772546988989995,0.4889942000027416
TRAIN_1428,0.15,0.1506918514559104,0.1508846740448107,0.15089918142517367,0.15082523564196493
TRAIN_1429,0.82,0.4451462297827168,0.4414722251179826,0.4480677490815139,0.44489540132740446
TRAIN_1430,0.15,0.48736851983535023,0.49308268624478185,0.4885601618836938,0.4896704559879419
TRAIN_1431,0.38,0.47447141503418605,0.47423586302035653,0.46568075030976436,0.4714626761214356
TRAIN_1432,0.21,0.211075974119534,0.21100052084798393,0.20993046773719581,0.21066898756823793
TRAIN_1433,0.74,0.7346267701437235,0.7347791887830103,0.7337614298702957,0.7343891295990098
TRAIN_1434,0.32,0.491059007307624,0.49656278446968455,0.500337074109373,0.49598628862889377
TRAIN_1435,0.01,0.49214263735945274,0.5059046047133714,0.4905612440017695,0.4962028286915312
TRAIN_1436,0.53,0.5188712617957987,0.521862116098366,0.5144579725868513,0.5183971168270053
TRAIN_1437,0.92,0.424936801455377,0.4303051337666941,0.4384193247121951,0.4312204199780887
TRAIN_1438,0.45,0.4683231694870264,0.465743114709984,0.46466877692014763,0.466245020372386
TRAIN_1439,0.27,0.30922215857320823,0.307635642592876,0.30887456797048074,0.308577456378855
TRAIN_1440,0.88,0.5062177330190101,0.49989499487788747,0.5093959654100447,0.5051695644356474
TRAIN_1441,0.02,0.5059666797153368,0.05790035895636797,0.0597640719975171,0.20787703688974066
TRAIN_1442,0.24,0.2446471125970763,0.2476271856778746,0.24860104312890965,0.2469584471346202
TRAIN_1443,0.37,0.49365846978765276,0.4869651435027402,0.49236389607476894,0.49099583645505396
TRAIN_1444,0.18,0.49323571446676623,0.49542688122272843,0.4895894321355769,0.4927506759416905
TRAIN_1445,0.78,0.7795943419594416,0.7790706882778188,0.7795899384300504,0.7794183228891036
TRAIN_1446,0.07,0.07041070979796826,0.07019100057931188,0.07037792307132668,0.07032654448286894
TRAIN_1447,0.92,0.49122958755073337,0.48785644806375256,0.49287593517711287,0.49065399026386625
TRAIN_1448,0.15,0.15686999425179532,0.156546170755323,0.4885770069601242,0.2673310573224142
TRAIN_1449,0.42,0.41978189450354597,0.4199482677978561,0.4198133785384118,0.41984784694660465
TRAIN_1450,0.68,0.6731919812372182,0.6764650139646182,0.6713842219607807,0.6736804057208724
TRAIN_1451,0.3,0.29968629648439743,0.30008514941305486,0.30030394330879345,0.3000251297354153
TRAIN_1452,0.04,0.43180612625919956,0.4363986372191318,0.4348261761108404,0.43434364652972396
TRAIN_1453,0.37,0.362979165411512,0.361435752554464,0.3627825252284954,0.3623991477314905
TRAIN_1454,0.02,0.4860536473928489,0.48264571772719755,0.48648424795738504,0.4850612043591438
TRAIN_1455,0.31,0.48853682847689023,0.6329122187634993,0.6393524145807584,0.5869338206070492
TRAIN_1456,0.32,0.49259917908383455,0.4941783985718713,0.48952882755652355,0.49210213507074313
TRAIN_1457,0.85,0.8500239612375773,0.8500875347730767,0.8499748794046722,0.8500287918051087
TRAIN_1458,0.49,0.47828474030942797,0.4821116164549436,0.4770246827277869,0.4791403464973862
TRAIN_1459,0.21,0.28719772370716745,0.28399514526543823,0.2925804271960806,0.28792443205622875
TRAIN_1460,0.88,0.49022464609999133,0.8803263659166176,0.4916370401893642,0.6207293507353243
TRAIN_1461,0.07,0.0699262208538387,0.07151737329458635,0.06984005791433695,0.07042788402092066
TRAIN_1462,0.42,0.3998194105251376,0.39883982385937555,0.5364751772739772,0.44504480388616346
TRAIN_1463,0.23,0.38807012490134385,0.3787290369032743,0.4404724916339244,0.4024238844795142
TRAIN_1464,0.33,0.4780573632702074,0.4643046670955203,0.44112100500411744,0.46116101178994845
TRAIN_1465,0.31,0.4885127966140733,0.491098024281063,0.4875470522218915,0.4890526243723426
TRAIN_1466,0.46,0.4602182960607067,0.45973729094233784,0.4895682108450423,0.46984126594936226
TRAIN_1467,0.29,0.44848206152365855,0.43200258232143424,0.4353739503438975,0.43861953139633014
TRAIN_1468,0.99,0.4645657895709263,0.46173006651849785,0.45772279988625497,0.461339551991893
TRAIN_1469,0.68,0.6793098917634747,0.6792857136620423,0.5022179322836633,0.6202711792363934
TRAIN_1470,0.46,0.49261939076478367,0.4912336242312961,0.4907141542168066,0.4915223897376288
TRAIN_1471,0.42,0.29797889836078817,0.4242342395309356,0.4244260119940482,0.382213049961924
TRAIN_1472,0.08,0.07917116764454635,0.07930225626141968,0.07864332451300554,0.07903891613965719
TRAIN_1473,0.25,0.4891254625817753,0.4962274224304901,0.49083739121589093,0.49206342540938547
TRAIN_1474,0.28,0.36617358824693047,0.3863657515565351,0.3635466547235669,0.37202866484234415
TRAIN_1475,0.74,0.6725458780976618,0.671086217710001,0.6767494812756051,0.6734605256944226
TRAIN_1476,0.02,0.5127612991707893,0.02069691599360579,0.02121560542141926,0.1848912735286048
TRAIN_1477,0.55,0.549919441910143,0.5500302933711654,0.4891940852107324,0.5297146068306803
TRAIN_1478,0.43,0.42522067317756645,0.5350443675032751,0.4336376419518193,0.4646342275442203
TRAIN_1479,0.64,0.4922492075575224,0.49285507797979594,0.4910753310596714,0.49205987219899655
TRAIN_1480,0.13,0.49964036345568336,0.4988167970962895,0.4988330839509474,0.49909674816764005
TRAIN_1481,0.58,0.4887171613420347,0.4965447918521558,0.4888098002587738,0.49135725115098805
TRAIN_1482,0.15,0.4884365967922243,0.1505321696615447,0.1504460360667037,0.26313826750682423
TRAIN_1483,0.39,0.3896365580868938,0.3918243888419742,0.39129223401042557,0.3909177269797645
TRAIN_1484,0.01,0.4902812179555467,0.4962995003169043,0.4905477983926101,0.492376172221687
TRAIN_1485,0.94,0.4904430819175477,0.48563022744749323,0.4908670358751709,0.48898011508007055
TRAIN_1486,0.58,0.4920543670458288,0.4925323149472284,0.49183203794344615,0.4921395733121678
TRAIN_1487,0.34,0.3382145475778885,0.3266816632511811,0.32644142886337146,0.33044587989748037
TRAIN_1488,0.96,0.9601125215407214,0.9596718093929297,0.9598628668506994,0.9598823992614501
TRAIN_1489,0.48,0.5375210131590055,0.49659054210865405,0.5078600868861671,0.5139905473846089
TRAIN_1490,0.38,0.38035635476141955,0.38042814068218844,0.49264099318409127,0.41780849620923305
TRAIN_1491,0.62,0.6172864324887861,0.6173243771212196,0.6171905017426407,0.6172671037842155
TRAIN_1492,0.53,0.529631171896919,0.5294371971488567,0.4913205529881591,0.5167963073446449
TRAIN_1493,0.06,0.0597552739818048,0.3873796652646382,0.05992836130890383,0.16902110018511562
TRAIN_1494,0.57,0.6068521676469363,0.606579536915656,0.6008442982324848,0.6047586675983591
TRAIN_1495,0.29,0.2901403486984427,0.2899214099038028,0.2902332567603011,0.29009833845418215
TRAIN_1496,0.53,0.4841211483474949,0.47397916075361507,0.4755260803498235,0.4778754631503112
TRAIN_1497,0.64,0.6455073100890658,0.637661945157564,0.6394994016890421,0.6408895523118906
TRAIN_1498,0.42,0.3458796589004274,0.3811039211482081,0.2838214657748707,0.3369350152745021
TRAIN_1499,0.67,0.30286395316560244,0.2841538539209423,0.28736550002243255,0.2914611023696591
TRAIN_1500,0.66,0.4910955072516872,0.4912085194472762,0.48977414374349354,0.490692723480819
TRAIN_1501,0.99,0.9869563202371618,0.4875269865100114,0.49290133452530116,0.6557948804241581
TRAIN_1502,0.83,0.5164195085936477,0.4723402178258141,0.5178564815592154,0.502205402659559
TRAIN_1503,0.4,0.40008868365127587,0.39986566290507797,0.4000443104937938,0.39999955235004925
TRAIN_1504,0.27,0.47413541550763333,0.518572153258446,0.4998363054545901,0.4975146247402232
TRAIN_1505,0.96,0.9577684960590237,0.9580054652995393,0.9577236566986866,0.9578325393524166
TRAIN_1506,0.09,0.10554153580473474,0.1978852360176892,0.0824398885513053,0.12862222012457641
TRAIN_1507,0.2,0.2003514213927698,0.20061506490351522,0.46790085247302227,0.2896224462564358
TRAIN_1508,0.47,0.4773035312859117,0.47366925211314354,0.47054442253492784,0.473839068644661
TRAIN_1509,0.33,0.4914834534314666,0.4840566415839915,0.48774515073321983,0.4877617485828926
TRAIN_1510,0.38,0.4482045777339892,0.39924074488040556,0.44698578900186087,0.4314770372054186
TRAIN_1511,0.4,0.40337254921782906,0.4065289452033491,0.39145965765281243,0.4004537173579969
TRAIN_1512,0.8,0.4846096506877923,0.4794161121676257,0.48469297084571206,0.48290624456704334
TRAIN_1513,0.94,0.9301621293164755,0.9303416135049878,0.9295597913825168,0.9300211780679933
TRAIN_1514,0.49,0.4906806208880936,0.46106821014297905,0.4666818316793185,0.4728102209034637
TRAIN_1515,0.39,0.37774303161264655,0.38594682838847116,0.38310783355443606,0.3822658978518512
TRAIN_1516,0.75,0.4227033470867777,0.44228241756682857,0.4488391082077093,0.4379416242871052
TRAIN_1517,0.34,0.3386574329638107,0.3388929844707621,0.33943663710211464,0.3389956848455625
TRAIN_1518,0.39,0.345958299488286,0.34780109500027756,0.3883796835431705,0.36071302601057803
TRAIN_1519,0.42,0.49785402215870783,0.4960455142265729,0.48609282923171543,0.49333078853899875
TRAIN_1520,0.66,0.6163647979660707,0.5204972381507007,0.6160259214159896,0.5842959858442537
TRAIN_1521,0.27,0.27920826924760633,0.2795372754174431,0.27908952069438586,0.27927835511981175
TRAIN_1522,0.38,0.43862221078406716,0.3231631554625838,0.2854926566272322,0.34909267429129437
TRAIN_1523,0.25,0.4898772786780713,0.49220014567822307,0.48584164393225093,0.4893063560961817
TRAIN_1524,0.0,0.48054252889349525,0.0006597853460240111,0.0007713557291923467,0.16065788998957053
TRAIN_1525,0.31,0.4723565567705918,0.4624844204936377,0.47005787284663597,0.4682996167036218
TRAIN_1526,0.55,0.5689168394808062,0.5701363890854628,0.5687953009621787,0.5692828431761493
TRAIN_1527,0.28,0.48489943056976503,0.4898804858009225,0.48434132371235816,0.4863737466943486
TRAIN_1528,0.17,0.16911779870861965,0.16881972440196735,0.16903516925350343,0.16899089745469684
TRAIN_1529,0.2,0.25211900915890684,0.2531455707556156,0.24711520352235508,0.25079326114562583
TRAIN_1530,0.85,0.5196479454353622,0.5206002304444829,0.5207442971696175,0.5203308243498208
TRAIN_1531,0.28,0.28182101001112064,0.28160476762381004,0.28187834387673083,0.2817680405038872
TRAIN_1532,0.14,0.36470243312966116,0.49992870719664756,0.3870078584006585,0.4172129995756557
TRAIN_1533,0.36,0.3875530069433839,0.3898985124808231,0.40274547751073086,0.3933989989783126
TRAIN_1534,0.33,0.35086825943417554,0.349995207694626,0.35048343263267234,0.35044896658715796
TRAIN_1535,0.18,0.5309636493147266,0.5542414582888859,0.5602379102564264,0.5484810059533464
TRAIN_1536,0.77,0.7558051500396534,0.7578638134607703,0.7667504446808043,0.760139802727076
TRAIN_1537,0.72,0.4875421326388689,0.5168120615788248,0.48806841380127786,0.49747420267299053
TRAIN_1538,0.71,0.7101572326588825,0.7094712658419163,0.5905065290728831,0.6700450091912273
TRAIN_1539,0.67,0.49615649667357803,0.496700522269953,0.4909977849258112,0.4946182679564474
TRAIN_1540,0.48,0.4956836644844861,0.4995387446376786,0.4955455654705634,0.49692265819757603
TRAIN_1541,0.4,0.5081179497885999,0.5352203575216506,0.49508554116850606,0.5128079494929189
TRAIN_1542,0.8,0.4863589296385618,0.4826519008113491,0.48679770918527127,0.48526951321172745
TRAIN_1543,0.37,0.3707815948777957,0.370463213723414,0.3699253754687983,0.37039006135666935
TRAIN_1544,0.13,0.5122979547914843,0.5114391231622935,0.5091002970726067,0.5109457916754615
TRAIN_1545,0.14,0.45040618490667195,0.4970113166965926,0.44976896683013146,0.46572882281113204
TRAIN_1546,0.65,0.6496727747519514,0.6501030786389129,0.649520121066347,0.6497653248190705
TRAIN_1547,0.16,0.1592375799949985,0.1573066183311846,0.5777142914289817,0.2980861632517216
TRAIN_1548,0.8,0.4967589449561693,0.49988342421770254,0.5551483433934793,0.5172635708557837
TRAIN_1549,0.01,0.010515386963654116,0.48884055747359906,0.010444465868859443,0.16993347010203755
TRAIN_1550,0.41,0.49451188827118947,0.49824533937778115,0.4936962086468967,0.49548447876528917
TRAIN_1551,1.0,0.9848859643484564,0.9848062680755705,0.9869333233119121,0.9855418519119796
TRAIN_1552,0.01,0.301354968293417,0.3327702226194036,0.31404703537217993,0.3160574087616668
TRAIN_1553,0.92,0.48850671818966085,0.49412198615233416,0.4880288197861996,0.49021917470939824
TRAIN_1554,0.09,0.0901691279906997,0.0891673074256561,0.43132603477541187,0.20355415673058921
TRAIN_1555,0.16,0.18351095269768275,0.17559873678494486,0.5817207469783254,0.31361014548698435
TRAIN_1556,0.04,0.4968285628871144,0.4980185444474033,0.4931037054428865,0.49598360425913474
TRAIN_1557,0.08,0.0785526030413422,0.08001851976230467,0.0802951515263709,0.07962209144333926
TRAIN_1558,0.98,0.4451421813400631,0.4471557300538698,0.967547731461359,0.6199485476184307
TRAIN_1559,0.17,0.22409500849437947,0.21125473479165263,0.21192448706549666,0.21575807678384293
TRAIN_1560,0.99,0.9895649239878204,0.9899360178032981,0.9895005769334937,0.989667172908204
TRAIN_1561,0.37,0.4633320841904745,0.4311350287891459,0.48039649643108107,0.4582878698035671
TRAIN_1562,0.37,0.46926266602631495,0.46577221097219806,0.4705054757626531,0.46851345092038876
TRAIN_1563,0.36,0.5234605138559641,0.5246857322319715,0.5187859302430148,0.5223107254436501
TRAIN_1564,0.85,0.8500585286241764,0.8501543792908843,0.8501484461027033,0.8501204513392547
TRAIN_1565,0.52,0.5197235437227969,0.5200763315179158,0.5011445099479159,0.5136481283962095
TRAIN_1566,0.65,0.6374930425194175,0.6374254128053297,0.6381003705525491,0.6376729419590988
TRAIN_1567,0.33,0.354002139448147,0.37120878549121417,0.35472187578247605,0.35997760024061237
TRAIN_1568,0.58,0.6636753674750858,0.6572220483600885,0.6448189022861208,0.6552387727070984
TRAIN_1569,0.26,0.26533682496695193,0.4876834409031099,0.2651704697091719,0.3393969118597446
TRAIN_1570,0.91,0.8736830763670885,0.941761244928206,0.9132126853153604,0.9095523355368851
TRAIN_1571,0.4,0.49115935584774273,0.48149522976768794,0.48754985059922906,0.4867348120715533
TRAIN_1572,0.78,0.4950386960504335,0.4873771073644194,0.49355002979050216,0.4919886110684517
TRAIN_1573,0.4,0.4011996280801041,0.4014887353988745,0.40132062013577274,0.4013363278715838
TRAIN_1574,0.13,0.13715368274262896,0.13719766539728112,0.137473862291837,0.13727507014391568
TRAIN_1575,0.78,0.7793020233023795,0.7799324192759962,0.7800136561607263,0.7797493662463673
TRAIN_1576,0.46,0.469683477561744,0.5256142212931832,0.4603850867382308,0.48522759519771935
TRAIN_1577,0.5,0.5108580054343423,0.5080454201528446,0.5096280676777847,0.5095104977549906
TRAIN_1578,0.36,0.48955950301622353,0.47927574851370575,0.4895639600460321,0.4861330705253204
TRAIN_1579,0.33,0.4939895730492743,0.33358519287145927,0.33396859273789636,0.38718111955287665
TRAIN_1580,0.19,0.19929427988907578,0.199738586850923,0.19940929891586662,0.19948072188528845
TRAIN_1581,0.64,0.6134159890648923,0.6139216916288182,0.48689150978895707,0.5714097301608891
TRAIN_1582,0.57,0.5684016815514683,0.5676630223177104,0.5679470497920304,0.5680039178870696
TRAIN_1583,0.7,0.4905523643417187,0.4873355970942533,0.4826835515765975,0.48685717100418985
TRAIN_1584,0.03,0.345214421354922,0.3530001361920748,0.3537486045742416,0.35065438737374616
TRAIN_1585,0.59,0.5894708004640172,0.4969233564008493,0.5893736589011267,0.5585892719219977
TRAIN_1586,0.21,0.22593100908513636,0.22005625631671377,0.21004498189900644,0.2186774157669522
TRAIN_1587,0.19,0.49068581001172973,0.19600713153143762,0.1965849967343397,0.29442597942583565
TRAIN_1588,0.08,0.43742510977790255,0.4295164653309851,0.09079975822883046,0.3192471111125727
TRAIN_1589,0.45,0.5169813653024338,0.5064102115925936,0.5122249442339251,0.5118721737096509
TRAIN_1590,0.07,0.4178888923800993,0.4157363977645052,0.40884923569570336,0.4141581752801026
TRAIN_1591,0.22,0.24079527068623846,0.2416514100625129,0.24141398617618895,0.2412868889749801
TRAIN_1592,0.26,0.26001437662506344,0.2602351445003137,0.26074735994688625,0.26033229369075445
TRAIN_1593,0.79,0.4933359002332199,0.49020394052824684,0.48966531522620255,0.4910683853292231
TRAIN_1594,0.01,0.493624335866024,0.4863985109043985,0.49067622088350277,0.49023302255130846
TRAIN_1595,0.43,0.5694832768523548,0.3825170237960839,0.37490258866802717,0.4423009631054886
TRAIN_1596,0.01,0.010626120146451479,0.48905670404778817,0.01103864868131238,0.17024049095851734
TRAIN_1597,0.25,0.2508941590975711,0.250918001632187,0.25027633732264576,0.25069616601746797
TRAIN_1598,0.54,0.5401934555929664,0.5397940173325886,0.5400138269469981,0.540000433290851
TRAIN_1599,0.15,0.49469449958981554,0.21845947736376414,0.507216420548064,0.4067901325005479
TRAIN_1600,0.63,0.46728753115578536,0.47186463671677004,0.4650928881239954,0.46808168533218364
TRAIN_1601,0.29,0.48492345854154667,0.47424747417866137,0.47945567493709196,0.47954220255243335
TRAIN_1602,0.99,0.42676856803752,0.4213035417539279,0.42762198602978674,0.4252313652737449
TRAIN_1603,0.25,0.4912662955209971,0.49609570535017683,0.25028834431507496,0.41255011506208294
TRAIN_1604,0.58,0.5798800676331625,0.5796183757274491,0.5801445528608802,0.5798809987404973
TRAIN_1605,0.71,0.31383563226156697,0.37618399967527344,0.38701010221461435,0.35900991138381827
TRAIN_1606,0.56,0.5612636003360767,0.5114917653356408,0.5412123902783641,0.5379892519833606
TRAIN_1607,0.71,0.7184694288963216,0.7133248997185283,0.7145897764478437,0.7154613683542314
TRAIN_1608,0.3,0.3504810630231774,0.35144758813569565,0.34340559915020036,0.3484447501030245
TRAIN_1609,0.18,0.4909390577544508,0.49464113975130686,0.490831365493547,0.4921371876664349
TRAIN_1610,0.11,0.49347129115528526,0.4709649157130917,0.4912956960247937,0.48524396763105687
TRAIN_1611,0.46,0.4866608188448005,0.49340237565519734,0.4887797150989863,0.48961430319966137
TRAIN_1612,0.72,0.49227783856762086,0.48600504482636725,0.49105896663908377,0.48978061667769063
TRAIN_1613,0.76,0.7607720092916123,0.7596061675782264,0.7606182599328595,0.7603321456008993
TRAIN_1614,0.21,0.21469617741313962,0.2003741558841946,0.2025176843635002,0.20586267255361146
TRAIN_1615,0.75,0.4557313727008887,0.4495913478628543,0.456209278036361,0.45384399953336807
TRAIN_1616,0.64,0.5744097526744288,0.5842276220342163,0.7627138725526417,0.6404504157537623
TRAIN_1617,0.76,0.5139497320775022,0.5091769386383562,0.48861962015472915,0.5039154302901959
TRAIN_1618,0.12,0.3765878025019116,0.3967102182788168,0.3750968309238286,0.382798283901519
TRAIN_1619,0.15,0.15703939854498444,0.15734965575542348,0.48880111318480646,0.2677300558284048
TRAIN_1620,0.81,0.8087824896298788,0.5263899078561576,0.8088804537880758,0.7146842837580373
TRAIN_1621,0.0,0.4536966856660073,0.5368287799070806,0.5712399691065101,0.5205884782265326
TRAIN_1622,0.55,0.582565465913512,0.46984424386570417,0.5823914762632162,0.5449337286808108
TRAIN_1623,0.08,0.08826039306397682,0.08788534491410488,0.08807488360701105,0.08807354052836425
TRAIN_1624,0.99,0.48977589467866955,0.48811520003590797,0.48860018992245985,0.48883042821234585
TRAIN_1625,0.51,0.5557805196359784,0.5895778132408751,0.3915805973044432,0.512312976727099
TRAIN_1626,0.72,0.7172161187644582,0.7153022995997833,0.5231807653802021,0.6518997279148145
TRAIN_1627,0.72,0.3657753627819378,0.3655635873828449,0.35309802224125175,0.3614789908020115
TRAIN_1628,0.43,0.49215055686004255,0.4848978128442601,0.4920967492147106,0.48971503963967106
TRAIN_1629,0.74,0.42498068214562756,0.5394352706219916,0.5405415571096142,0.5016525032924112
TRAIN_1630,0.74,0.515987319005526,0.5164763545606142,0.5180440488690005,0.5168359074783803
TRAIN_1631,0.53,0.52650058260953,0.6126551228270325,0.5121891042086122,0.5504482698817249
TRAIN_1632,0.27,0.48379371428750023,0.48864015185173526,0.48496164533690234,0.4857985038253793
TRAIN_1633,1.0,0.989386291389763,0.9891858375923581,0.9890847068009483,0.989218945261023
TRAIN_1634,0.23,0.21848578451427897,0.21829085287891187,0.2183351072874855,0.21837058156022546
TRAIN_1635,0.86,0.49194066924395036,0.7116345271009215,0.717033381648272,0.6402028593310479
TRAIN_1636,0.53,0.49275328054557144,0.4915267055156797,0.5298936152852591,0.5047245337821701
TRAIN_1637,0.36,0.5961931922307305,0.34712566476099715,0.5959023000192045,0.5130737190036441
TRAIN_1638,0.52,0.4919317107327097,0.4871181682062578,0.4932840028087316,0.49077796058256634
TRAIN_1639,0.19,0.4889655315113807,0.2236402387760833,0.2237736376233742,0.3121264693036127
TRAIN_1640,0.8,0.6204564180103345,0.6445757520668446,0.6502108490445812,0.6384143397072535
TRAIN_1641,0.68,0.6858907733843338,0.684622517381124,0.6857550630129492,0.6854227845928023
TRAIN_1642,0.93,0.49374705699161536,0.5171714974811165,0.5967560679949516,0.5358915408225612
TRAIN_1643,0.5,0.48883543445105193,0.4925328591685416,0.5038643989518496,0.49507756419048105
TRAIN_1644,0.04,0.0796965555865135,0.08506462019333749,0.08547282494022979,0.08341133357336027
TRAIN_1645,0.73,0.7246756036815412,0.5071588551151397,0.47418086380902996,0.5686717742019035
TRAIN_1646,0.94,0.8962145960019962,0.9072405180243721,0.9087998622252873,0.9040849920838853
TRAIN_1647,0.11,0.17515297539799207,0.1748366252918382,0.49856187585163825,0.2828504921804895
TRAIN_1648,0.94,0.39289765387828723,0.3916689565554583,0.3755297062984885,0.386698772244078
TRAIN_1649,0.24,0.07306996990090814,0.07185124913695679,0.3172107679740754,0.15404399567064678
TRAIN_1650,0.59,0.42772118577954105,0.5875036311205835,0.587327981625652,0.5341842661752588
TRAIN_1651,0.14,0.4738493113717284,0.4931741492327732,0.46984348290606043,0.478955647836854
TRAIN_1652,0.27,0.27342623082953327,0.27383270338021104,0.5861719428244346,0.37781029234472624
TRAIN_1653,0.58,0.4888322708845349,0.4941269263367835,0.49181713737535326,0.4915921115322239
TRAIN_1654,0.35,0.4747634156887719,0.47515734892511485,0.47752201254118426,0.47581425905169034
TRAIN_1655,0.77,0.6280584454084788,0.6256972029000321,0.48729052389765815,0.580348724068723
TRAIN_1656,0.04,0.20898646769460666,0.194036028840063,0.18856066954913092,0.19719438869460018
TRAIN_1657,0.76,0.7591638362126404,0.7550842259095665,0.7548745490071824,0.7563742037097964
TRAIN_1658,0.89,0.4818183400160493,0.48963806887848943,0.49194000101356805,0.4877988033027023
TRAIN_1659,0.71,0.4667087614804675,0.4419753192316658,0.44208472030779755,0.4502562670066436
TRAIN_1660,0.11,0.4797348077084768,0.4742293065023841,0.48157829883806585,0.47851413768297557
TRAIN_1661,0.31,0.4988021138888399,0.4876914725494383,0.3253395257603945,0.4372777040662242
TRAIN_1662,0.45,0.48439621241947334,0.45163235406042157,0.4520677683714845,0.4626987782837931
TRAIN_1663,0.47,0.494069803476557,0.46973460499856595,0.4948073304233588,0.4862039129661606
TRAIN_1664,0.11,0.10992505611712644,0.11001696829338092,0.11013874776321103,0.11002692405790614
TRAIN_1665,0.98,0.5012268718289569,0.497417674110644,0.5011193180048109,0.49992128798147056
TRAIN_1666,0.95,0.2943608556647763,0.298573596249236,0.29947870933999166,0.29747105375133465
TRAIN_1667,0.14,0.1480641838049856,0.14647784870821312,0.14627507099492032,0.14693903450270634
TRAIN_1668,0.93,0.44676689970235234,0.43551587246910134,0.44897818495500297,0.44375365237548553
TRAIN_1669,0.46,0.49659333607328876,0.5000600368154212,0.42825905202350206,0.4749708083040707
TRAIN_1670,0.14,0.4753941220881701,0.47151794898848315,0.46734037589784366,0.47141748232483227
TRAIN_1671,0.86,0.5561158278042314,0.553756429408004,0.5566529855220154,0.5555084142447502
TRAIN_1672,0.3,0.47402398381396443,0.47478149717389384,0.3008380218827976,0.4165478342902187
TRAIN_1673,0.68,0.6795292407250247,0.6797053299201973,0.6795763406007009,0.6796036370819744
TRAIN_1674,0.42,0.42004589845492235,0.42866228333957146,0.4192405869716799,0.42264958958872456
TRAIN_1675,1.0,0.9894281507424374,0.9894167053669853,0.9897287483237563,0.9895245348110597
TRAIN_1676,0.98,0.8862623214675579,0.895275321827291,0.8997187534203327,0.8937521322383938
TRAIN_1677,0.31,0.4936877034303175,0.3100869303045451,0.4896850909089129,0.43115324154792517
TRAIN_1678,0.65,0.7407406216701075,0.7103508577850213,0.7290452459178751,0.7267122417910014
TRAIN_1679,0.8,0.4909355871118201,0.49614593217512587,0.4910320458811976,0.49270452172271456
TRAIN_1680,0.39,0.4770438788879486,0.4718532897623842,0.47866183541875046,0.4758530013563611
TRAIN_1681,0.54,0.4590713378959788,0.45169996287104575,0.2647241862308466,0.39183182899929037
TRAIN_1682,0.85,0.48608552755029155,0.848848115996593,0.8489111523741297,0.7279482653070047
TRAIN_1683,0.33,0.49012682344113134,0.4982197942765474,0.49766834821842515,0.4953383219787013
TRAIN_1684,0.36,0.38437636103459283,0.38447921695326465,0.37997149742587755,0.382942358471245
TRAIN_1685,0.88,0.48750168780690983,0.4946594676067447,0.4906083760303642,0.4909231771480062
TRAIN_1686,0.35,0.35012161433793165,0.35063548256753047,0.3507967764467824,0.3505179577840815
TRAIN_1687,0.42,0.42014026837619184,0.420113896043171,0.4200354993557306,0.42009655459169776
TRAIN_1688,0.87,0.5042011107304876,0.4971727626877968,0.5022218648996505,0.5011985794393117
TRAIN_1689,0.79,0.7389064777450294,0.48627637807562113,0.7353442250751641,0.6535090269652716
TRAIN_1690,0.35,0.3504336190587386,0.35028702160907876,0.488896369883496,0.3965390035171044
TRAIN_1691,0.15,0.1918211937537227,0.17533276428853867,0.1794860991172657,0.18221335238650904
TRAIN_1692,0.98,0.4918905979008054,0.4998823356168344,0.4946518244214533,0.495474919313031
TRAIN_1693,0.39,0.39742975393981433,0.39854412976275894,0.39807919166151895,0.3980176917880307
TRAIN_1694,0.63,0.6236326353916894,0.6206582985315781,0.621283474850855,0.6218581362580409
TRAIN_1695,0.63,0.6315322747153042,0.6314011184618038,0.4762925484978821,0.57974198055833
TRAIN_1696,0.29,0.4967489689544229,0.5364629012511387,0.5354069394390283,0.5228729365481967
TRAIN_1697,0.76,0.4926366770947776,0.4844001157006741,0.4898437763750537,0.48896018972350186
TRAIN_1698,0.39,0.4836804943067133,0.4963740965745583,0.48373647438157624,0.48793035508761595
TRAIN_1699,0.21,0.4922820515943678,0.49973418552929294,0.4938665574161647,0.4952942648466085
TRAIN_1700,0.26,0.4921465278126037,0.47171634799852685,0.4775562161997053,0.48047303067027863
TRAIN_1701,0.47,0.47038245591927497,0.46975463374955395,0.4667290905526991,0.468955393407176
TRAIN_1702,0.49,0.4904047921788437,0.4895441035387861,0.4900624001305975,0.4900037652827424
TRAIN_1703,0.83,0.8301260520325812,0.8299828377242406,0.829982686913243,0.8300305255566882
TRAIN_1704,0.71,0.4995738543371361,0.5023080648415754,0.49787977548189927,0.49992056488687026
TRAIN_1705,0.48,0.48046364620540866,0.4896919813034922,0.49056396314973255,0.4869065302195445
TRAIN_1706,0.26,0.5127686163220981,0.27769519162968015,0.2779357271875441,0.35613317837977415
TRAIN_1707,0.08,0.3347804613291633,0.08628851087904293,0.08615008210200875,0.169073018103405
TRAIN_1708,0.91,0.49323424905424285,0.48245480420681675,0.47872781624263183,0.48480562316789716
TRAIN_1709,0.11,0.118564065177302,0.11758318783993404,0.11684108042136115,0.11766277781286573
TRAIN_1710,0.81,0.8094853565184779,0.8100035374708718,0.49626048700938363,0.7052497936662444
TRAIN_1711,0.25,0.4912821852547132,0.5420564910505561,0.5047164972017153,0.5126850578356615
TRAIN_1712,0.78,0.77529608224223,0.7759004268782961,0.7753410902831337,0.7755125331345534
TRAIN_1713,0.03,0.43419538388164036,0.44947339740984915,0.3981693887377613,0.42727939000975024
TRAIN_1714,0.46,0.4573006161134607,0.457560206767498,0.4571979407080598,0.45735292119633947
TRAIN_1715,0.25,0.48647345307221207,0.4908396532883466,0.4883956229226841,0.4885695764277476
TRAIN_1716,0.79,0.13262241992797213,0.167803124128154,0.14378171146234853,0.14806908517282488
TRAIN_1717,1.0,0.9851380983346789,0.9854033700323789,0.9852541985765926,0.9852652223145503
TRAIN_1718,0.41,0.5032013036663501,0.4959042167749743,0.500425213541349,0.49984357799422446
TRAIN_1719,0.91,0.8419053395408538,0.8387127271529111,0.8372818821740569,0.8392999829559405
TRAIN_1720,0.63,0.6303232732800078,0.63694328398312,0.6302976236769209,0.6325213936466829
TRAIN_1721,0.37,0.5970915478690685,0.4216120429039325,0.39901688214181313,0.4725734909716048
TRAIN_1722,0.71,0.8310217524870669,0.7839853373599134,0.8475729946787582,0.8208600281752462
TRAIN_1723,0.33,0.3296977967781832,0.3354189852488517,0.5087408465285008,0.39128587618517857
TRAIN_1724,0.78,0.7771471223247413,0.7698588272272753,0.7692601552864845,0.7720887016128337
TRAIN_1725,0.41,0.48355299901605014,0.4908024288747642,0.4879594464084753,0.4874382914330966
TRAIN_1726,0.14,0.13963032323566132,0.13998126243843334,0.13958913349650576,0.13973357305686682
TRAIN_1727,0.48,0.4765813784978159,0.4720325414297798,0.46670315292215747,0.4717723576165844
TRAIN_1728,0.81,0.7105725633714386,0.7079305316754705,0.6997734741127902,0.7060921897198997
TRAIN_1729,0.2,0.5079471416106517,0.5123029312924513,0.49125366396328124,0.5038345789554614
TRAIN_1730,0.6,0.5833024284074213,0.5820509681314152,0.585585503351031,0.5836462999632892
TRAIN_1731,0.76,0.4812735802473085,0.4791101632484778,0.46540339331073827,0.47526237893550816
TRAIN_1732,0.19,0.5103913550345133,0.18902088682035745,0.1898516733989723,0.29642130508461434
TRAIN_1733,0.75,0.4880513649713872,0.4831090641829095,0.4883303677622687,0.48649693230552177
TRAIN_1734,0.61,0.5398500541626986,0.5385235498840961,0.5873793513668312,0.5552509851378753
TRAIN_1735,0.45,0.48755533868462925,0.49266226620911124,0.4852168783800794,0.48847816109127334
TRAIN_1736,0.55,0.5370867661635313,0.5506172546675063,0.5499301437837764,0.5458780548716047
TRAIN_1737,0.19,0.213019238798684,0.21332971781107746,0.21275208774343218,0.21303368145106458
TRAIN_1738,0.08,0.49069658737922683,0.08083246225994928,0.08099871480032234,0.21750925481316616
TRAIN_1739,0.12,0.3562990686084945,0.30634907992296423,0.33350148501235477,0.3320498778479378
TRAIN_1740,0.55,0.5136137145296885,0.45372416956852324,0.4629776241157495,0.47677183607132045
TRAIN_1741,0.34,0.35070324254328256,0.6037531084300802,0.34193657343663675,0.43213097480333323
TRAIN_1742,0.37,0.36963252363415083,0.36967183327443387,0.3697637631949828,0.36968937336785584
TRAIN_1743,0.74,0.7350251651356716,0.7345960966569393,0.734947151965642,0.7348561379194175
TRAIN_1744,0.58,0.4945594224060095,0.47412432812866706,0.46882267982476983,0.4791688101198155
TRAIN_1745,0.03,0.4835542940853876,0.48331576786260355,0.48365393436257487,0.4835079987701887
TRAIN_1746,0.69,0.5303790526048815,0.6860553426820293,0.6846293976961401,0.6336879309943503
TRAIN_1747,0.91,0.5012692936807007,0.5436414951229596,0.550928409082497,0.5319463992953858
TRAIN_1748,0.5,0.46094399865984337,0.46277873361237304,0.46102760565081036,0.46158344597434225
TRAIN_1749,0.54,0.3974495080194351,0.39736255621878747,0.3993780962206225,0.39806338681961506
TRAIN_1750,0.83,0.5343724379006798,0.536635750477411,0.45934679312452886,0.5101183271675399
TRAIN_1751,0.93,0.47677249693676904,0.4818208719626503,0.47487395851909403,0.4778224424728377
TRAIN_1752,0.25,0.4881663463796552,0.48917885354771873,0.4882586810700895,0.48853462699915445
TRAIN_1753,0.97,0.5590703175613279,0.8409409377762558,0.8473658319957941,0.7491256957777925
TRAIN_1754,0.11,0.11306266355543954,0.11319126197848128,0.11319628814255878,0.1131500712254932
TRAIN_1755,0.45,0.45626953282551036,0.4588780995545236,0.45714931244502666,0.45743231494168685
TRAIN_1756,0.8,0.797088664942385,0.4899368255104242,0.7973077906462048,0.694777760366338
TRAIN_1757,0.52,0.5199151486858747,0.5201084665077118,0.4709537564288868,0.5036591238741578
TRAIN_1758,0.38,0.38013652574861595,0.37980778531605686,0.4926185295168775,0.4175209468605168
TRAIN_1759,0.33,0.3316041796500333,0.33547989942522094,0.3304259461749339,0.33250334175006274
TRAIN_1760,0.7,0.4864678607137397,0.4908139186223635,0.4870240971257549,0.4881019588206194
TRAIN_1761,0.8,0.7930688659085339,0.7930198321719499,0.7929400097160408,0.7930095692655081
TRAIN_1762,0.71,0.49258564179775965,0.6021940689262839,0.5973722339488319,0.5640506482242919
TRAIN_1763,0.39,0.5125072130083349,0.5143789682652681,0.5137060423665835,0.5135307412133955
TRAIN_1764,0.86,0.4921345489973567,0.4950209597848181,0.49042577615797384,0.49252709498004954
TRAIN_1765,0.28,0.4365451120270418,0.28020809755319953,0.44190456906487663,0.38621925954837266
TRAIN_1766,0.39,0.3745900940550154,0.3655073920888179,0.3763771811806495,0.37215822244149427
TRAIN_1767,0.73,0.3801845289378718,0.498964559132949,0.4923183637706598,0.45715581728049354
TRAIN_1768,1.0,0.7228957688812137,0.7231370377794526,0.724759138745056,0.7235973151352407
TRAIN_1769,0.57,0.5698538441049033,0.5701924461705963,0.5699872714675484,0.5700111872476826
TRAIN_1770,0.02,0.4953501949192637,0.49770457003727897,0.4970615462032348,0.49670543705325915
TRAIN_1771,0.93,0.40864016806785086,0.41218497637201024,0.39690363724884575,0.4059095938962356
TRAIN_1772,0.7,0.32163965207769,0.34165098810103245,0.3350372814799326,0.3327759738862183
TRAIN_1773,0.05,0.05950937545107349,0.06056041796817724,0.05908879951650864,0.059719530978586455
TRAIN_1774,0.02,0.5059411754836342,0.060073438816962366,0.05710410773374508,0.20770624067811386
TRAIN_1775,0.97,0.48862923299262917,0.48058682866478003,0.48587880058118665,0.48503162074619866
TRAIN_1776,0.46,0.4836562137665283,0.48288845041797324,0.47952046457487346,0.4820217095864583
TRAIN_1777,0.82,0.5597218411995392,0.5567871335137933,0.5573143045910899,0.5579410931014741
TRAIN_1778,0.63,0.6325561781953557,0.6328751658139296,0.6326823870092874,0.6327045770061909
TRAIN_1779,0.54,0.4683744944873746,0.46147942833372824,0.4664306905746377,0.46542820446524685
TRAIN_1780,0.22,0.2414397684300195,0.24106203284027683,0.24098390674030573,0.24116190267020068
TRAIN_1781,0.62,0.6198104976331004,0.6196240310228993,0.4754602844182021,0.5716316043580673
TRAIN_1782,0.18,0.49326859128271006,0.4801256252939974,0.4939148500066808,0.4891030221944628
TRAIN_1783,0.64,0.3886587262627877,0.36720000952503573,0.5491965009549697,0.43501841224759774
TRAIN_1784,0.23,0.5803959984073835,0.2323669620379219,0.23292579851325468,0.3485629196528534
TRAIN_1785,0.15,0.16267237976090365,0.16229435093340677,0.4037935523000862,0.24292009433146555
TRAIN_1786,0.53,0.5242004689143778,0.5242790524777327,0.5231691960836559,0.5238829058252553
TRAIN_1787,0.24,0.28802060644172534,0.48960185389157174,0.49694145688600616,0.4248546390731011
TRAIN_1788,0.26,0.49016646119862217,0.4848077520904337,0.4897281300036297,0.4882341144308952
TRAIN_1789,0.54,0.7000952840426105,0.5380207938768883,0.7856116622851805,0.6745759134015596
TRAIN_1790,0.38,0.4883906074995401,0.4941888686038502,0.49148740478844904,0.49135562696394647
TRAIN_1791,0.65,0.494487631575603,0.3968997964093167,0.5696526360362784,0.4870133546737327
TRAIN_1792,0.89,0.4899899330698963,0.4960493804239733,0.4944390002979902,0.49349277126395324
TRAIN_1793,0.51,0.4699284194647953,0.48916541270829533,0.4901402222569705,0.48307801814335366
TRAIN_1794,0.58,0.7452259507853969,0.7537539125051174,0.7529516571136645,0.7506438401347263
TRAIN_1795,0.96,0.5497134267839455,0.5664053599498114,0.5641928150491556,0.5601038672609708
TRAIN_1796,0.61,0.615018326276496,0.49723117070317446,0.43998517029691614,0.5174115557588622
TRAIN_1797,0.58,0.5410280060650638,0.5263780282100243,0.5330094229791501,0.5334718190847462
TRAIN_1798,0.25,0.8225358068446448,0.815111892712759,0.44921702506958566,0.6956215748756631
TRAIN_1799,0.97,0.5633352173756121,0.5735442424699198,0.5477826861655969,0.5615540486703763
TRAIN_1800,0.27,0.48968252746638796,0.4915056407346534,0.4889362033439689,0.4900414571816701
TRAIN_1801,0.38,0.48970201354600934,0.486134376363675,0.48973763452145574,0.48852467481038003
TRAIN_1802,0.76,0.5726724313571119,0.5781206946004029,0.5092628276981125,0.5533519845518757
TRAIN_1803,0.31,0.4936885420851884,0.3101171517964648,0.4896810378128418,0.431162243898165
TRAIN_1804,0.58,0.5799614582245581,0.5796822171907725,0.5796632152662891,0.57976896356054
TRAIN_1805,0.59,0.5896796466849445,0.5895594671889279,0.5051296776086501,0.5614562638275076
TRAIN_1806,0.69,0.4749985368850656,0.6492987048262042,0.46860848309586567,0.5309685749357118
TRAIN_1807,0.34,0.4791330308218963,0.47890743118241386,0.475588200105968,0.477876220703426
TRAIN_1808,0.86,0.6439934486529024,0.643152391122189,0.6497947895710797,0.6456468764487237
TRAIN_1809,0.06,0.4911742338159031,0.4907675000493607,0.4899183283092388,0.4906200207248342
TRAIN_1810,0.44,0.4393416237597274,0.43744467654393465,0.39610370211837836,0.42429666747401346
TRAIN_1811,0.15,0.15095430773315238,0.15037533030179118,0.1509290573303792,0.1507528984551076
TRAIN_1812,0.83,0.23088021830361238,0.2637019046828229,0.8169762033800021,0.4371861087888125
TRAIN_1813,0.09,0.3454231798995299,0.34534465944327136,0.34837074492101905,0.3463795280879401
TRAIN_1814,0.98,0.9790215974400616,0.9792865927379057,0.49508142331218213,0.8177965378300498
TRAIN_1815,0.1,0.106053969933248,0.10761289626832948,0.571233449306494,0.2616334385026905
TRAIN_1816,0.68,0.4987730976507038,0.49280511384204956,0.49589054692395906,0.49582291947223744
TRAIN_1817,0.56,0.32487476483875105,0.48249788816240485,0.5534440356544165,0.45360556288519077
TRAIN_1818,0.01,0.016301264732835608,0.018375169561427707,0.01750616141354122,0.017394198569268177
TRAIN_1819,0.55,0.37569387496432094,0.3664015228807209,0.47437702564846257,0.40549080783116814
TRAIN_1820,0.97,0.49877633185722575,0.5257262327841963,0.5308895023463959,0.5184640223292726
TRAIN_1821,0.12,0.1592513912267679,0.14405923750300287,0.1527230406684374,0.15201122313273605
TRAIN_1822,0.17,0.17960561359846594,0.17881037431377367,0.17976481005471417,0.1793935993223179
TRAIN_1823,0.19,0.48808459856564024,0.19077794282308136,0.19081812564345657,0.2898935556773927
TRAIN_1824,0.73,0.47540841985946525,0.4774308145810448,0.4896152383912527,0.4808181576105876
TRAIN_1825,0.59,0.5892036334539849,0.481882970463573,0.5896570434940483,0.5535812158038688
TRAIN_1826,0.78,0.5403282080046399,0.5159610651704287,0.6253465149368015,0.5605452627039567
TRAIN_1827,0.85,0.7605617605602403,0.7027086375289748,0.703698550588828,0.722322982892681
TRAIN_1828,0.19,0.19108392996980494,0.19180402559641435,0.19165088067407027,0.19151294541342986
TRAIN_1829,0.47,0.49556906576582155,0.5015630660411072,0.4970210138818744,0.4980510485629344
TRAIN_1830,0.21,0.49777585063189206,0.5033824737432425,0.49733964011470316,0.4994993214966126
TRAIN_1831,0.74,0.5979618588630539,0.5997993377408902,0.6016501282501256,0.5998037749513566
TRAIN_1832,0.24,0.24547691211420944,0.2453817858127024,0.49487279402576806,0.3285771639842266
TRAIN_1833,0.25,0.2570882804378319,0.25681749666197246,0.25762879711679776,0.25717819140553405
TRAIN_1834,0.24,0.4915858140722342,0.493942526505162,0.49367674641342874,0.493068362330275
TRAIN_1835,0.12,0.49342878198553364,0.4911127073680789,0.4922374778000869,0.4922596557178998
TRAIN_1836,0.95,0.48913021413353347,0.4941765282285785,0.49079022010485535,0.49136565415565575
TRAIN_1837,0.28,0.2960960298612548,0.2985302219128323,0.29812294839465936,0.29758306672291546
TRAIN_1838,0.89,0.5030954602943127,0.4980491155327372,0.5047124282255665,0.5019523346842054
TRAIN_1839,0.21,0.509666891368596,0.5083728928757582,0.5132671719016607,0.5104356520486717
TRAIN_1840,0.28,0.27805368747370734,0.27767727213105886,0.28445441203187866,0.28006179054554825
TRAIN_1841,0.29,0.2929998827932108,0.29192136929422524,0.29344112973020825,0.2927874606058814
TRAIN_1842,0.12,0.12014530530062312,0.12018027061985043,0.4894583143643618,0.2432612967616118
TRAIN_1843,0.01,0.13535607646507952,0.34625379225979497,0.15765538807416762,0.21308841893301403
TRAIN_1844,0.54,0.4109048308488511,0.4169106889501183,0.45062476810608965,0.4261467626350197
TRAIN_1845,0.34,0.48821018893083284,0.49360758201966176,0.49322872597525835,0.49168216564191763
TRAIN_1846,0.37,0.363000181674346,0.3084654211582145,0.379198131152514,0.3502212446616915
TRAIN_1847,0.52,0.519781486053124,0.5199252276211729,0.5202206613160494,0.5199757916634488
TRAIN_1848,0.53,0.5249868800839413,0.5249479916590151,0.5250308327235643,0.524988568155507
TRAIN_1849,0.21,0.5297577662704227,0.32606030594129953,0.32620867543993404,0.39400891588388537
TRAIN_1850,0.54,0.6078044001420424,0.6056614882844478,0.6060468495812039,0.6065042460025647
TRAIN_1851,0.36,0.488238439391765,0.4942588579139775,0.48984738060874844,0.4907815593048303
TRAIN_1852,0.12,0.5328572613434316,0.5244699045440498,0.5250087433924869,0.5274453030933227
TRAIN_1853,0.4,0.5501314943965205,0.6754273021218934,0.6559334300575269,0.6271640755253136
TRAIN_1854,0.33,0.3649010214149306,0.3850628742704092,0.357805551449077,0.36925648237813896
TRAIN_1855,0.5,0.4908164912051382,0.4866853983162708,0.4943686809927052,0.49062352350470473
TRAIN_1856,0.44,0.4895025299130881,0.485874004536888,0.49063940593345273,0.4886719801278096
TRAIN_1857,0.56,0.5600056406353194,0.4921031715900618,0.5600070376487122,0.5373719499580312
TRAIN_1858,0.08,0.5168019316602107,0.5055752565767498,0.5282147112042959,0.5168639664804188
TRAIN_1859,0.42,0.4385309051317007,0.43404025828194714,0.44141835655665584,0.43799650665676787
TRAIN_1860,0.84,0.4957506804791917,0.4901815365336516,0.49511111809569125,0.49368111170284484
TRAIN_1861,0.24,0.5119488656981103,0.5154308754833706,0.5119115834716739,0.5130971082177183
TRAIN_1862,0.24,0.24041883621236804,0.5082836361494272,0.2419124827453854,0.3302049850357269
TRAIN_1863,0.26,0.26012636982822424,0.2602886137816922,0.49111066731073694,0.33717521697355113
TRAIN_1864,0.33,0.33011196530672327,0.5007086495626535,0.3297292033647451,0.38684993941137397
TRAIN_1865,0.25,0.2503270971726542,0.2506472542911836,0.25036629315863235,0.2504468815408234
TRAIN_1866,0.52,0.5717299225899442,0.5771505819895639,0.5709309744672776,0.5732704930155953
TRAIN_1867,0.16,0.44996774517653476,0.4908438511559834,0.4906105549107906,0.4771407170811029
TRAIN_1868,0.54,0.4852813615519168,0.48458654839316884,0.4867201170052633,0.485529342316783
TRAIN_1869,0.43,0.4359124486745165,0.3162125346630546,0.4302948197691895,0.3941399343689202
TRAIN_1870,0.82,0.5058248125522585,0.48815962220554127,0.507611700088913,0.5005320449489042
TRAIN_1871,0.5,0.49927264196694765,0.4994888689515378,0.4990059476692915,0.49925581952925907
TRAIN_1872,0.57,0.5290883849122326,0.5623269488706142,0.528325129242493,0.5399134876751132
TRAIN_1873,0.43,0.4256759495330401,0.4246145614806831,0.42554209521682795,0.4252775354101837
TRAIN_1874,0.67,0.6660435838616585,0.671135115462328,0.6765100137833772,0.6712295710357878
TRAIN_1875,0.85,0.29953347089662874,0.846271535527289,0.3009241447911137,0.4822430504050104
TRAIN_1876,0.13,0.6344299999386318,0.6535120331109152,0.6082341665470979,0.6320587331988817
TRAIN_1877,0.37,0.489615884015338,0.47610114407050746,0.48857292916055217,0.48476331908213255
TRAIN_1878,0.65,0.49426445919169454,0.4979246858151023,0.49298924363498975,0.49505946288059555
TRAIN_1879,0.64,0.641377537954338,0.641052787298142,0.6418763561230671,0.6414355604585157
TRAIN_1880,0.66,0.6439743691636779,0.6347990696255581,0.6648290213950884,0.6478674867281081
TRAIN_1881,0.28,0.28022390010870735,0.28066370249787576,0.280595861076218,0.280494487894267
TRAIN_1882,0.65,0.33843177946698166,0.33453263916834886,0.3399301153399932,0.3376315113251079
TRAIN_1883,0.33,0.33107466154166093,0.33111572519911775,0.33133689617511547,0.3311757609719647
TRAIN_1884,0.2,0.4746072452419268,0.47397791134983214,0.5024743598319149,0.483686505474558
TRAIN_1885,0.85,0.5312691577527208,0.5188469046643394,0.4275254389265397,0.4925471671145332
TRAIN_1886,0.21,0.6354955615883127,0.6302130857438455,0.6331964879676804,0.6329683784332795
TRAIN_1887,0.11,0.5199156398411463,0.5283822218739169,0.5282171738461576,0.5255050118537402
TRAIN_1888,0.34,0.34016570013559266,0.34056143133620026,0.3400541223686835,0.34026041794682543
TRAIN_1889,0.79,0.45359153508782185,0.4499380526386982,0.45566046425268014,0.4530633506597334
TRAIN_1890,0.61,0.49170721827098024,0.5013537754939653,0.4938263539116742,0.4956291158922066
TRAIN_1891,0.77,0.4244924362829782,0.4248457947291908,0.4226303294099865,0.4239895201407185
TRAIN_1892,0.12,0.1179591464951939,0.11823263692434643,0.1170362520029194,0.11774267847415325
TRAIN_1893,0.9,0.8973610937947084,0.897797157196163,0.8973319787876106,0.8974967432594939
TRAIN_1894,0.63,0.6301534350302143,0.6298314235187666,0.6302463533551156,0.6300770706346989
TRAIN_1895,0.46,0.46276089664914344,0.4628770674334101,0.4596184377230227,0.46175213393519215
TRAIN_1896,0.13,0.16736853766092635,0.167879256441806,0.16761193774945848,0.16761991061739692
TRAIN_1897,0.85,0.8423343927523819,0.4986476078344578,0.8425452403631317,0.7278424136499905
TRAIN_1898,0.39,0.3977284398721178,0.39765117607356293,0.3994985896364936,0.3982927351940581
TRAIN_1899,0.32,0.4881015542592559,0.4887749735745501,0.48842177156969013,0.488432766467832
TRAIN_1900,0.07,0.49897503723831493,0.5046440818409427,0.5022735527620493,0.5019642239471023
TRAIN_1901,0.66,0.49667226448577195,0.49293880072851204,0.48994240507563247,0.49318449009663884
TRAIN_1902,0.54,0.48966682921145416,0.5392035654758233,0.48778324436659615,0.5055512130179579
TRAIN_1903,0.32,0.4901372336321684,0.48236459692212613,0.49350366944810226,0.4886685000007989
TRAIN_1904,0.43,0.3898034382066328,0.44829286455472733,0.41602560744443495,0.4180406367352651
TRAIN_1905,0.72,0.492159328586854,0.488597326817837,0.4933012950021064,0.49135265013559914
TRAIN_1906,0.02,0.5349099052252324,0.4965684119283588,0.5245962769700805,0.5186915313745573
TRAIN_1907,0.42,0.4756578509948481,0.4726137972159221,0.47082412327298595,0.47303192382791875
TRAIN_1908,0.61,0.6100915598638509,0.6097505276928248,0.6101489935233233,0.6099970270266662
TRAIN_1909,0.41,0.41072190772275086,0.4112145360145662,0.4116808443726507,0.4112057627033226
TRAIN_1910,0.91,0.9027603934505005,0.5503746518761532,0.906398576927603,0.7865112074180854
TRAIN_1911,0.94,0.5094854812349038,0.5486519371380519,0.5077658462552885,0.5219677548760814
TRAIN_1912,0.86,0.4894975738305357,0.48418180543664224,0.4892295188575477,0.48763629937490854
TRAIN_1913,0.41,0.5045390597521457,0.4239235166338189,0.4231251774708245,0.45052925128559634
TRAIN_1914,0.54,0.5402319882068123,0.5403742905168989,0.5402379593605937,0.5402814126947683
TRAIN_1915,0.53,0.49124567521318996,0.49507866527186195,0.49174907517883254,0.49269113855462815
TRAIN_1916,0.63,0.46515009544865343,0.4672977759840396,0.46336732136094944,0.46527173093121416
TRAIN_1917,0.83,0.44324261190609626,0.41157357948091006,0.4178500388268605,0.4242220767379556
TRAIN_1918,0.57,0.4898532978695182,0.48397667591053617,0.48972750365543366,0.487852492478496
TRAIN_1919,0.03,0.023171006771482205,0.02119646775806633,0.4488595062380319,0.16440899358919348
TRAIN_1920,0.67,0.6665055898592233,0.49579308223943175,0.49028014079190513,0.5508596042968533
TRAIN_1921,0.72,0.4904022862869921,0.4849451395001523,0.4899601784126113,0.48843586806658523
TRAIN_1922,0.34,0.4864768634805269,0.4854599956184764,0.4866094004054447,0.4861820865014827
TRAIN_1923,0.98,0.814873291125235,0.4412900669690369,0.8201553962635952,0.6921062514526225
TRAIN_1924,0.73,0.7301912422947793,0.7299904587694023,0.5347919811495807,0.6649912274045874
TRAIN_1925,0.71,0.7088826978117583,0.7089164185492125,0.36115483347879074,0.5929846499465872
TRAIN_1926,0.82,0.8128415303721572,0.8126132562841949,0.49682245992257673,0.7074257488596429
TRAIN_1927,0.08,0.45362903695651025,0.45202205768845893,0.45296892366553754,0.45287333943683555
TRAIN_1928,0.17,0.17126472191477093,0.17128026173410021,0.17127204808334112,0.17127234391073742
TRAIN_1929,0.06,0.061172370426156975,0.06099375966479148,0.5023366620529923,0.2081675973813136
TRAIN_1930,0.24,0.7635238297934661,0.2394873688623318,0.39138828325818836,0.46479982730466207
TRAIN_1931,0.4,0.6217064424383785,0.40130043546506955,0.6198652392066232,0.5476240390366903
TRAIN_1932,0.5,0.4871281512509954,0.413839418442715,0.42789162189064317,0.44295306386145117
TRAIN_1933,0.52,0.5089479396962744,0.4924661527764564,0.49722362750881416,0.499545906660515
TRAIN_1934,0.76,0.4904120729233426,0.7374261586785521,0.7375329818753404,0.6551237378257451
TRAIN_1935,0.28,0.2818290125473126,0.2819617640222667,0.2816546763528526,0.28181515097414395
TRAIN_1936,0.3,0.3277447270693994,0.3358910260961121,0.3342035659632997,0.3326131063762704
TRAIN_1937,0.06,0.09383267076890967,0.09346617804693153,0.0945863151719677,0.09396172132926962
TRAIN_1938,0.48,0.5053618839191735,0.5188732614276895,0.5194803764028869,0.5145718405832499
TRAIN_1939,0.19,0.4891585675948024,0.49488370561865114,0.48930912596578807,0.4911171330597472
TRAIN_1940,0.38,0.4025424395646641,0.39539625892514996,0.46505813268607493,0.42099894372529634
TRAIN_1941,0.77,0.7695266287982959,0.7702499785436114,0.7695142418992955,0.7697636164137341
TRAIN_1942,0.09,0.1004285948998691,0.4868417182360627,0.10045169021518835,0.22924066778370675
TRAIN_1943,0.67,0.4801114957170112,0.4796229570370366,0.4742268628327271,0.4779871051955917
TRAIN_1944,0.3,0.41041492034391475,0.40477453560324617,0.6557935570084247,0.49032767098519514
TRAIN_1945,0.67,0.496804549651727,0.4987803852293739,0.49676053772586815,0.4974484908689896
TRAIN_1946,0.15,0.2143457365282767,0.1896221532038233,0.1906763988370928,0.1982147628563976
TRAIN_1947,0.34,0.4922949523277701,0.49467241413813096,0.48845134549320346,0.49180623731970147
TRAIN_1948,0.83,0.4408326181285124,0.8309499323455799,0.8316980112783876,0.7011601872508266
TRAIN_1949,0.5,0.49977887873011106,0.4996630110742263,0.49957332130131205,0.49967173703521645
TRAIN_1950,0.9,0.4715847196475919,0.46447328587731274,0.47481815805904076,0.4702920545279818
TRAIN_1951,0.04,0.49880560097576054,0.4820796542997375,0.511770448793581,0.4975519013563597
TRAIN_1952,0.0,0.01105199828411918,0.009612249661861028,0.009974874028615355,0.010213040658198521
TRAIN_1953,0.16,0.1583821787203999,0.1588748414763862,0.15829180190206438,0.15851627403295016
TRAIN_1954,0.6,0.5246650612772765,0.5007143415499044,0.49973497455075866,0.5083714591259799
TRAIN_1955,0.88,0.4891244447951036,0.4894359711072624,0.48909193239063753,0.48921744943100115
TRAIN_1956,0.96,0.9501948614938235,0.9503530447850105,0.9495802169015727,0.9500427077268022
TRAIN_1957,0.13,0.4933637192384586,0.495523439883731,0.4903528972295794,0.493080018783923
TRAIN_1958,0.11,0.11477250493545449,0.11798543994556293,0.11472316981024372,0.11582703823042038
TRAIN_1959,0.87,0.49407904896592925,0.4937404791175586,0.4907172526125261,0.49284559356533797
TRAIN_1960,0.97,0.9732844013701163,0.684703170050249,0.9854788801992902,0.8811554838732185
TRAIN_1961,0.64,0.46073228361993485,0.46106235280828206,0.45842016894304405,0.4600716017904203
TRAIN_1962,0.62,0.6106044720710635,0.5327624905566701,0.5109625126277002,0.5514431584184779
TRAIN_1963,0.76,0.4564297811331042,0.46153410660011773,0.45911315027282074,0.45902567933534755
TRAIN_1964,0.66,0.4644425617586117,0.45052433883830506,0.4591599203781097,0.4580422736583422
TRAIN_1965,0.12,0.11213662150495363,0.15278008723831066,0.16567192509449252,0.1435295446125856
TRAIN_1966,0.07,0.37193582423113913,0.37585048157440953,0.36478423111782976,0.37085684564112614
TRAIN_1967,0.69,0.5846873895963924,0.5855338442936415,0.5002251117997603,0.5568154485632647
TRAIN_1968,0.46,0.45629482835276286,0.4595744889819589,0.44665978200247736,0.45417636644573306
TRAIN_1969,0.54,0.5122392896128276,0.5143914736717734,0.49795668617847205,0.5081958164876911
TRAIN_1970,0.62,0.3138870448146767,0.5117838808440357,0.3145476864166441,0.3800728706917855
TRAIN_1971,0.54,0.49270019794528547,0.4781921117438773,0.4913314529637216,0.4874079208842948
TRAIN_1972,0.16,0.151452857067772,0.15124950889276784,0.5774100540515992,0.293370806670713
TRAIN_1973,0.17,0.1704001252957223,0.17028690253153883,0.17037431584153878,0.1703537812229333
TRAIN_1974,0.14,0.37527164461400375,0.3888988490960748,0.39276146186913563,0.38564398519307136
TRAIN_1975,0.88,0.509075005154537,0.5373552923235535,0.5416171318601097,0.5293491431127334
TRAIN_1976,0.39,0.2578423514656793,0.2968263257261667,0.2587097211451096,0.2711261327789852
TRAIN_1977,0.71,0.5859003311919317,0.569599647429081,0.5595737421796126,0.5716912402668751
TRAIN_1978,0.73,0.6116259998119336,0.5100498908040649,0.5550049418547707,0.5588936108235897
TRAIN_1979,0.91,0.5011143297233703,0.4844894585937372,0.5010127420914083,0.49553884346950533
TRAIN_1980,0.05,0.48806561642223606,0.4842133611541464,0.48397638792009007,0.4854184551654908
TRAIN_1981,0.68,0.48905969347728223,0.48418116425671803,0.491053077907553,0.4880979785471844
TRAIN_1982,0.66,0.15866807946931405,0.15021930839000724,0.3328045771226077,0.21389732166064301
TRAIN_1983,0.9,0.6565166860983901,0.6541406022534326,0.4900122167320414,0.6002231683612881
TRAIN_1984,0.3,0.5256356070322883,0.5213690741761591,0.5274086114479153,0.5248044308854541
TRAIN_1985,0.27,0.2873836279578476,0.2876886800988766,0.49231853803571757,0.3557969486974806
TRAIN_1986,0.75,0.47739795738103113,0.47808727256214856,0.47681217821456473,0.4774324693859148
TRAIN_1987,0.03,0.08382069037724715,0.0709675554333446,0.08124509628982268,0.07867778070013814
TRAIN_1988,0.8,0.518505258825894,0.3541595103436371,0.3551457197951312,0.4092701629882208
TRAIN_1989,0.1,0.2724190787269603,0.4222181233270543,0.43945730772404407,0.37803150325935286
TRAIN_1990,0.23,0.2313623512833567,0.23086543409354238,0.6131978526426688,0.3584752126731893
TRAIN_1991,0.71,0.4914580597556858,0.5950761897170989,0.6018414410054581,0.5627918968260809
TRAIN_1992,0.37,0.3709840051001623,0.37097799542513354,0.37089551082687316,0.37095250378405636
TRAIN_1993,0.74,0.7297104336686249,0.6356723802330178,0.7281905033048824,0.6978577724021751
TRAIN_1994,0.78,0.7835067445095789,0.7831530191861722,0.7831047097310744,0.7832548244756085
TRAIN_1995,0.57,0.5685827405064213,0.5684205152857862,0.5685147834775144,0.5685060130899072
TRAIN_1996,0.19,0.48803394798049465,0.190828024931744,0.19083958489707414,0.28990051926977095
TRAIN_1997,0.19,0.48937155261902127,0.4846527246219192,0.49097135912656104,0.4883318787891671
TRAIN_1998,0.52,0.5198603527445911,0.5204735700836984,0.5205010661507197,0.5202783296596697
TRAIN_1999,0.38,0.4467548011439117,0.38891826332288215,0.4454247760841814,0.42703261351699173
TRAIN_2000,0.45,0.49998188004346455,0.5026185357735857,0.5018825605502967,0.5014943254557823
TRAIN_2001,0.38,0.38230702868080296,0.4918604865385304,0.3823901657775914,0.4188525603323083
TRAIN_2002,0.98,0.9465122710968945,0.9453120343994927,0.9435694528567102,0.9451312527843658
TRAIN_2003,0.32,0.5189365892395208,0.5250089730679821,0.5181477270073627,0.5206977631049552
TRAIN_2004,0.61,0.6100033124587658,0.6101703071544039,0.6099463456312852,0.6100399884148183
TRAIN_2005,0.85,0.48986342745516087,0.49514614300650805,0.4905419490720406,0.49185050651123646
TRAIN_2006,0.58,0.5801479960651451,0.5798145639401526,0.5799887113680837,0.5799837571244605
TRAIN_2007,0.06,0.49089272024741737,0.49404064082311877,0.4905343733823576,0.4918225781509646
TRAIN_2008,0.09,0.4866192651046597,0.4890938654188964,0.4856927143582131,0.48713528162725633
TRAIN_2009,0.2,0.2061814962752112,0.2070719102415436,0.2065644912774814,0.20660596593141203
TRAIN_2010,0.46,0.5150158091577312,0.5010990948029873,0.5135106620853631,0.5098751886820272
TRAIN_2011,0.61,0.6097530379466591,0.6098738543053697,0.6091731962006045,0.6096000294842111
TRAIN_2012,0.59,0.49189365324731593,0.48412944861959983,0.49242296165033844,0.48948202117241807
TRAIN_2013,0.98,0.4533830281177141,0.4544900127161022,0.45311966173061796,0.4536642341881447
TRAIN_2014,0.13,0.15082744301105638,0.1501209268203026,0.15224315728780757,0.1510638423730555
TRAIN_2015,0.12,0.4902185770656617,0.49633767985833527,0.4956679879164665,0.49407474828015446
TRAIN_2016,0.32,0.3521739584798003,0.3232171046259753,0.3369254207741732,0.3374388279599829
TRAIN_2017,0.29,0.2992106086511169,0.29863373098090407,0.2993559525020289,0.2990667640446833
TRAIN_2018,0.53,0.530098044270694,0.5293591170323758,0.4993872400919443,0.5196148004650046
TRAIN_2019,0.47,0.4702879015014045,0.4706013324942082,0.46981935630590344,0.47023619676717204
TRAIN_2020,0.13,0.1370366654517408,0.13750038282158278,0.13759140683698384,0.1373761517034358
TRAIN_2021,0.89,0.44219906225463834,0.43720808546418677,0.4430952091345353,0.4408341189511202
TRAIN_2022,0.43,0.4086439389252515,0.3298660091118638,0.41439277085584436,0.38430090629765323
TRAIN_2023,0.13,0.4911748186638905,0.4941547554374474,0.4884274167800923,0.4912523302938101
TRAIN_2024,0.1,0.10040597148853164,0.1005458017351758,0.10033272862608883,0.10042816728326542
TRAIN_2025,0.3,0.406078476503564,0.45591318204387093,0.713549765431697,0.5251804746597107
TRAIN_2026,0.9,0.6583543757242927,0.6512522407598966,0.49026163984826093,0.59995608544415
TRAIN_2027,0.31,0.3389608692410736,0.33197841282844676,0.3394029763498758,0.3367807528064654
TRAIN_2028,0.21,0.21014494167465658,0.20961448652142817,0.20997006557821135,0.2099098312580987
TRAIN_2029,0.03,0.16262111914508665,0.5076404222505266,0.16370223756426638,0.2779879263199599
TRAIN_2030,0.08,0.49070702448811304,0.08100165733417969,0.08081162136167497,0.21750676772798924
TRAIN_2031,0.44,0.5557577361215685,0.5574866210891123,0.5560661743283354,0.5564368438463387
TRAIN_2032,0.05,0.5078452793725242,0.5068320977741702,0.4916528415661397,0.502110072904278
TRAIN_2033,0.72,0.5725675259063057,0.7168125377899035,0.5745134798602283,0.6212978478521458
TRAIN_2034,0.71,0.6181041281872952,0.6177498904690556,0.6138764202059968,0.6165768129541159
TRAIN_2035,0.82,0.8203078304449869,0.8206446296082247,0.8198134970135249,0.8202553190222455
TRAIN_2036,0.77,0.7426565481624285,0.4893868869140607,0.7404361807195088,0.6574932052653327
TRAIN_2037,0.67,0.5394696689475335,0.554205619895995,0.5443314066564259,0.5460022318333181
TRAIN_2038,0.35,0.535683075584725,0.5424176477149064,0.5350472962945086,0.53771600653138
TRAIN_2039,0.59,0.6399663030128862,0.5985853491342672,0.5994841092333301,0.6126785871268278
TRAIN_2040,0.33,0.4768925658585451,0.47447613622181917,0.4758336093295054,0.4757341038032899
TRAIN_2041,0.55,0.6498162120584507,0.6498623188014728,0.6469774643519705,0.648885331737298
TRAIN_2042,0.8,0.7996235782970091,0.7996914584679544,0.7995332194600162,0.7996160854083266
TRAIN_2043,0.12,0.130106185781368,0.13015450252232957,0.13072596952536647,0.13032888594302136
TRAIN_2044,0.25,0.488325297648193,0.48333941287430193,0.505983185060209,0.49254929852756796
TRAIN_2045,0.55,0.5640716895548492,0.4860353992010048,0.5668498958075149,0.5389856615211229
TRAIN_2046,0.65,0.4959648343628953,0.4979819390321259,0.4965809841182289,0.49684258583775004
TRAIN_2047,0.54,0.5398029848371283,0.5387667111058299,0.538961692543474,0.5391771294954775
TRAIN_2048,0.53,0.5302489855548738,0.530240941194911,0.4995427365580156,0.5200108877692668
TRAIN_2049,0.36,0.6494039035441247,0.6255284417699456,0.6571730740309145,0.6440351397816616
TRAIN_2050,0.82,0.3757378532836068,0.4140072639881903,0.4662580944922815,0.4186677372546928
TRAIN_2051,0.02,0.49339059179405,0.023564264055221107,0.023378299634424282,0.18011105182789847
TRAIN_2052,0.8,0.799523271610493,0.7990071070602158,0.7985850834400585,0.7990384873702557
TRAIN_2053,0.1,0.48696002336542626,0.48259180558848996,0.11020354122504472,0.3599184567263203
TRAIN_2054,0.72,0.5757351785757189,0.722940546616883,0.5777415355669921,0.6254724202531979
TRAIN_2055,0.23,0.48853895171950823,0.23533816754075707,0.23574250941837888,0.31987320955954807
TRAIN_2056,0.99,0.9788483328967035,0.9792653992534233,0.9795074563947643,0.979207062848297
TRAIN_2057,0.74,0.5021022459201837,0.4944994648013241,0.5000063359654925,0.49886934889566675
TRAIN_2058,0.12,0.37355118550027644,0.3730871772208572,0.386822329708153,0.37782023080976224
TRAIN_2059,0.92,0.48723344984436256,0.8845206143675278,0.8840527322958094,0.7519355988358999
TRAIN_2060,0.79,0.44473537341332003,0.4537763592404767,0.44813489255345085,0.4488822084024158
TRAIN_2061,0.73,0.7297770038684048,0.7299939665147291,0.7297819584097311,0.7298509762642884
TRAIN_2062,0.37,0.6527255428099231,0.5775155814811959,0.6014887829986109,0.6105766357632433
TRAIN_2063,0.76,0.7588046166423794,0.7589199616366571,0.7589506928332607,0.7588917570374324
TRAIN_2064,0.11,0.447163407803857,0.4471892393506294,0.44494566853310896,0.4464327718958651
TRAIN_2065,0.93,0.9288252237844288,0.9293694003257946,0.929571695763746,0.9292554399579899
TRAIN_2066,0.27,0.2793587977863733,0.27891544975511073,0.27917219529974213,0.2791488142804087
TRAIN_2067,0.94,0.5011042377241665,0.4952554378363556,0.5031905993183927,0.49985009162630495
TRAIN_2068,0.6,0.6002518453372652,0.6003651426724234,0.6005982507169404,0.6004050795755429
TRAIN_2069,0.5,0.5204786917972504,0.5180569020190318,0.5187971369152692,0.5191109102438505
TRAIN_2070,0.04,0.041094132592409904,0.03875820013575715,0.03929650332672574,0.03971627868496427
TRAIN_2071,0.96,0.492087638356564,0.4823097611346017,0.4878987033163488,0.48743203426917153
TRAIN_2072,0.54,0.5387860268020076,0.5388133317440045,0.5389720987039572,0.5388571524166564
TRAIN_2073,0.24,0.22850901071455182,0.23063878565260387,0.2321523633416051,0.23043338656958692
TRAIN_2074,0.57,0.5707181123851773,0.5704179769202238,0.5707865127873168,0.5706408673642394
TRAIN_2075,0.09,0.48457761487609186,0.4930101580657016,0.4863105967058664,0.48796612321588667
TRAIN_2076,0.71,0.4789261926938313,0.7077173853680491,0.7089307207707105,0.6318580996108636
TRAIN_2077,0.63,0.6273045823892921,0.6273921687558665,0.6274832932417438,0.6273933481289674
TRAIN_2078,0.54,0.5380693158611803,0.5381009922940527,0.538043715569479,0.5380713412415707
TRAIN_2079,0.62,0.6162685434719987,0.6160861767873714,0.6164077974580011,0.6162541725724571
TRAIN_2080,0.73,0.7226284844048986,0.5060603363689515,0.4733884927891655,0.5673591045210052
TRAIN_2081,0.31,0.4885261243583076,0.3416284809443163,0.33936678316072755,0.3898404628211171
TRAIN_2082,0.86,0.491338433396015,0.7144852808638638,0.7110882678538645,0.6389706607045812
TRAIN_2083,0.83,0.7668641501405915,0.7883428992046216,0.7840294471330713,0.7797454988260948
TRAIN_2084,0.49,0.4902557759054889,0.48300446759990473,0.48661379757368795,0.48662468035969386
TRAIN_2085,0.33,0.34235136594177246,0.3422451193701952,0.5108635532783428,0.39848667953010347
TRAIN_2086,0.83,0.769126294081055,0.7698128476702412,0.47847324083637016,0.6724707941958887
TRAIN_2087,0.22,0.41791244987562676,0.27066666336791295,0.2722464951918985,0.3202752028118127
TRAIN_2088,0.29,0.4979729545291565,0.497106017142456,0.49687146880043115,0.4973168134906812
TRAIN_2089,0.36,0.46400471098792545,0.4521584084313529,0.3980915855793422,0.4380849016662068
TRAIN_2090,0.28,0.2802204157917751,0.28088717154424836,0.28058343602739055,0.28056367445447133
TRAIN_2091,0.33,0.5198358260896697,0.5082454748326516,0.5227579738939765,0.516946424938766
TRAIN_2092,0.75,0.45223693333118514,0.45467637691427687,0.44951887785626526,0.4521440627005758
TRAIN_2093,0.02,0.020031694484862805,0.48955201603353576,0.019456248579124924,0.17634665303250782
TRAIN_2094,0.04,0.4932093823635755,0.465067811176099,0.47212145726120175,0.4767995502669588
TRAIN_2095,0.28,0.48841830089256194,0.4889777935813408,0.4896210899868848,0.48900572815359583
TRAIN_2096,0.86,0.8589694869317279,0.8591489114956391,0.8591364723473536,0.8590849569249069
TRAIN_2097,0.77,0.7656169334692625,0.7646929457392864,0.7648239866359372,0.765044621948162
TRAIN_2098,0.69,0.6849746938791164,0.6855028343287894,0.6860790920373873,0.6855188734150977
TRAIN_2099,0.86,0.6393533080855806,0.6463371877821551,0.6187522755943856,0.6348142571540404
TRAIN_2100,0.8,0.564902019009021,0.5660931062688065,0.5283980853199424,0.5531310701992567
TRAIN_2101,0.87,0.5207541411293146,0.518279076460112,0.5223716071720635,0.5204682749204967
TRAIN_2102,0.62,0.595865767775893,0.21467423842653294,0.690134685546511,0.5002248972496456
TRAIN_2103,0.74,0.7176959933745617,0.3908834390005997,0.4339234045410414,0.514167612305401
TRAIN_2104,0.29,0.393362877977011,0.4019298555544718,0.4603777655660666,0.41855683303251645
TRAIN_2105,0.19,0.4810376242837726,0.4776102859286846,0.48174997134131714,0.48013262718459143
TRAIN_2106,0.11,0.42790654205778134,0.4287305761868423,0.4244928231450028,0.42704331379654215
TRAIN_2107,0.81,0.4888172912778547,0.48448922986014886,0.49073189458661215,0.4880128052415386
TRAIN_2108,0.19,0.4897575904653515,0.4947544514879944,0.48880642219540543,0.49110615471625046
TRAIN_2109,0.94,0.9018888919283592,0.9038324063894604,0.9041155369304567,0.9032789450827586
TRAIN_2110,0.71,0.5540650326521916,0.5557190382921762,0.5518772300647017,0.5538871003363565
TRAIN_2111,0.33,0.3472887731687163,0.34648540016967094,0.34764225759922307,0.3471388103125368
TRAIN_2112,0.06,0.09350220254879382,0.09325634393799687,0.09354671306954498,0.09343508651877856
TRAIN_2113,0.59,0.5923502521677051,0.5928489418022695,0.5929513061911607,0.5927168333870451
TRAIN_2114,0.21,0.31733897534224453,0.3178126183025275,0.3182999798042946,0.31781719114968887
TRAIN_2115,0.75,0.7501695857117423,0.7503349961725667,0.7502138808471599,0.7502394875771564
TRAIN_2116,0.01,0.0658243873671745,0.1415278898254259,0.06792171410700887,0.09175799709986976
TRAIN_2117,0.7,0.6981649875418582,0.6987363481072502,0.69868731667423,0.6985295507744461
TRAIN_2118,0.89,0.4831513973117296,0.4782569102658809,0.4833608162883424,0.4815897079553177
TRAIN_2119,0.62,0.5376693238901707,0.49778926416757974,0.4913477901171703,0.5089354593916403
TRAIN_2120,0.59,0.47158177647459076,0.4752991513288727,0.46912661154381635,0.4720025131157599
TRAIN_2121,0.11,0.17778594672881015,0.17844055394014596,0.4994843821466641,0.28523696093854006
TRAIN_2122,0.23,0.22951367645106568,0.22967298630535304,0.2303277592704252,0.22983814067561462
TRAIN_2123,0.31,0.33921463626650655,0.3491041018786769,0.37124960328504997,0.35318944714341116
TRAIN_2124,0.9,0.4478341432019947,0.44883612407911494,0.4484476589156666,0.4483726420655921
TRAIN_2125,0.86,0.8586689014080163,0.8586914764221139,0.8586117132091751,0.8586573636797684
TRAIN_2126,0.26,0.4872392705928629,0.2610781451430184,0.2608934126252505,0.3364036094537106
TRAIN_2127,0.55,0.49499929779194285,0.49269524544291876,0.49133210653346066,0.4930088832561074
TRAIN_2128,0.39,0.5054668781915356,0.3992913240848508,0.40081746881767855,0.4351918903646883
TRAIN_2129,0.97,0.5189557234675204,0.5258386621029705,0.5638161853535322,0.536203523641341
TRAIN_2130,0.13,0.49342236294765046,0.1301712307487553,0.4894958312903788,0.37102980832892823
TRAIN_2131,0.48,0.4718715341016058,0.46556131665909717,0.4907574145482239,0.4760634217696423
TRAIN_2132,0.28,0.285694833660301,0.28483231530671016,0.2849789992889966,0.28516871608533595
TRAIN_2133,0.31,0.30996846087614494,0.3101890297381955,0.3102355240564506,0.3101310048902637
TRAIN_2134,0.66,0.47326262293729915,0.47917318814006415,0.4746191082702881,0.4756849731158838
TRAIN_2135,0.21,0.2883698799650263,0.4962672436984118,0.2887996480009102,0.35781225722144944
TRAIN_2136,0.45,0.6072152473627966,0.5869362550690109,0.6076649232163219,0.6006054752160431
TRAIN_2137,0.47,0.46999780162492766,0.4699925698002481,0.469815737145064,0.46993536952341325
TRAIN_2138,0.3,0.47469220728776373,0.30144229034497927,0.3028791713131853,0.35967122298197607
TRAIN_2139,0.56,0.4966109190010379,0.5005119866578035,0.48289320252253726,0.49333870272712615
TRAIN_2140,0.67,0.5014930264862739,0.48709029794469405,0.49901571024686364,0.49586634489261056
TRAIN_2141,0.54,0.4929097070465258,0.4981610715793528,0.4929918452772261,0.4946875413010349
TRAIN_2142,0.24,0.4871868017198992,0.4846305334541339,0.4852763270945487,0.4856978874228606
TRAIN_2143,0.76,0.4879900467821986,0.48571258276973595,0.7533416511609539,0.5756814269042961
TRAIN_2144,0.47,0.4697088359300312,0.46743002919951393,0.40874154762381426,0.44862680425111984
TRAIN_2145,0.33,0.485029777593951,0.49259444541148634,0.48748549476005865,0.488369905921832
TRAIN_2146,0.44,0.49159501388894516,0.49685644009559893,0.4919974365765367,0.4934829635203603
TRAIN_2147,0.48,0.47986180131922984,0.48972725574753234,0.4905925651657367,0.4867272074108329
TRAIN_2148,0.81,0.80924090676965,0.8091874126981156,0.8092598427444326,0.809229387404066
TRAIN_2149,0.94,0.5076275395616805,0.5044383678972464,0.9391580397837171,0.6504079824142147
TRAIN_2150,0.19,0.19097354950390255,0.19080275261143703,0.19058561998228368,0.19078730736587443
TRAIN_2151,0.74,0.4949038412645079,0.7380273474020094,0.7375974064959473,0.6568428650541548
TRAIN_2152,0.1,0.4916780356094836,0.42205674138518123,0.4237411274374865,0.4458253014773838
TRAIN_2153,0.02,0.48960178654028974,0.4836634630806632,0.4901091611233693,0.48779147024810743
TRAIN_2154,1.0,0.985377503992954,0.4490350945086722,0.9850184751101642,0.8064770245372634
TRAIN_2155,0.53,0.5294774923072217,0.5288540373803513,0.4911562090824744,0.5164959129233492
TRAIN_2156,0.6,0.4946781912845033,0.49761163253836443,0.49511313027490217,0.4958009846992566
TRAIN_2157,0.23,0.5000374316656591,0.5020111263790806,0.49749697851048147,0.4998485121850737
TRAIN_2158,0.84,0.4865268429823934,0.4931576294210658,0.4885057220126559,0.4893967314720384
TRAIN_2159,0.59,0.4921647503615073,0.4898511145668688,0.4890521901735088,0.490356018367295
TRAIN_2160,0.37,0.3718292383475395,0.37382371401463216,0.3717465916635985,0.37246651467525677
TRAIN_2161,0.99,0.5114743102873748,0.5179151186919104,0.5135357667053152,0.5143083985615334
TRAIN_2162,0.58,0.4953186836970023,0.5030505316203294,0.5027374654498102,0.5003688935890473
TRAIN_2163,0.9,0.8998705275965628,0.8999107832838258,0.899885334107841,0.8998888816627432
TRAIN_2164,0.7,0.4924374112318414,0.4876651186065641,0.4916900265365472,0.4905975187916509
TRAIN_2165,0.73,0.5573509014980677,0.55305645201246,0.5505573713508062,0.5536549082871113
TRAIN_2166,0.19,0.4146580427101187,0.4190756269777736,0.4172943160745045,0.4170093285874656
TRAIN_2167,0.83,0.5125695034305305,0.5078514884839386,0.5042225369962124,0.5082145096368939
TRAIN_2168,0.85,0.8500797490036389,0.8501409986006276,0.4793181660654442,0.7265129712232369
TRAIN_2169,0.86,0.8257127991363744,0.8261487327158514,0.8304124703444273,0.8274246673988843
TRAIN_2170,0.23,0.42536335493015587,0.3235953853816047,0.31846102112690283,0.3558065871462211
TRAIN_2171,0.34,0.6197977932213652,0.622159396531633,0.6210610141356911,0.6210060679628965
TRAIN_2172,0.8,0.4411669497682921,0.7910796649332241,0.7907514641242319,0.674332692941916
TRAIN_2173,0.92,0.4533766109294459,0.451921340926726,0.5017162529316289,0.4690047349292669
TRAIN_2174,0.52,0.5181924530820964,0.5180306261550947,0.470261870187915,0.5021616498083686
TRAIN_2175,0.35,0.4702263313419115,0.4715415121615803,0.47158976964881283,0.4711192043841015
TRAIN_2176,0.96,0.9156318012363831,0.9224836345023288,0.9150876170784884,0.9177343509390669
TRAIN_2177,0.7,0.4851515287163552,0.4849189077112804,0.4905204691634936,0.48686363519704307
TRAIN_2178,0.67,0.6657517380130389,0.6656157097283937,0.665909438647038,0.6657589621294902
TRAIN_2179,0.27,0.4995041017620661,0.5015658198454653,0.4957682208396965,0.4989460474824093
TRAIN_2180,0.47,0.4513747122281137,0.426251404638348,0.4514647726640851,0.4430302965101822
TRAIN_2181,0.64,0.13747377904996355,0.09447943719831076,0.13565543111313721,0.12253621578713718
TRAIN_2182,0.71,0.4818496356413329,0.48554034133090046,0.4821323991276606,0.4831741253666313
TRAIN_2183,0.6,0.5994288530828322,0.4986360102138556,0.5996076080837527,0.5658908237934802
TRAIN_2184,0.8,0.44454551987409036,0.7908598576363528,0.7962567394757203,0.6772207056620546
TRAIN_2185,0.94,0.4909163980176858,0.4834905363038946,0.48942621456698854,0.4879443829628563
TRAIN_2186,0.96,0.46496502785550353,0.4570466992016951,0.465360425137449,0.4624573840648825
TRAIN_2187,0.56,0.49782065247012286,0.4916006172735932,0.4965603793758842,0.4953272163732001
TRAIN_2188,0.72,0.7426582438835574,0.8189247447961181,0.6703884118939847,0.7439904668578867
TRAIN_2189,0.94,0.9338536998191282,0.35902391163660574,0.9342502733964962,0.74237596161741
TRAIN_2190,0.54,0.5391884560707507,0.5393380018302788,0.5391863697563947,0.5392376092191414
TRAIN_2191,0.13,0.13011508118694737,0.13037091385328797,0.49230637107461334,0.25093078870494956
TRAIN_2192,0.12,0.14951298276754482,0.4945965461404037,0.15233673875901238,0.26548208922232036
TRAIN_2193,0.18,0.48904632279675064,0.4955854812468119,0.4918630956076571,0.4921649665504066
TRAIN_2194,0.11,0.13852451991340303,0.13949490311309953,0.49301223951698503,0.25701055418116253
TRAIN_2195,0.64,0.4958214718600266,0.5777416600238074,0.5795546365915013,0.5510392561584451
TRAIN_2196,0.97,0.9240181024604226,0.5528707953440514,0.9252855140422882,0.8007248039489209
TRAIN_2197,0.38,0.6127884585114761,0.6088572252037724,0.608432795373873,0.6100261596963739
TRAIN_2198,0.37,0.3693074773326276,0.36951775053484825,0.3695395114648439,0.3694549131107732
TRAIN_2199,0.79,0.7895744824390036,0.7888261563552059,0.7893536046794595,0.7892514144912229
TRAIN_2200,0.83,0.8299216596679777,0.8300837454080907,0.8298674688755742,0.8299576246505476
TRAIN_2201,0.57,0.48900205646287553,0.49529602766104364,0.48876928466618025,0.4910224562633665
TRAIN_2202,0.38,0.4928338416425187,0.5006003711447992,0.5053560534057701,0.49959675539769605
TRAIN_2203,0.18,0.1793586315745218,0.17899721429186832,0.17910992250947533,0.1791552561252885
TRAIN_2204,0.36,0.41257043733548493,0.4083892147900704,0.41312649888733444,0.4113620503376299
TRAIN_2205,0.4,0.3992729464993954,0.39084697804299584,0.4443190809974049,0.4114796685132654
TRAIN_2206,0.68,0.6646588772140012,0.6653288183310363,0.4930412091194916,0.6076763015548431
TRAIN_2207,0.1,0.4021235322303951,0.42473521840886547,0.42718441268225604,0.41801438777383887
TRAIN_2208,0.39,0.4928688577283497,0.4949079686455709,0.48873230621542174,0.49216971086311406
TRAIN_2209,0.5,0.556271352443187,0.5507034152890228,0.4959629775761037,0.5343125817694379
TRAIN_2210,0.47,0.4960894865771124,0.4961444362578706,0.4922255396026903,0.49481982081255776
TRAIN_2211,0.73,0.7228900580631388,0.7229485062773557,0.7230617859278428,0.7229667834227791
TRAIN_2212,0.12,0.1538902858996365,0.1530157578827644,0.14637396029729693,0.1510933346932326
TRAIN_2213,0.79,0.5057634637621002,0.5090975846193674,0.5058648746511515,0.506908641010873
TRAIN_2214,0.85,0.7298828892856174,0.3555455960422449,0.3399358048261972,0.4751214300513531
TRAIN_2215,0.56,0.4688296080409799,0.45719386894180963,0.4597395128908439,0.4619209966245445
TRAIN_2216,0.73,0.4437651572837811,0.43213484670970503,0.34399220025834154,0.40663073475060924
TRAIN_2217,0.75,0.7424802241464385,0.7448090755918334,0.7426176957111102,0.7433023318164608
TRAIN_2218,0.98,0.7318639287967298,0.7326394700201027,0.48955917912095515,0.6513541926459293
TRAIN_2219,0.49,0.49035879032339186,0.48085512313241796,0.4901171751137395,0.4871103628565164
TRAIN_2220,0.25,0.5773180634603854,0.5798719981721641,0.5090534333208049,0.5554144983177848
TRAIN_2221,0.81,0.8096950495153571,0.8099310314333634,0.4962825916739372,0.7053028908742193
TRAIN_2222,0.35,0.5007098125082632,0.49683064254608084,0.501728028621027,0.49975616122512373
TRAIN_2223,0.68,0.49571494104155356,0.49497017760830536,0.490680839462616,0.49378865270415834
TRAIN_2224,0.5,0.4747219502844955,0.46956512479560847,0.47465983721143207,0.47298230409717873
TRAIN_2225,0.04,0.4318635590018685,0.4369895914521478,0.43656786987607377,0.43514034011003
TRAIN_2226,0.06,0.06183620743421192,0.3887572878970696,0.062108910179258014,0.17090080183684653
TRAIN_2227,0.61,0.6122868451994119,0.4257931796686877,0.6120227313350859,0.5500342520677285
TRAIN_2228,0.42,0.4003707127254772,0.40074985555339676,0.40103666623070905,0.400719078169861
TRAIN_2229,0.69,0.6033347667949696,0.6314054894597421,0.6031572528734572,0.612632503042723
TRAIN_2230,0.33,0.33066318558562185,0.3308929342017322,0.3303352973752405,0.3306304723875315
TRAIN_2231,0.22,0.36020054968150866,0.41249226358319335,0.41950858578769235,0.3974004663507981
TRAIN_2232,0.42,0.493550806945786,0.4930112946849779,0.4922864415294948,0.4929495143867529
TRAIN_2233,0.07,0.09907690871302588,0.63830055956173,0.09685134931356709,0.278076272529441
TRAIN_2234,0.69,0.684989031199395,0.6839915736570855,0.6855196731877641,0.6848334260147482
TRAIN_2235,0.27,0.49268187680861214,0.4985146499651676,0.4897324600650625,0.4936429956129474
TRAIN_2236,0.64,0.4884472676594859,0.48394424410751125,0.4890069860071598,0.4871328325913857
TRAIN_2237,0.69,0.48986377648165247,0.49635211894178294,0.4920860728227758,0.4927673227487371
TRAIN_2238,0.64,0.6402137901985322,0.493420931122403,0.6402279170233078,0.5912875461147477
TRAIN_2239,0.4,0.48767073769039615,0.4970744212111298,0.493055391504163,0.49260018346856294
TRAIN_2240,0.46,0.5045222237443832,0.4957209805017495,0.4997295827061896,0.4999909289841074
TRAIN_2241,0.39,0.39033642382415795,0.3904641367501238,0.3904241808598431,0.3904082471447083
TRAIN_2242,0.74,0.7162458706885574,0.7203430304442189,0.7158771636438467,0.7174886882588744
TRAIN_2243,0.52,0.4742530426569222,0.48011975633940374,0.47483286572356753,0.4764018882399645
TRAIN_2244,0.63,0.480586443704568,0.4802329921369669,0.4788924380683226,0.4799039579699525
TRAIN_2245,0.22,0.5954775412637616,0.2516605183854142,0.2547577221100712,0.367298593919749
TRAIN_2246,0.1,0.10038257685753899,0.10078857322860618,0.09988608485028522,0.1003524116454768
TRAIN_2247,0.72,0.5070430104514112,0.5471638448524395,0.5460593812396023,0.5334220788478176
TRAIN_2248,0.96,0.9264768620727838,0.9252006688423686,0.9271340781324955,0.926270536349216
TRAIN_2249,0.14,0.4891090876129692,0.14119834659353286,0.14078189968838695,0.257029777964963
TRAIN_2250,0.52,0.499356949498788,0.49178138972372804,0.49663257371949426,0.49592363764733677
TRAIN_2251,0.29,0.4912968770475589,0.29424673399427026,0.29372571322236307,0.35975644142139745
TRAIN_2252,0.35,0.34993073576989187,0.3504421974827133,0.4888920234031254,0.39642165221857684
TRAIN_2253,0.04,0.483850458272447,0.4825231149679358,0.4742728088553521,0.4802154606985783
TRAIN_2254,0.74,0.6950737144364045,0.6954726193732309,0.6950747696682056,0.6952070344926137
TRAIN_2255,0.99,0.5089897111056213,0.9056216485968794,0.905379702918093,0.7733303542068647
TRAIN_2256,0.63,0.6272318795049194,0.6270985597396046,0.474207284277483,0.5761792411740023
TRAIN_2257,0.68,0.6795440537824302,0.6796008098936692,0.6799014948518678,0.6796821195093224
TRAIN_2258,0.26,0.26037564414550285,0.26003951373302064,0.26003474612417626,0.2601499680008999
TRAIN_2259,0.3,0.4912207526142586,0.4852053140716712,0.4859056454817381,0.48744390405588933
TRAIN_2260,0.32,0.33038743330302445,0.33371111563002775,0.3304037956772714,0.33150078153677454
TRAIN_2261,0.47,0.4696779277573933,0.4895381357271688,0.46984593367013444,0.4763539990515655
TRAIN_2262,0.13,0.49948418348961915,0.5026535999381755,0.4985025889141096,0.5002134574473014
TRAIN_2263,0.04,0.08330010922516279,0.07763383924432588,0.08302975736661206,0.08132123527870024
TRAIN_2264,0.27,0.27912700301080334,0.4617934704379747,0.2774901643762425,0.3394702126083402
TRAIN_2265,0.56,0.4175836144782121,0.5391585294412123,0.5384410927434777,0.49839441222096736
TRAIN_2266,0.23,0.5787475981783892,0.22989086030114408,0.2285009735709433,0.3457131440168255
TRAIN_2267,0.09,0.16078119151458287,0.1614415040007311,0.4971396064793936,0.2731207673315692
TRAIN_2268,0.07,0.08263357947585726,0.08268810837636587,0.08307196402905292,0.08279788396042535
TRAIN_2269,0.94,0.4923665949168607,0.5349522622856833,0.5346790668159483,0.5206659746728307
TRAIN_2270,0.17,0.6400551173592197,0.5492399106756611,0.6620425138337516,0.6171125139562108
TRAIN_2271,0.74,0.6671118840032639,0.6655402617740245,0.6619074652625513,0.6648532036799466
TRAIN_2272,0.01,0.04929484185758881,0.44381623900923867,0.05049427373921045,0.18120178486867933
TRAIN_2273,0.71,0.7091112752712093,0.7159462328042634,0.7169792640094402,0.7140122573616376
TRAIN_2274,0.97,0.53802062417481,0.9120100440074015,0.9110673437030871,0.7870326706284329
TRAIN_2275,0.0,0.0,0.0,0.0008370764023892252,0.00027902546746307505
TRAIN_2276,0.62,0.496604584410348,0.6193256115718931,0.6193448363626651,0.5784250107816354
TRAIN_2277,0.67,0.6574890133671001,0.5361943437072944,0.6598066307217124,0.6178299959320356
TRAIN_2278,0.21,0.23501335747732277,0.23492092733562192,0.23463817009355298,0.23485748496883255
TRAIN_2279,0.65,0.6438885123473768,0.6442818905047537,0.6440842345603036,0.6440848791374779
TRAIN_2280,0.81,0.5051242195897241,0.5073938017101712,0.5037840645350786,0.505434028611658
TRAIN_2281,0.21,0.493869135739482,0.48770857722436767,0.4926680865526851,0.4914152665055116
TRAIN_2282,0.23,0.372858534404819,0.30176504799820003,0.32895440067745174,0.3345259943601569
TRAIN_2283,0.49,0.5146958995566913,0.510498976860393,0.5124603611065799,0.5125517458412213
TRAIN_2284,0.0,0.005272665486702188,0.0,0.004594006398615902,0.0032888906284393635
TRAIN_2285,0.76,0.480342674556374,0.47747860443045764,0.47864499382989484,0.4788220909389089
TRAIN_2286,0.62,0.48173956093783726,0.47857929333926724,0.485148938378117,0.4818225975517405
TRAIN_2287,0.92,0.6583833763124729,0.46531978647725986,0.6413627308664211,0.5883552978853847
TRAIN_2288,0.67,0.6576639827587425,0.5333797913948427,0.6586355456569513,0.6165597732701789
TRAIN_2289,0.31,0.30231778036001067,0.30650646294548134,0.30981958843420465,0.3062146105798989
TRAIN_2290,0.81,0.7029396585899803,0.6888618348795363,0.7064111665684752,0.699404220012664
TRAIN_2291,0.96,0.9492788924517153,0.9494819904593683,0.949568049435895,0.9494429774489929
TRAIN_2292,0.79,0.7897344098934621,0.7891158220253358,0.7891459311632172,0.7893320543606718
TRAIN_2293,0.62,0.5834057405653328,0.5829236495507518,0.4995549515353494,0.555294780550478
TRAIN_2294,0.33,0.49390800216011393,0.33334854823270366,0.3336122681676834,0.3869562728535003
TRAIN_2295,0.28,0.3244964545273934,0.4036881620264008,0.3223546802453878,0.35017976559972736
TRAIN_2296,0.37,0.37377877083224925,0.3780816807964045,0.37812973286900564,0.3766633948325531
TRAIN_2297,0.67,0.664059760154164,0.6631925609137723,0.6674373717236622,0.6648965642638661
TRAIN_2298,0.31,0.33199601428992187,0.3324187842757571,0.3342689323909404,0.3328945769855398
TRAIN_2299,0.47,0.40658432733854655,0.3884764758564474,0.2859127607953571,0.360324521330117
TRAIN_2300,0.79,0.708542866172061,0.7134224819566459,0.7001042775882045,0.7073565419056371
TRAIN_2301,0.89,0.8833043555727849,0.44452634172112954,0.8835791229889134,0.7371366067609427
TRAIN_2302,0.7,0.6995518289317895,0.5053272861943257,0.6992507369460186,0.6347099506907112
TRAIN_2303,0.67,0.4977478298174027,0.4997685307734214,0.4982953739119696,0.49860391150093125
TRAIN_2304,0.64,0.6138751020351427,0.6127898723371106,0.48660618681561696,0.5710903870626235
TRAIN_2305,0.47,0.49403678587123384,0.47038247486539914,0.494854637927824,0.48642463288815235
TRAIN_2306,0.56,0.525663872654379,0.48231460367149165,0.5597879820094707,0.5225888194451137
TRAIN_2307,0.71,0.7100013698430625,0.7100601821586221,0.5901846106957812,0.6700820542324886
TRAIN_2308,0.5,0.4970546830031391,0.4915163755055408,0.4897049502486583,0.49275866958577935
TRAIN_2309,0.04,0.5585638289802696,0.5097189961314292,0.5577535154110002,0.5420121135075663
TRAIN_2310,0.8,0.618314846832181,0.7987810935287893,0.8009441713396956,0.739346703900222
TRAIN_2311,0.58,0.5188724367428416,0.5216303763536324,0.5163542739349907,0.5189523623438216
TRAIN_2312,0.84,0.4751413166701347,0.48561165260149336,0.4759507533350261,0.4789012408688847
TRAIN_2313,0.6,0.597644759960511,0.594976304615823,0.5956112289928249,0.5960774311897197
TRAIN_2314,0.23,0.5352019509542228,0.5410955822764021,0.5363948608237838,0.5375641313514695
TRAIN_2315,0.88,0.4924354375746644,0.4984557568436657,0.4939771387686262,0.4949561110623188
TRAIN_2316,0.19,0.24717113767021048,0.24620442584036753,0.24713008976341744,0.24683521775799847
TRAIN_2317,0.38,0.451482195951654,0.4557121650950736,0.45267297926593586,0.4532891134375545
TRAIN_2318,0.77,0.7498755685687896,0.49175124961672695,0.7486479423733736,0.6634249201862967
TRAIN_2319,0.08,0.5502605497786813,0.08247274380861319,0.08240011817168924,0.23837780391966124
TRAIN_2320,0.42,0.40711883015357375,0.33150802538906515,0.32229054305343996,0.35363913286535964
TRAIN_2321,0.79,0.49491067390013516,0.4915384400299062,0.5043599013920487,0.4969363384406966
TRAIN_2322,0.63,0.44703738316263725,0.3881012591735581,0.4147381770752007,0.41662560647046537
TRAIN_2323,0.17,0.48318439088844384,0.19379074902248,0.19412902431825013,0.290368054743058
TRAIN_2324,0.02,0.43149961743343207,0.4285036963438923,0.4961112130411071,0.45203817560614384
TRAIN_2325,0.64,0.49581651149380734,0.5827102757091996,0.5798084048968705,0.5527783973666258
TRAIN_2326,0.43,0.48526001848636674,0.47982718795710827,0.48536966439292234,0.4834856236121325
TRAIN_2327,0.33,0.3398966634634297,0.3395261020547576,0.3401018555384187,0.339841540352202
TRAIN_2328,0.94,0.5066774725832615,0.5034501494801703,0.9382524058726809,0.6494600093120375
TRAIN_2329,0.74,0.47455436937029755,0.4553664438100658,0.4774764742190649,0.46913242913314274
TRAIN_2330,0.26,0.26082387661224704,0.26053423431950035,0.26019917548596305,0.26051909547257013
TRAIN_2331,0.54,0.43892363603534024,0.4318033578420451,0.43615972314594825,0.4356289056744445
TRAIN_2332,0.77,0.3784172003612493,0.3775541107632838,0.3783695044226503,0.3781136051823945
TRAIN_2333,0.32,0.4928780745053622,0.48440376463183965,0.4895307067340835,0.48893751529042845
TRAIN_2334,0.74,0.48012496445863884,0.4762580553094654,0.43618753439345087,0.4641901847205184
TRAIN_2335,0.94,0.9306835625850125,0.9309971505384818,0.9305641838408655,0.93074829898812
TRAIN_2336,0.49,0.474021893071193,0.5042922574281331,0.47337116343587987,0.48389510464506863
TRAIN_2337,0.37,0.4925294164735695,0.4951772326276327,0.3734647047480666,0.4537237846164229
TRAIN_2338,0.93,0.3563079989542075,0.3616200740472677,0.46902860337250746,0.3956522254579942
TRAIN_2339,0.51,0.48840087543953564,0.485260682813244,0.49097191873877916,0.48821115899718626
TRAIN_2340,0.33,0.49237425529352963,0.4895528858450276,0.49427369243236335,0.49206694452364025
TRAIN_2341,0.21,0.47491871469057007,0.5203402109492333,0.5182642474897518,0.5045077243765185
TRAIN_2342,0.41,0.4585887097412493,0.46021934427035965,0.45897514878601353,0.45926106759920754
TRAIN_2343,0.63,0.4836812832440425,0.4786315804301261,0.48385132663368935,0.4820547301026193
TRAIN_2344,0.06,0.06116525383073729,0.06087138944133497,0.06109381323119489,0.06104348550108905
TRAIN_2345,0.35,0.5164903831905291,0.5216490615442994,0.5188170579462583,0.5189855008936956
TRAIN_2346,0.83,0.24692131796190947,0.27517860775488845,0.8378541106900101,0.4533180121356027
TRAIN_2347,0.6,0.6030623933503783,0.6034536546529078,0.6024841172845878,0.6030000550959579
TRAIN_2348,0.78,0.6244456674319048,0.6284449688809094,0.627641690297188,0.6268441088700007
TRAIN_2349,0.79,0.6765740896222479,0.7939893392990272,0.8101837117320592,0.7602490468844447
TRAIN_2350,0.62,0.6227858481642353,0.6228289515169334,0.6228938139063,0.6228362045291562
TRAIN_2351,0.95,0.4933235862370076,0.49528624767028734,0.49636907786988377,0.49499297059239294
TRAIN_2352,0.19,0.1902591180128465,0.189831091407347,0.4983235623194931,0.29280459057989555
TRAIN_2353,0.99,0.39916807596238946,0.5318456301205199,0.39936187006203544,0.44345852538164826
TRAIN_2354,0.44,0.6216967020059934,0.631923883059275,0.4811884293214207,0.5782696714622296
TRAIN_2355,0.25,0.25260668517883256,0.25288222647755454,0.25478513825811805,0.25342468330483503
TRAIN_2356,0.15,0.16241995373414958,0.1621150609460999,0.16078658013480346,0.16177386493835097
TRAIN_2357,0.6,0.5302115271609978,0.5342522172385178,0.5330827073184387,0.5325154839059848
TRAIN_2358,0.95,0.46117918683388187,0.4670949705052844,0.4622214302815321,0.46349852920689943
TRAIN_2359,0.75,0.7374160287198772,0.7374563164319476,0.46193319077886236,0.6456018453102291
TRAIN_2360,0.29,0.29064027958003513,0.2901290876830418,0.2904324570299157,0.2904006080976642
TRAIN_2361,0.09,0.47842800062362023,0.4675907107097941,0.4612837771811261,0.46910082950484683
TRAIN_2362,0.3,0.5935384612900065,0.5814107163663941,0.58033896767477,0.5850960484437234
TRAIN_2363,0.47,0.47058125193642,0.47076102089137783,0.4705724491037768,0.47063824064385823
TRAIN_2364,0.14,0.4329867876526337,0.4289540117489901,0.43197714482634225,0.431305981409322
TRAIN_2365,0.41,0.4103055046522489,0.41057399382651394,0.41018923116027495,0.41035624321301256
TRAIN_2366,0.71,0.5591648874548967,0.5574331157213427,0.545767606437176,0.5541218698711385
TRAIN_2367,0.68,0.46040094601512394,0.45366893967712124,0.4562111870665788,0.45676035758627465
TRAIN_2368,0.58,0.3398212697331725,0.20029262339114928,0.3429502556272409,0.2943547162505209
TRAIN_2369,0.9,0.8957148879333567,0.8959273734177073,0.8955428236614021,0.8957283616708221
TRAIN_2370,0.17,0.4834656814253303,0.1958519184517039,0.19538079440152545,0.29156613142618654
TRAIN_2371,0.55,0.4944743603304483,0.49511117497698887,0.4921581008798109,0.49391454539574936
TRAIN_2372,0.59,0.5072079012699282,0.5065001160627981,0.507029404876871,0.5069124740698657
TRAIN_2373,0.59,0.4830082928898618,0.5783158024801961,0.5820612597250546,0.5477951183650376
TRAIN_2374,0.82,0.4888787167529324,0.48435973225537327,0.4907028716410761,0.48798044021646064
TRAIN_2375,0.77,0.4948209755342009,0.49218444240609216,0.4907796169527455,0.4925950116310129
TRAIN_2376,0.69,0.6345266619698684,0.6349126189475277,0.6350016542039134,0.6348136450404366
TRAIN_2377,0.8,0.793845334150882,0.7941986477704377,0.7934756758356578,0.7938398859189926
TRAIN_2378,0.16,0.4640112734299434,0.45789497833670073,0.4610547239304436,0.46098699189902925
TRAIN_2379,0.28,0.47985237643541706,0.47644237230741393,0.4862941382253642,0.4808629623227318
TRAIN_2380,0.6,0.5740923517901542,0.5694351302780749,0.5949447576962164,0.5794907465881485
TRAIN_2381,0.49,0.48889941777515483,0.48010527339462455,0.4891540513521095,0.48605291417396296
TRAIN_2382,0.77,0.7699841371458085,0.770111952884242,0.7685101725213701,0.7695354208504736
TRAIN_2383,0.81,0.44038304791682514,0.5314368417862642,0.5069026480642759,0.49290751258912174
TRAIN_2384,0.29,0.4928652145273527,0.49543386751446666,0.49067937927345434,0.4929928204384246
TRAIN_2385,0.97,0.4968870917158671,0.4889060454188598,0.4971219733936339,0.49430503684278687
TRAIN_2386,0.91,0.4975018333779094,0.5009221197584266,0.4954529708227171,0.4979589746530177
TRAIN_2387,0.34,0.48780629022758204,0.4944704653080914,0.4905672098729144,0.4909479884695293
TRAIN_2388,0.66,0.6596125277473088,0.6598274028036969,0.4917396919193454,0.6037265408234503
TRAIN_2389,0.28,0.5088186385423924,0.48276419364917333,0.5066346482293601,0.49940582680697526
TRAIN_2390,0.67,0.6746004224150066,0.6764792402285424,0.6741773326532705,0.67508566509894
TRAIN_2391,0.96,0.949370067426835,0.4804289524311931,0.9498294200581716,0.7932094799720666
TRAIN_2392,0.92,0.8907856457444876,0.8977542699290124,0.8838458555525022,0.8907952570753341
TRAIN_2393,0.26,0.32209712001505153,0.3211895553281357,0.32373475118464723,0.32234047550927813
TRAIN_2394,0.52,0.5282856309719032,0.5460506096100969,0.5073188075401763,0.5272183493740589
TRAIN_2395,0.14,0.48612325849448373,0.5033164970363975,0.4719031759385016,0.4871143104897942
TRAIN_2396,0.79,0.7384772841350173,0.48580743205674526,0.7384809936632848,0.6542552366183492
TRAIN_2397,0.8,0.7999008198019966,0.7995207921625003,0.7998909885041741,0.7997708668228903
TRAIN_2398,0.17,0.6292450609356205,0.23741750271706144,0.24289494081167334,0.36985250148811843
TRAIN_2399,0.59,0.5900775470822922,0.5898911370326549,0.49241534550505667,0.5574613432066678
TRAIN_2400,0.47,0.4697674640946671,0.4701007410722925,0.4696885580774903,0.46985225441481665
TRAIN_2401,0.25,0.41164705611331665,0.44399922240342904,0.498315770032537,0.4513206828497609
TRAIN_2402,0.19,0.44737913951613006,0.4341766634942265,0.44740830854202757,0.442988037184128
TRAIN_2403,0.8,0.7984650523230467,0.7982444204058252,0.7984758658672697,0.7983951128653805
TRAIN_2404,0.58,0.49339434488927963,0.4872523390401448,0.4914423449281521,0.4906963429525255
TRAIN_2405,0.98,0.584957200269233,0.560502364007898,0.5873261597008604,0.5775952413259972
TRAIN_2406,0.26,0.2596957501174768,0.26045521088806206,0.49109269169187686,0.33708121756580517
TRAIN_2407,0.8,0.4825374089141965,0.48469314696158605,0.48244443119996755,0.48322499569191674
TRAIN_2408,0.0,0.00011842318900734394,0.00012244283630979957,2.883023123889661e-05,8.989875218534671e-05
TRAIN_2409,0.4,0.39992825161057227,0.39989758224991656,0.3997807462227513,0.39986886002774674
TRAIN_2410,0.28,0.2798103413388566,0.2796147427456041,0.27959721724397124,0.27967410044281066
TRAIN_2411,0.46,0.49462545709384637,0.49095771015117007,0.46891405485983645,0.4848324073682843
TRAIN_2412,0.31,0.31001037824291383,0.4739568364283329,0.3099767216268565,0.36464797876603444
TRAIN_2413,0.47,0.48774480923930075,0.49040505705149834,0.4867478642239384,0.4882992435049125
TRAIN_2414,0.21,0.4933050645182145,0.49476801029508943,0.49266496296619705,0.4935793459265003
TRAIN_2415,0.38,0.501444166348949,0.4944411177207647,0.500046218990127,0.4986438343532802
TRAIN_2416,0.16,0.5207125998634319,0.5252349269785092,0.5239317470529463,0.5232930912982958
TRAIN_2417,0.91,0.906671219649409,0.9070374365979603,0.9066080304556543,0.906772228901008
TRAIN_2418,0.55,0.3886581066525696,0.3879333750355115,0.3896518710946334,0.38874778426090484
TRAIN_2419,0.57,0.5612565538059862,0.5924747027381222,0.5582946838296998,0.570675313457936
TRAIN_2420,0.68,0.5095935149112785,0.5056752127449389,0.5019381990137904,0.5057356422233359
TRAIN_2421,0.08,0.4247353065453886,0.4608975303154489,0.4671625212283551,0.45093178602973083
TRAIN_2422,0.9,0.8996993035129086,0.899341979394608,0.8998304388042306,0.899623907237249
TRAIN_2423,0.13,0.49236081614204674,0.49610657820331644,0.4902469575268878,0.492904783957417
TRAIN_2424,0.5,0.47709139675047085,0.4809080652809618,0.47963520835148143,0.4792115567943047
TRAIN_2425,0.4,0.40047041820338836,0.40001711043253263,0.4008503842320551,0.400445970955992
TRAIN_2426,0.83,0.18295347155612912,0.4232919112316631,0.26059222450791125,0.28894586909856784
TRAIN_2427,0.41,0.3825566848568687,0.3887219962659755,0.4190752998218089,0.39678466031488435
TRAIN_2428,0.84,0.8397987413264704,0.8398741826018985,0.8396934116212695,0.8397887785165462
TRAIN_2429,0.8,0.47342455326126814,0.5544613434019605,0.4702889105658536,0.4993916024096941
TRAIN_2430,0.96,0.5472281845610224,0.5632268441694558,0.5609325015100858,0.5571291767468547
TRAIN_2431,0.47,0.47039668890841546,0.4707938853873532,0.40904182816983425,0.45007746748853433
TRAIN_2432,0.37,0.372052902951227,0.38186100645311793,0.3705571399258535,0.37482368311006614
TRAIN_2433,0.4,0.5024925885461371,0.4332581248848817,0.4351916278475317,0.45698078042618345
TRAIN_2434,0.71,0.5344226523778249,0.5277997966522755,0.5534273017887317,0.5385499169396107
TRAIN_2435,0.97,0.5049652173160556,0.49841073078381487,0.4918876052056215,0.49842118443516403
TRAIN_2436,0.45,0.5217000067390791,0.5144405941198479,0.5133505857837389,0.516497062214222
TRAIN_2437,0.32,0.5348233589041584,0.5727688398191618,0.567446162969115,0.5583461205641451
TRAIN_2438,0.3,0.4774138590737396,0.30486608224926803,0.3057053592213502,0.36266176684811935
TRAIN_2439,0.71,0.7031251192485514,0.7059235836743873,0.7029926723649942,0.7040137917626442
TRAIN_2440,0.32,0.48606817890590526,0.48360630978065244,0.48874842090831444,0.4861409698649574
TRAIN_2441,0.84,0.7837125590577714,0.7862906882679228,0.8071587724027246,0.7923873399094729
TRAIN_2442,0.4,0.4838834837840616,0.4849501980891957,0.48482641495512274,0.48455336560946
TRAIN_2443,0.63,0.5002808621966867,0.4934636851568446,0.4984015618893544,0.4973820364142952
TRAIN_2444,0.76,0.49502739204298557,0.7573770285849319,0.7574048435615187,0.6699364213964788
TRAIN_2445,0.63,0.4413935773383447,0.49349261259397054,0.4318969471772359,0.45559437903651706
TRAIN_2446,0.28,0.6458480216244131,0.5863943957440385,0.5890929378043746,0.6071117850576088
TRAIN_2447,0.9,0.46612479420672837,0.4644312528913454,0.4692954776768795,0.4666171749249844
TRAIN_2448,0.12,0.12378424724981801,0.12388238370772925,0.12211867210448318,0.12326176768734348
TRAIN_2449,0.41,0.48965110327941774,0.4899464815737282,0.4100981663975459,0.463231917083564
TRAIN_2450,0.83,0.49114798905629026,0.487606744129619,0.4928635477024806,0.49053942696279657
TRAIN_2451,0.32,0.6136289021668176,0.6596336078578618,0.6803913290037265,0.651217946342802
TRAIN_2452,0.51,0.48066643790038066,0.4827234225531382,0.4841659155016808,0.4825185919850666
TRAIN_2453,0.26,0.4921642051474726,0.2600319320828175,0.2602039674402923,0.3374667015568608
TRAIN_2454,0.15,0.4734420565134761,0.4949423592415792,0.49193885713104124,0.48677442429536555
TRAIN_2455,0.85,0.8502103707196156,0.8501899434418723,0.4793181660654442,0.7265728267423107
TRAIN_2456,0.74,0.22089066066845225,0.5557074654862131,0.6091489036401395,0.4619156765982682
TRAIN_2457,0.96,0.95979046702409,0.9597708342050857,0.9597228151341257,0.9597613721211005
TRAIN_2458,0.74,0.48079773534051073,0.49066765282900504,0.4822878154335953,0.484584401201037
TRAIN_2459,0.37,0.37881759303834805,0.38181280426553654,0.3788699956232586,0.37983346430904774
TRAIN_2460,0.22,0.7186927210078761,0.20731111739919494,0.480540538768512,0.46884812572519435
TRAIN_2461,0.3,0.5236044659857653,0.5205508931380362,0.5242135126711298,0.5227896239316437
TRAIN_2462,0.02,0.5364918028694654,0.5365020735884145,0.5307408367322209,0.5345782377300337
TRAIN_2463,0.78,0.3839464600520231,0.393507090770705,0.40436044959105116,0.3939380001379264
TRAIN_2464,0.79,0.691480714457716,0.6789402544211256,0.6720725602374544,0.6808311763720987
TRAIN_2465,0.97,0.9697147264512054,0.9697765206223506,0.9693138962867075,0.9696017144534212
TRAIN_2466,0.48,0.47367279221665837,0.856288029569079,0.4749827472392189,0.6016478563416522
TRAIN_2467,0.82,0.4938809766964878,0.49149209379114756,0.4900152092098336,0.49179609323248963
TRAIN_2468,0.52,0.49683810383291205,0.4889823951679671,0.49309389973659484,0.49297146624582466
TRAIN_2469,0.75,0.7473941711532556,0.7473050496298519,0.7492385248589122,0.74797924854734
TRAIN_2470,0.47,0.47037708036144465,0.4703596024288784,0.4705568288473846,0.47043117054590255
TRAIN_2471,0.74,0.37693742011911724,0.317353718841642,0.3426550077575533,0.3456487155727708
TRAIN_2472,0.53,0.4896810390148946,0.4946721175255959,0.4915525872903892,0.4919685812769599
TRAIN_2473,0.09,0.09904110484102507,0.09836804703627278,0.09835854850025993,0.09858923345918592
TRAIN_2474,1.0,0.5132806285713369,0.5139585286854372,0.5124956770812268,0.5132449447793336
TRAIN_2475,0.26,0.2623468132385137,0.26398186464452333,0.2580580958696969,0.261462257917578
TRAIN_2476,0.72,0.5091414825825855,0.49577635119302704,0.4772506715948545,0.4940561684568224
TRAIN_2477,0.99,0.7105966406187986,0.7550871064085545,0.7267185709307609,0.7308007726527047
TRAIN_2478,0.74,0.4707156386753651,0.47101460810591356,0.4731612886835247,0.47163051182160115
TRAIN_2479,0.19,0.1900240131632343,0.18974206476610894,0.1898100792841022,0.18985871907114849
TRAIN_2480,0.67,0.4962438308983661,0.4954588954120541,0.4947001154162538,0.4954676139088914
TRAIN_2481,0.41,0.4355661144563785,0.44491378185363184,0.45395049178522306,0.44481012936507786
TRAIN_2482,0.78,0.4923217788187287,0.4930357811341946,0.49279241231261284,0.4927166574218454
TRAIN_2483,0.61,0.5119075934854811,0.49991731139859974,0.5104379580217958,0.5074209543019589
TRAIN_2484,0.05,0.6120316487077134,0.6076817167977406,0.6258760842788479,0.615196483261434
TRAIN_2485,0.76,0.43862569042903876,0.7545229328015277,0.7539178989355965,0.6490221740553878
TRAIN_2486,0.02,0.4831028937679671,0.03486773673430954,0.034139768323350694,0.18403679960854244
TRAIN_2487,0.42,0.295041730095857,0.4150212876139403,0.4153084183452607,0.37512381201835265
TRAIN_2488,0.59,0.493219461092288,0.496031521232365,0.4971534344922617,0.4954681389389715
TRAIN_2489,0.35,0.49135328118146937,0.48557701722916047,0.49138071157532504,0.48943700332865164
TRAIN_2490,0.58,0.49249490090125414,0.47921267537182805,0.48513489766928414,0.48561415798078883
TRAIN_2491,0.76,0.4210203325251555,0.39748147773428893,0.33224621928972353,0.3835826765163894
TRAIN_2492,0.03,0.018632554641239862,0.047357878364329475,0.04606830389228905,0.03735291229928613
TRAIN_2493,0.15,0.4008903034124308,0.4055136293445008,0.4023614418598854,0.4029217915389391
TRAIN_2494,0.0,0.5035613890374215,0.010836264973251242,0.010988665732557967,0.17512877324774356
TRAIN_2495,0.69,0.5188413966051741,0.5115246745147126,0.5163919998996965,0.5155860236731944
TRAIN_2496,0.3,0.5419072528131427,0.46266986859243553,0.5385489916796063,0.5143753710283949
TRAIN_2497,0.62,0.4917963992047557,0.49590032933969636,0.4908971442887441,0.492864624277732
TRAIN_2498,0.11,0.4946554512630683,0.17277030724528225,0.17181450361278294,0.2797467540403778
TRAIN_2499,0.17,0.5431862882793586,0.17824304969660276,0.1801072604554702,0.30051219947714386
TRAIN_2500,0.96,0.958498943750066,0.538664180553865,0.9576286152902316,0.8182639131980541
TRAIN_2501,0.8,0.48709429289338774,0.49484764836767786,0.48566393693319837,0.489201959398088
TRAIN_2502,0.8,0.4869808344291089,0.48952781549752555,0.48572504653988624,0.4874112321555069
TRAIN_2503,0.84,0.8434355913752587,0.29373199203039013,0.8434139645072849,0.6601938493043112
TRAIN_2504,0.07,0.09445354786590132,0.09587782128358269,0.45628770753579834,0.21553969222842748
TRAIN_2505,0.99,0.46059860122832125,0.45902775713659827,0.5076294240378563,0.47575192746759193
TRAIN_2506,0.12,0.2096658876177706,0.48858519535029654,0.48928215559199184,0.395844412853353
TRAIN_2507,0.21,0.20418487695236254,0.19880161666532625,0.19434899549531393,0.19911182970433425
TRAIN_2508,0.37,0.3639130254630125,0.3640010257056397,0.3642378654708903,0.36405063887984745
TRAIN_2509,0.73,0.48986009503571043,0.5041267903973556,0.4795023677575586,0.4911630843968749
TRAIN_2510,0.64,0.5718546785310719,0.5765580224959782,0.5507081355332836,0.5663736121867778
TRAIN_2511,0.98,0.4964408535298275,0.4994551556066622,0.4912548135363042,0.49571694089093127
TRAIN_2512,0.14,0.45824636607212077,0.1602949662169792,0.1611079501573035,0.2598830941488012
TRAIN_2513,0.43,0.48917486300500357,0.48431533599666376,0.4889735458009093,0.4874879149341922
TRAIN_2514,0.98,0.8474063693792353,0.8436108748139066,0.8440079941874172,0.8450084127935197
TRAIN_2515,0.14,0.5166679259911539,0.5133108700968498,0.5175008501030249,0.515826548730343
TRAIN_2516,0.45,0.5486722902226298,0.5454237001343187,0.5482579854473992,0.5474513252681159
TRAIN_2517,0.52,0.520030755080115,0.5199675619016293,0.519744957239298,0.5199144247403474
TRAIN_2518,0.77,0.49119154915142577,0.4919878124492576,0.5402778375785864,0.5078190663930899
TRAIN_2519,0.08,0.1514229631520102,0.14467926746022314,0.14545300459902138,0.14718507840375158
TRAIN_2520,0.59,0.49164746532597053,0.4960215570781285,0.49188412475272547,0.4931843823856082
TRAIN_2521,0.81,0.4344079459815456,0.42955923203342816,0.43082928693406286,0.4315988216496789
TRAIN_2522,0.33,0.32524149138959835,0.33471451859263657,0.33741320972745953,0.3324564065698981
TRAIN_2523,0.56,0.49034540698141144,0.48651073655828636,0.5259996773926393,0.500951940310779
TRAIN_2524,0.18,0.21509900089833983,0.21538957218595278,0.21331558008331658,0.21460138438920306
TRAIN_2525,0.48,0.4847691970298609,0.8554888020431162,0.49272852142026,0.610995506831079
TRAIN_2526,0.3,0.48325487662951677,0.48390117023630624,0.4831074094039204,0.4834211520899145
TRAIN_2527,0.86,0.8597322630660512,0.8602873827961846,0.8599822838313866,0.8600006432312076
TRAIN_2528,0.77,0.489663828985972,0.4842104617797993,0.4899913572647811,0.48795521601018416
TRAIN_2529,0.15,0.5351918144544409,0.5352981170484423,0.5231425041096528,0.5312108118708453
TRAIN_2530,0.5,0.4971026948547521,0.5029070058873306,0.49686421675449205,0.49895797249885826
TRAIN_2531,0.53,0.5461900353084256,0.6053635316916015,0.5544145252884032,0.5686560307628101
TRAIN_2532,0.52,0.5186641298678543,0.4933400612883686,0.49977925239074117,0.5039278145156547
TRAIN_2533,0.39,0.5983450619785172,0.595662946121714,0.6091021780411097,0.6010367287137803
TRAIN_2534,0.21,0.2904758059363188,0.5001571985462601,0.2902113518667707,0.36028145211644985
TRAIN_2535,0.33,0.3298251175657744,0.3293562654038821,0.3307038470669448,0.32996174334553374
TRAIN_2536,0.49,0.49420110245166204,0.5004897825153427,0.49619482934236947,0.49696190476979146
TRAIN_2537,0.85,0.8501257653552665,0.8496047559170767,0.8501523313729737,0.8499609508817724
TRAIN_2538,0.26,0.2607616104082261,0.260662828075501,0.26053330077945885,0.2606525797543953
TRAIN_2539,0.48,0.48708962787817894,0.49003033403316026,0.48566899759099863,0.4875963198341126
TRAIN_2540,0.43,0.49729761790383875,0.4968305261843389,0.4954683043977527,0.4965321494953101
TRAIN_2541,0.75,0.7086797255611411,0.7082082895964754,0.49267803249563824,0.6365220158844184
TRAIN_2542,0.62,0.6175664237873935,0.6193534341111411,0.6177977039245237,0.6182391872743528
TRAIN_2543,0.26,0.42652237004942795,0.39721638066977216,0.4892257081781232,0.43765481963244107
TRAIN_2544,0.58,0.48980051051545653,0.49332169773728063,0.4889955017473129,0.49070590333335
TRAIN_2545,0.05,0.49632988354149915,0.05879026478034971,0.05894923425478443,0.2046897941922111
TRAIN_2546,0.83,0.6766015630327602,0.806414384358074,0.7474545061685949,0.7434901511864763
TRAIN_2547,0.97,0.542665153170352,0.9214346644431854,0.9185369042722416,0.794212240628593
TRAIN_2548,0.97,0.4879925492052049,0.4711590739187385,0.4767566471288432,0.47863609008426217
TRAIN_2549,0.03,0.06469504008828719,0.5395584495897063,0.5346167267096379,0.3796234054625438
TRAIN_2550,0.6,0.5997511068931691,0.4987778050934738,0.599770374874872,0.5660997622871716
TRAIN_2551,0.97,0.9701514558359527,0.9700947084485978,0.9698568076008454,0.9700343239617987
TRAIN_2552,0.36,0.4753585288590804,0.46494362340529805,0.4733242224161162,0.4712087915601649
TRAIN_2553,0.45,0.44172322571569866,0.4399201573552761,0.4451928993921964,0.44227876082105705
TRAIN_2554,0.43,0.43007880718752306,0.529333770346013,0.4263174470260016,0.46191000818651257
TRAIN_2555,0.58,0.4944488989195372,0.4877931752280951,0.49204515818127453,0.491429077442969
TRAIN_2556,0.45,0.4471118317073286,0.4430308301399287,0.44745258397491666,0.44586508194072466
TRAIN_2557,0.15,0.48835606008744836,0.1502474773785334,0.15017631152306615,0.2629266163296826
TRAIN_2558,0.34,0.35267300061560997,0.3497806567543683,0.35350388926734266,0.351985848879107
TRAIN_2559,0.0,0.0007784924841137686,0.0007609923756057846,0.0005380850459069664,0.0006925233018755065
TRAIN_2560,0.84,0.4846202902545087,0.3143734620433377,0.31978510438683844,0.3729262855615616
TRAIN_2561,0.46,0.47997781556948516,0.4737640508442187,0.47582853179688966,0.4765234660701978
TRAIN_2562,0.65,0.49418992080373086,0.4162730192990947,0.6071863012776259,0.5058830804601505
TRAIN_2563,0.88,0.48524847336648846,0.8493163897050654,0.4818845591392145,0.6054831407369228
TRAIN_2564,0.7,0.5953983095394235,0.6001194140219038,0.5089505911900212,0.5681561049171162
TRAIN_2565,0.11,0.1398792376398345,0.13834185356852308,0.4929844303073227,0.25706850717189345
TRAIN_2566,0.17,0.4008636289925944,0.2065653391926292,0.20565609263722484,0.27102835360748284
TRAIN_2567,0.91,0.7801756457498632,0.7581397415581832,0.7680852669360606,0.768800218081369
TRAIN_2568,0.4,0.5112668874631778,0.44910516172472864,0.4489598709017141,0.4697773066965401
TRAIN_2569,0.03,0.3683964201025304,0.38652105351626165,0.43131801600578784,0.39541182987485995
TRAIN_2570,0.27,0.30748571600881847,0.30885147597331997,0.3075095165296319,0.3079489028372568
TRAIN_2571,0.8,0.7987117189097467,0.798168296602942,0.7983964850855866,0.798425500199425
TRAIN_2572,0.95,0.9120938962825933,0.48725158172771493,0.9118937694439736,0.7704130824847607
TRAIN_2573,0.07,0.4819803387319688,0.4830699036204554,0.4840763443612992,0.4830421955712412
TRAIN_2574,0.96,0.9586438195872554,0.9592294041623064,0.9591523758859191,0.9590085332118269
TRAIN_2575,0.49,0.4539612947035395,0.4514383956372742,0.4563933055888506,0.45393099864322145
TRAIN_2576,0.78,0.7717899820742984,0.4909197901576185,0.7717420644256171,0.678150612219178
TRAIN_2577,0.99,0.611985606196032,0.6136690257565429,0.6101364908464376,0.6119303742663376
TRAIN_2578,0.16,0.14874190113893648,0.13616231975149112,0.5367575153090183,0.2738872453998153
TRAIN_2579,0.38,0.4521850724942769,0.4553033609910752,0.47610055556680675,0.46119632968405294
TRAIN_2580,0.22,0.22178762957038517,0.2207908182078971,0.5161141015466143,0.31956418310829887
TRAIN_2581,0.34,0.39067757700247796,0.4152709273022354,0.41559988240839796,0.40718279557103715
TRAIN_2582,0.51,0.49009230149163935,0.4961023377513474,0.4908168697142483,0.4923371696524117
TRAIN_2583,0.31,0.31011358318505355,0.47398737383436507,0.3096292162724644,0.36457672443062766
TRAIN_2584,0.29,0.5007763018374815,0.5058114029788371,0.49640402642000026,0.5009972437454396
TRAIN_2585,0.47,0.47201055340519993,0.4799111008704748,0.46279143204906575,0.4715710287749135
TRAIN_2586,0.82,0.8189390101877533,0.8201885669067587,0.3778931608034519,0.6723402459659878
TRAIN_2587,0.04,0.5027294148619837,0.4984841252752991,0.5065931304973701,0.5026022235448843
TRAIN_2588,0.84,0.8365960725149193,0.29069437277151255,0.8356636280471826,0.6543180244445382
TRAIN_2589,0.34,0.3458398079679365,0.34863168162190744,0.3559794707628289,0.3501503201175576
TRAIN_2590,0.77,0.49499549507940455,0.48733543792511214,0.49455486453095904,0.49229526584515854
TRAIN_2591,0.1,0.5449972335494669,0.09902212947178723,0.09938851279587352,0.24780262527237587
TRAIN_2592,0.5,0.5003439264329331,0.5028155466947808,0.4998657229522772,0.5010083986933304
TRAIN_2593,0.16,0.48610861802257954,0.5219081599672433,0.5172131398967866,0.5084099726288698
TRAIN_2594,0.14,0.199044415462311,0.19673074089424541,0.1986823119246856,0.19815248942708066
TRAIN_2595,0.82,0.4894139996533,0.49297084244720263,0.49418449003592835,0.49218977737881026
TRAIN_2596,0.69,0.6865523834277698,0.6865562724231001,0.6797328954943014,0.6842805171150571
TRAIN_2597,0.04,0.441751235845515,0.4996815935384793,0.5041813517011207,0.4818713936950383
TRAIN_2598,0.33,0.37564936312643954,0.37111888350297245,0.4665393829359148,0.40443587652177565
TRAIN_2599,0.69,0.6827795005047284,0.6699537465832613,0.6944568726117395,0.6823967065665765
TRAIN_2600,0.62,0.6257188434943626,0.649926012733471,0.6491842894501654,0.6416097152259996
TRAIN_2601,0.21,0.2103758493018914,0.2104662577851948,0.21040077215790903,0.21041429308166507
TRAIN_2602,0.74,0.40281328440722797,0.3987926286735804,0.39987045463877147,0.4004921225731933
TRAIN_2603,0.81,0.48983332784568023,0.4854833072283952,0.4894342817726117,0.4882503056155623
TRAIN_2604,0.54,0.4501498172488771,0.44677573979563295,0.4508156031306698,0.4492470533917266
TRAIN_2605,0.76,0.49037684304742907,0.7385990757212177,0.7371914551303883,0.6553891246330118
TRAIN_2606,0.49,0.5315446440154429,0.4994193147794893,0.5265582478287951,0.5191740688745757
TRAIN_2607,0.95,0.9491581445155844,0.9467840995048828,0.9474767008511584,0.9478063149572086
TRAIN_2608,0.39,0.4700222730064903,0.39423392146781555,0.39281470976551114,0.41902363474660564
TRAIN_2609,0.6,0.488973144047825,0.49132537579635427,0.4915623429993039,0.49062028761449444
TRAIN_2610,0.21,0.2139789031732483,0.21506041292712336,0.21451853480584898,0.21451928363540687
TRAIN_2611,0.86,0.8341566376356289,0.8313404349837793,0.8340271786450599,0.8331747504214894
TRAIN_2612,0.64,0.7024977615378545,0.703543566757088,0.5419342161280767,0.6493251814743397
TRAIN_2613,0.51,0.4610903918829156,0.5004698966172639,0.5004621184252446,0.4873408023084747
TRAIN_2614,0.85,0.620992961283633,0.6539934826736045,0.5525561081088748,0.6091808506887041
TRAIN_2615,0.26,0.2655948811970834,0.2694687560582999,0.26806831725720115,0.2677106515041948
TRAIN_2616,0.92,0.7744134470672006,0.7809929999825036,0.8228914501099585,0.7927659657198877
TRAIN_2617,0.23,0.5003231485787457,0.5072398188782451,0.501796066752686,0.5031196780698922
TRAIN_2618,0.16,0.42797901981625497,0.5061808468296732,0.47647726584472005,0.4702123774968827
TRAIN_2619,0.81,0.8019074396482683,0.8021509248355707,0.8026156905565869,0.8022246850134752
TRAIN_2620,0.01,0.009063665764930395,0.00543857617542981,0.005097271793170266,0.006533171244510157
TRAIN_2621,0.06,0.49368817234108997,0.49864101431236757,0.4933753980897224,0.49523486158106
TRAIN_2622,0.57,0.562972042220313,0.5626784014142494,0.5648270358150946,0.5634924931498857
TRAIN_2623,0.18,0.18041688627003122,0.18028483885501861,0.1800882911501271,0.1802633387583923
TRAIN_2624,0.62,0.6201190866189782,0.6201246799157778,0.4755816679799229,0.571941811504893
TRAIN_2625,0.64,0.633958609606728,0.6342875811446492,0.6345893936090292,0.6342785281201355
TRAIN_2626,0.95,0.7530443758584986,0.7410206645356897,0.7427226456957742,0.7455958953633209
TRAIN_2627,0.73,0.4755149170138127,0.48174405108003715,0.47870589717000406,0.4786549550879513
TRAIN_2628,0.23,0.5425120454846405,0.5390387656946054,0.5394976096267668,0.5403494736020042
TRAIN_2629,0.17,0.22517934669669648,0.2237413245570487,0.22523147629931234,0.22471738251768583
TRAIN_2630,0.24,0.2452547950116778,0.24573802640557957,0.49527062319881576,0.3287544815386911
TRAIN_2631,0.5,0.5059150282482339,0.5065863553434032,0.506283622570471,0.5062616687207027
TRAIN_2632,0.46,0.4607452865836883,0.4603973281110317,0.4914913059451755,0.4708779735466318
TRAIN_2633,0.38,0.5455265899804854,0.570080955481509,0.5625513106478839,0.5593862853699595
TRAIN_2634,0.4,0.3998709343076424,0.399997935953926,0.40030118453704594,0.40005668493287144
TRAIN_2635,0.38,0.5338128213580025,0.5279312366351123,0.518842087535716,0.5268620485096103
TRAIN_2636,0.22,0.22046557412765583,0.2200608671849308,0.5154332802909811,0.3186532405345226
TRAIN_2637,0.27,0.2754854161064746,0.27567317787640566,0.27565642563293746,0.2756050065386059
TRAIN_2638,0.27,0.4770822448785905,0.48813220830003057,0.4801726473746216,0.48179570018441426
TRAIN_2639,0.3,0.4725220207493028,0.473710728095808,0.2999451056815299,0.4153926181755469
TRAIN_2640,0.96,0.4752442865317998,0.4353816295535285,0.47337966626141836,0.46133519411558216
TRAIN_2641,0.44,0.4896691481027725,0.4919552066065981,0.49030752199955074,0.4906439589029738
TRAIN_2642,0.54,0.4359354639384563,0.4177333030544811,0.4210967107843307,0.42492182592575606
TRAIN_2643,0.58,0.552394283176542,0.5530637155074325,0.5480567077548926,0.5511715688129557
TRAIN_2644,0.1,0.10011621996240339,0.10006725475653372,0.09998597709436247,0.10005648393776652
TRAIN_2645,0.99,0.9792457177460466,0.979274999847491,0.9794285681325846,0.979316428575374
TRAIN_2646,0.77,0.752752261750472,0.7547320595559098,0.7659819933106828,0.7578221048723549
TRAIN_2647,0.54,0.5664350342311602,0.5656338016085654,0.5317626917536346,0.5546105091977868
TRAIN_2648,0.54,0.48964850840068874,0.5391113951414147,0.487886635636578,0.5055488463928938
TRAIN_2649,0.59,0.5852753042243277,0.5849944246073062,0.4365560220590627,0.5356085836302322
TRAIN_2650,0.73,0.7295866590971147,0.4461186910477981,0.7295601431034306,0.6350884977494479
TRAIN_2651,0.89,0.45881933522053625,0.3962968713474173,0.38251705533598035,0.41254442063464464
TRAIN_2652,0.06,0.0924729409584869,0.09259322618004034,0.09435250295547642,0.09313955669800122
TRAIN_2653,0.5,0.5005297496721145,0.5000628613757993,0.5006895838886186,0.5004273983121775
TRAIN_2654,0.88,0.490222595572037,0.8798116747675416,0.49163638153588873,0.6205568839584892
TRAIN_2655,0.11,0.4967563830901833,0.48288902686063334,0.48038155428626206,0.4866756547456929
TRAIN_2656,0.85,0.7668967553404606,0.36809406235891284,0.3624638232619123,0.49915154698709524
TRAIN_2657,0.9,0.4535609109858537,0.5047442712922141,0.49583404477796605,0.4847130756853446
TRAIN_2658,0.19,0.13319887597941132,0.166263161118678,0.15558272748888596,0.15168158819565844
TRAIN_2659,0.54,0.5404450994929234,0.5407499163094167,0.5404559514867491,0.5405503224296964
TRAIN_2660,0.86,0.48954976654163357,0.49340926901878723,0.48972064209645666,0.4908932258856258
TRAIN_2661,0.64,0.4929222290068324,0.48994313051633354,0.4951228632413456,0.49266274092150386
TRAIN_2662,0.03,0.5276280245080377,0.5321056147215789,0.5269195585790918,0.5288843992695694
TRAIN_2663,0.15,0.532003911892106,0.5358859516695684,0.5295475519171184,0.5324791384929309
TRAIN_2664,0.04,0.050365525905894604,0.050667282605565855,0.05035684443941196,0.050463217650290805
TRAIN_2665,0.53,0.5300034473181094,0.5303710732038536,0.5300690420028423,0.5301478541749352
TRAIN_2666,0.45,0.4506523913934121,0.4443546787269177,0.4509781198474191,0.44866172998924964
TRAIN_2667,0.56,0.5546009233198644,0.49403048895121016,0.5546425234993357,0.5344246452568034
TRAIN_2668,0.21,0.2172476712682787,0.2159147498724195,0.2168880325167747,0.21668348455249098
TRAIN_2669,0.2,0.20011630298739314,0.20034631163210187,0.20024686123329533,0.2002364919509301
TRAIN_2670,0.87,0.5859673546756721,0.5971849848689514,0.589514911121373,0.5908890835553322
TRAIN_2671,0.72,0.715826177410552,0.715414761266411,0.715964565875776,0.7157351681842464
TRAIN_2672,0.21,0.24643578424926232,0.371038223781653,0.38075776712884807,0.33274392505325445
TRAIN_2673,0.34,0.34119034565491574,0.34166641171028594,0.3416196818472813,0.341492146404161
TRAIN_2674,0.85,0.4861226679645314,0.8489659283340156,0.8489588930703302,0.7280158297896259
TRAIN_2675,0.77,0.7691490524457384,0.7683497375270527,0.768410332643421,0.768636374205404
TRAIN_2676,0.7,0.49470464651742563,0.4999852620700548,0.4977524298161945,0.49748077946789165
TRAIN_2677,0.6,0.4633036985208785,0.5431568803285579,0.4586029275773149,0.48835450214225046
TRAIN_2678,0.69,0.6838195864284868,0.683142820576503,0.42662123096762944,0.5978612126575397
TRAIN_2679,0.7,0.49590406791526803,0.48840272549176006,0.4943617750765208,0.49288952282784965
TRAIN_2680,0.99,0.5128197799386833,0.9140602322220912,0.9096919050534648,0.7788573057380798
TRAIN_2681,0.71,0.4040410528863514,0.4866580935673346,0.4187127671396308,0.43647063786443896
TRAIN_2682,0.18,0.4935980641493888,0.5423481770693566,0.20730596336260732,0.4144174015271176
TRAIN_2683,0.85,0.5146974877603403,0.5180109743692985,0.5153440822034161,0.516017514777685
TRAIN_2684,0.92,0.4916461557112316,0.4873092615550265,0.49028209858889893,0.48974583861838566
TRAIN_2685,0.9,0.5200904571912072,0.5175216357521334,0.5159478513947985,0.5178533147793797
TRAIN_2686,0.62,0.4049462642524664,0.4033048554101766,0.4167722390776778,0.40834111958010694
TRAIN_2687,0.15,0.1823222734782058,0.18042311794695814,0.41445153321176564,0.2590656415456432
TRAIN_2688,0.18,0.528470184590431,0.4847818935130763,0.528158832185855,0.5138036367631208
TRAIN_2689,0.16,0.4683852253089862,0.4926858040832473,0.49301748243126703,0.4846961706078335
TRAIN_2690,0.27,0.490443327683931,0.4910639872789593,0.47926852175046647,0.48692527890445225
TRAIN_2691,0.57,0.5462889733291413,0.5626636608602543,0.5656337794958312,0.5581954712284088
TRAIN_2692,0.26,0.26115962255321307,0.2610812158976813,0.26117233508818327,0.26113772451302586
TRAIN_2693,0.01,0.47516154526141097,0.5634802219801797,0.5588807059179354,0.5325074910531753
TRAIN_2694,0.49,0.4898816287872258,0.4895083103326137,0.49004332128249706,0.48981108680077884
TRAIN_2695,0.36,0.4943709865738112,0.5082844159910731,0.5011034379308235,0.5012529468319026
TRAIN_2696,0.98,0.4939292838472483,0.4982166390003929,0.49302766310031815,0.4950578619826531
TRAIN_2697,0.38,0.3802623841486875,0.3805003303730955,0.48686541960638113,0.41587604470938805
TRAIN_2698,0.63,0.618461810775069,0.6185014430126362,0.6182842449911046,0.61841583292627
TRAIN_2699,0.97,0.8432539768429483,0.6456836057322556,0.8454730122659573,0.7781368649470538
TRAIN_2700,0.75,0.7565039899383037,0.7557461945761537,0.7522504897798633,0.7548335580981069
TRAIN_2701,0.46,0.6197927240903218,0.6184950145628949,0.6179465970811017,0.6187447785781061
TRAIN_2702,0.45,0.4618578181538347,0.4631341428117678,0.46076827508858165,0.461920078684728
TRAIN_2703,0.19,0.22488266385245043,0.3014680203764071,0.29344271545327616,0.2732644665607112
TRAIN_2704,0.58,0.4888997285609179,0.407205577285268,0.40776214165961383,0.4346224825019332
TRAIN_2705,0.0,0.5253046069563652,0.6712994423001608,0.6700164613945118,0.6222068368836792
TRAIN_2706,0.23,0.4850265251724513,0.48935789605427865,0.4857692110731529,0.4867178774332943
TRAIN_2707,0.77,0.5088322383438054,0.46848578696133303,0.5078902328107778,0.4950694193719721
TRAIN_2708,0.12,0.4746332433346542,0.4760779326555165,0.471948951523998,0.47422004250472294
TRAIN_2709,0.49,0.49005571654691743,0.4902147426005316,0.49020222387263457,0.49015756100669455
TRAIN_2710,0.6,0.6038548353881827,0.6046412895345403,0.6020584723078238,0.603518199076849
TRAIN_2711,0.47,0.4659185923345044,0.4672267480062602,0.467156770882062,0.4667673704076088
TRAIN_2712,0.54,0.5864923687095094,0.5752984578437483,0.5650978064231729,0.5756295443254769
TRAIN_2713,0.79,0.4885518049807544,0.4842484902071739,0.48831762304761234,0.4870393060785136
TRAIN_2714,0.22,0.22054657681007778,0.22045620778276853,0.49119730567526904,0.31073336342270513
TRAIN_2715,0.09,0.09182392955161006,0.09585006431892562,0.4272292772181081,0.20496775702954792
TRAIN_2716,0.25,0.45095592599754497,0.6375970865635314,0.41679068751036946,0.5017812333571486
TRAIN_2717,0.55,0.5501520034625436,0.4941952013182345,0.5499894394268497,0.5314455480692093
TRAIN_2718,0.26,0.4651277444925234,0.4690913662772414,0.4422234787468261,0.45881419650553035
TRAIN_2719,0.28,0.5800029271434366,0.5832239031344291,0.47290664799812393,0.5453778260919965
TRAIN_2720,0.76,0.48517773371730716,0.4763772775335567,0.4874154156918129,0.4829901423142256
TRAIN_2721,0.08,0.08136309492223914,0.08048072071012902,0.08084760547768033,0.08089714037001616
TRAIN_2722,0.8,0.8016322670264631,0.8016790489035844,0.8016724231177743,0.8016612463492739
TRAIN_2723,0.14,0.20787594427508238,0.2083026588421572,0.19908628085574248,0.20508829465766068
TRAIN_2724,0.13,0.131471090017647,0.13016981386504672,0.13057550960793352,0.13073880449687575
TRAIN_2725,0.34,0.37716212821847683,0.3773513834771529,0.3763406270539265,0.3769513795831854
TRAIN_2726,0.43,0.5078052574747172,0.5130874815062061,0.4986840632712777,0.5065256007507336
TRAIN_2727,0.85,0.4528620091441375,0.4271695198395882,0.42235950001251976,0.4341303429987485
TRAIN_2728,0.44,0.44275847386945555,0.44321925776105353,0.3986211599260239,0.4281996305188443
TRAIN_2729,0.12,0.4928620533971891,0.4893451722380968,0.4952778746684978,0.49249503343459455
TRAIN_2730,0.84,0.4906160248483902,0.49191833263160717,0.49133212368462137,0.4912888270548729
TRAIN_2731,0.96,0.49329978379214345,0.4950290806219615,0.5304779488469799,0.506268937753695
TRAIN_2732,0.08,0.1477922490299104,0.12068388929164808,0.1158633932908637,0.12811317720414073
TRAIN_2733,0.93,0.9296730167862726,0.4891755090597127,0.9299743017445614,0.7829409425301822
TRAIN_2734,0.23,0.41320980195376383,0.4180853098961226,0.4154140798302977,0.41556973056006136
TRAIN_2735,0.99,0.5580834809830517,0.5592518342491893,0.5599585525946857,0.5590979559423089
TRAIN_2736,0.2,0.22185463647913256,0.22293607500579327,0.222845555195684,0.22254542222686993
TRAIN_2737,0.52,0.520360947984249,0.5199687032463854,0.5199606009207061,0.5200967507171136
TRAIN_2738,0.19,0.18953190200283637,0.1903461885336582,0.4593278462782834,0.27973531227159265
TRAIN_2739,0.19,0.47387435860314003,0.4795977323250767,0.4750475697771929,0.47617322023513653
TRAIN_2740,1.0,0.742642432575388,0.7194365966135648,0.712020478644505,0.724699835944486
TRAIN_2741,0.23,0.488652675065339,0.48444812179468416,0.4905466356622664,0.4878824775074298
TRAIN_2742,0.19,0.19134686674352003,0.19122669053588942,0.1909142459546207,0.19116260107801006
TRAIN_2743,0.25,0.4687311934247713,0.49770289171832716,0.49601219020961845,0.487482091784239
TRAIN_2744,0.75,0.447887081772393,0.7183514512656222,0.7103525106421836,0.6255303478933997
TRAIN_2745,0.8,0.6201637517145423,0.7958047581491641,0.801085664749009,0.7390180582042385
TRAIN_2746,0.51,0.49190651425365195,0.45729363513624244,0.4533412232815433,0.46751379089047923
TRAIN_2747,0.02,0.020919972917557428,0.0207287923869664,0.020624230668401078,0.0207576653243083
TRAIN_2748,0.99,0.5206602390426153,0.5301201224936776,0.5269678817325392,0.5259160810896107
TRAIN_2749,0.54,0.2157724742462816,0.21896822524090764,0.2274001461537039,0.22071361521363106
TRAIN_2750,0.28,0.2805359742597471,0.27963922595146595,0.27968825960816535,0.27995448660645944
TRAIN_2751,0.71,0.7101410477873337,0.7095078282701606,0.7097755686294631,0.7098081482289857
TRAIN_2752,0.54,0.606734389865582,0.6031214425962891,0.6093150608891252,0.6063902977836655
TRAIN_2753,0.83,0.48465154811891786,0.4949329805428676,0.48239413055045643,0.48732621973741397
TRAIN_2754,0.69,0.4612759452125285,0.46372596885730955,0.4631594811539469,0.462720465074595
TRAIN_2755,1.0,0.48876439148398754,0.44082748204067085,0.49783813767932367,0.4758100037346607
TRAIN_2756,0.77,0.7691536472512611,0.769121414342169,0.7694992629963879,0.769258108196606
TRAIN_2757,0.57,0.3294448068840369,0.5333475912087703,0.5719334865254222,0.4782419615394098
TRAIN_2758,0.75,0.5609113305941471,0.5539807452809749,0.56083854972374,0.5585768751996206
TRAIN_2759,0.26,0.49650863179485316,0.48819118990025867,0.4874158833490169,0.4907052350147096
TRAIN_2760,0.82,0.4889705051417141,0.4955099507947252,0.49260106975315826,0.4923605085631992
TRAIN_2761,0.5,0.4948586024374245,0.36786784462854666,0.49243523756068547,0.4517205615422189
TRAIN_2762,0.34,0.33958958989054705,0.34003780715867216,0.3396936150914679,0.3397736707135624
TRAIN_2763,0.14,0.4853828211991109,0.4809015221796773,0.4853103405450595,0.48386489464128263
TRAIN_2764,0.29,0.29619280905330114,0.29646434218185125,0.2965917675852462,0.2964163062734662
TRAIN_2765,0.25,0.2521231448484169,0.25177598452731714,0.2544880722724596,0.2527957338827312
TRAIN_2766,0.51,0.48411247812664393,0.48913660943016574,0.48624956700936933,0.48649955152205965
TRAIN_2767,0.82,0.4910620112973205,0.4859840001620968,0.4903337379552801,0.4891265831382325
TRAIN_2768,0.28,0.49053548184060275,0.5105527139728075,0.4877106340380755,0.49626627661716194
TRAIN_2769,0.01,0.9302319165956552,0.4646182494581866,0.9431529401996392,0.7793343687511604
TRAIN_2770,0.74,0.5009013272439085,0.5050510814735325,0.5004213163726332,0.5021245750300247
TRAIN_2771,0.31,0.49391372826504,0.486137567679038,0.49240691623914884,0.4908194040610756
TRAIN_2772,0.75,0.7500752080409754,0.7501868396091917,0.7499051609638128,0.7500557362046599
TRAIN_2773,0.87,0.46903400087291663,0.8691896538945034,0.46903018881957426,0.6024179478623314
TRAIN_2774,0.13,0.311270873552065,0.4921581087025572,0.3132436529701679,0.37222421174159664
TRAIN_2775,0.06,0.12913174766556212,0.4532750643723766,0.12565567791836013,0.23602082998543295
TRAIN_2776,0.43,0.401087799330407,0.44394823656245797,0.42952406720437525,0.42485336769908005
TRAIN_2777,0.68,0.6124644728168058,0.6016365585524182,0.6036904829801213,0.605930504783115
TRAIN_2778,0.36,0.4942983461335581,0.4979793550375141,0.4956976979949995,0.49599179972202395
TRAIN_2779,0.71,0.7095407240589683,0.709613372516154,0.7101958376771657,0.7097833114174293
TRAIN_2780,0.2,0.30734564106402296,0.2865138519366144,0.33618221061074155,0.31001390120379296
TRAIN_2781,0.9,0.899970726215795,0.8998598320906117,0.4830363999097082,0.7609556527387049
TRAIN_2782,0.28,0.48146724654688206,0.4666619998590161,0.48155397293356433,0.47656107311315415
TRAIN_2783,0.87,0.4964036659603901,0.4904049718420817,0.49533204595084135,0.4940468945844378
TRAIN_2784,0.96,0.48683125103591424,0.48568965595342184,0.48875117451404754,0.48709069383446124
TRAIN_2785,0.9,0.8990527937037188,0.899178193796015,0.4856394389604555,0.7612901421533964
TRAIN_2786,0.42,0.4110308074165045,0.4107176462682598,0.49892528998742736,0.4402245812240639
TRAIN_2787,0.02,0.022689711715118632,0.02274867642765377,0.5155668387357959,0.18700174229285613
TRAIN_2788,0.59,0.4349564532190073,0.43653740379088735,0.4364857206587457,0.4359931925562135
TRAIN_2789,0.98,0.44571623020689205,0.4477529664941927,0.9684808421325979,0.6206500129445609
TRAIN_2790,0.16,0.6335967147168311,0.5447526633231866,0.5439183358802002,0.574089237973406
TRAIN_2791,0.46,0.44180302791408743,0.44447934726649635,0.45416385190854525,0.4468154090297096
TRAIN_2792,0.4,0.49218598270519176,0.48887668579189414,0.4936688161018788,0.49157716153298825
TRAIN_2793,0.22,0.38226650113730587,0.3775598434400774,0.3818453730112341,0.3805572391962058
TRAIN_2794,0.11,0.5084851415765588,0.5048664096753804,0.50714881088345,0.5068334540451298
TRAIN_2795,0.12,0.6829503917230381,0.5344749224215936,0.686724429520171,0.6347165812216008
TRAIN_2796,0.46,0.45526876651103837,0.481033733634448,0.500132295990404,0.47881159871196344
TRAIN_2797,0.84,0.48879694922850325,0.5284191016022259,0.4859969846662469,0.5010710118323254
TRAIN_2798,0.73,0.7299927910373257,0.7295683689115451,0.7297733635854367,0.7297781745114359
TRAIN_2799,0.16,0.49244786356231307,0.4954816189199251,0.49350328456248427,0.4938109223482408
TRAIN_2800,0.2,0.20013327948937681,0.20010323352445136,0.2003085187924996,0.20018167726877592
TRAIN_2801,0.83,0.48541603169722725,0.8298153261496841,0.8296198693513015,0.7149504090660711
TRAIN_2802,0.03,0.4927142768052967,0.4966100923890788,0.49112131086008204,0.4934818933514859
TRAIN_2803,0.23,0.5202832140650749,0.40442017556391474,0.3862661095615742,0.4369898330635213
TRAIN_2804,0.07,0.07898929230481377,0.07354541273415921,0.07227496706916531,0.07493655736937943
TRAIN_2805,0.77,0.3468769307744339,0.45188421750495755,0.47434832202342153,0.424369823434271
TRAIN_2806,0.42,0.45168767071622784,0.38484997763748774,0.4574425459716327,0.43132673144178274
TRAIN_2807,0.01,0.015733537334059744,0.01592609740048928,0.017226826116473082,0.016295486950340703
TRAIN_2808,0.07,0.07268394294546021,0.07232810185023375,0.0723865003865567,0.07246618172741688
TRAIN_2809,0.93,0.46535322636294146,0.4695713750684492,0.4737574330914733,0.469560678174288
TRAIN_2810,0.6,0.4394405571932589,0.4375650453403169,0.44236279918697824,0.4397894672401847
TRAIN_2811,0.6,0.49718720765532126,0.48858608674338555,0.49855680077318976,0.49477669839063215
TRAIN_2812,0.45,0.4565941429201718,0.4573191791783482,0.45215977705325455,0.4553576997172582
TRAIN_2813,0.85,0.7898312569059449,0.4814041157077493,0.7912828665155889,0.6875060797097611
TRAIN_2814,0.75,0.7510009862281075,0.7509283819025852,0.7520406707178182,0.7513233462828369
TRAIN_2815,0.97,0.47132970229900467,0.4731922327178635,0.4837304116836112,0.47608411556682645
TRAIN_2816,0.38,0.5046742538810877,0.5422057920115296,0.5373503640060683,0.5280768032995619
TRAIN_2817,0.7,0.4812775433210158,0.4825112031322627,0.4833023187868521,0.48236368841337685
TRAIN_2818,0.48,0.49411591610705735,0.4872011553955308,0.49144581023791745,0.49092096058016854
TRAIN_2819,0.48,0.49101478866210957,0.48397730305334336,0.49005666511407125,0.4883495856098414
TRAIN_2820,0.77,0.48005933627672936,0.4737418092053787,0.4789017509324635,0.47756763213819053
TRAIN_2821,0.55,0.21594684221686483,0.3917636812498606,0.27909243089746444,0.29560098478806335
TRAIN_2822,0.78,0.7739355171576778,0.7751706612407262,0.7726174211544392,0.7739078665176145
TRAIN_2823,0.25,0.46751922286203956,0.4709620089365576,0.46503975534372644,0.46784032904744116
TRAIN_2824,0.74,0.48973568162579806,0.7398016238408104,0.4886213298306385,0.5727195450990824
TRAIN_2825,0.48,0.48013403014066464,0.6152139944057732,0.48102702698684585,0.5254583505110945
TRAIN_2826,0.16,0.16294359534655595,0.6017258439278484,0.17142216751188938,0.3120305355954313
TRAIN_2827,0.99,0.4890018084810673,0.4830720779037547,0.49596748187767625,0.4893471227541661
TRAIN_2828,0.62,0.541283170941133,0.6193891320473257,0.6191567334486643,0.593276345479041
TRAIN_2829,0.87,0.4852181368289318,0.4887772664470538,0.484921986569793,0.4863057966152596
TRAIN_2830,0.92,0.4603368540232009,0.46622392379120503,0.3168231701859922,0.4144613160001327
TRAIN_2831,0.41,0.4935303609675304,0.49637323827451924,0.4922395317205486,0.4940477103208661
TRAIN_2832,0.33,0.33136424669036024,0.3315167224137967,0.3314013750439134,0.3314274480493568
TRAIN_2833,0.26,0.29211002558255106,0.6384012306049032,0.3610482886503525,0.4305198482792689
TRAIN_2834,0.74,0.4946632860568746,0.48644259351252433,0.49186705486132587,0.4909909781435749
TRAIN_2835,0.4,0.39851883887935224,0.39987779437784315,0.39659040549172453,0.3983290129163066
TRAIN_2836,0.95,0.4892402197257636,0.48831815719244415,0.48793725125160914,0.48849854272327226
TRAIN_2837,0.02,0.5130177365484021,0.021482897623072428,0.02168946452343895,0.18539669956497118
TRAIN_2838,0.27,0.27218167600377524,0.45881087464341935,0.2714920994893184,0.33416155004550435
TRAIN_2839,0.36,0.3604486543541602,0.48658434765297043,0.3608040188150603,0.4026123402740636
TRAIN_2840,0.75,0.4936946633702839,0.48401693473593427,0.4910671631578603,0.48959292042135943
TRAIN_2841,0.12,0.275708374915199,0.2821209576265735,0.4017342365326484,0.31985452302480694
TRAIN_2842,0.74,0.7334716390486583,0.7326039241610955,0.7329315504967069,0.7330023712354871
TRAIN_2843,0.31,0.4626587739948138,0.3108029014537982,0.3106248491788619,0.36136217487582467
TRAIN_2844,0.88,0.7234355401543999,0.7285594343100612,0.7212736743213799,0.7244228829286138
TRAIN_2845,0.24,0.23913232860562178,0.5068319478386911,0.2391493650159373,0.3283712138200834
TRAIN_2846,0.59,0.56915111348971,0.6428859411204428,0.6403977380068936,0.6174782642056821
TRAIN_2847,0.63,0.48098469162856594,0.4847128635291521,0.4847417613444571,0.48347977216739174
TRAIN_2848,0.47,0.5036346082981968,0.500682881335534,0.5031021957336019,0.5024732284557776
TRAIN_2849,0.43,0.49532327678262933,0.4962026981735079,0.49248168823368266,0.49466922106327327
TRAIN_2850,0.23,0.48905729803199666,0.2352491196669712,0.2349270330153328,0.31974448357143354
TRAIN_2851,0.78,0.49442742015618585,0.49631499219623765,0.49475249794638354,0.49516497009960236
TRAIN_2852,0.69,0.5799613340903291,0.4049516726990074,0.5153877945737592,0.5001002671210318
TRAIN_2853,0.35,0.36300679838205097,0.4870784110252231,0.36428373262065716,0.4047896473426437
TRAIN_2854,0.23,0.23461993037262835,0.24312764585558166,0.24649512556667086,0.24141423393162698
TRAIN_2855,0.75,0.7508564405538406,0.7507217665669463,0.7509502148915583,0.7508428073374485
TRAIN_2856,0.18,0.17059843511967948,0.14988810551028764,0.17008814433431052,0.16352489498809256
TRAIN_2857,0.03,0.064225578434012,0.08651070327818655,0.123874865729867,0.09153704914735518
TRAIN_2858,0.99,0.5091745159421668,0.18965575781506722,0.18998172111761685,0.29627066495828364
TRAIN_2859,0.88,0.49931851182902276,0.4920557165221632,0.49409287522575535,0.4951557011923138
TRAIN_2860,0.24,0.7641466594282109,0.24435601189625866,0.3946424049416613,0.46771502542204363
TRAIN_2861,0.19,0.2138957424474815,0.21335341236474664,0.21368130362969445,0.21364348614730755
TRAIN_2862,0.43,0.4331279237610297,0.4329983359534648,0.433570576368288,0.43323227869426084
TRAIN_2863,0.65,0.48536763007610995,0.48792881958857587,0.4894042765624479,0.48756690874237796
TRAIN_2864,0.4,0.40257749590684566,0.40478420349327976,0.40312482440529646,0.4034955079351406
TRAIN_2865,0.48,0.4955408173174071,0.4902172180251689,0.49275860981181785,0.4928388817181313
TRAIN_2866,0.59,0.49646800871118413,0.460187734879055,0.4513116339796536,0.4693224591899643
TRAIN_2867,0.11,0.3136653002463803,0.32014574475140256,0.3810157234915803,0.33827558949645437
TRAIN_2868,0.88,0.5285457947394151,0.6299041296159464,0.6344251200747469,0.5976250148100362
TRAIN_2869,1.0,0.9995403335198171,0.9999776097974837,0.9998380247544219,0.9997853226905743
TRAIN_2870,0.27,0.5289573014691696,0.5472975675839407,0.5231599522506574,0.5331382737679226
TRAIN_2871,0.07,0.10468151105648588,0.10188705118895608,0.4613394644415418,0.22263600889566124
TRAIN_2872,0.93,0.929500244009533,0.48908024180278525,0.9296873445671716,0.78275594345983
TRAIN_2873,0.16,0.1621427717459687,0.16211644923580154,0.16209813314160143,0.1621191180411239
TRAIN_2874,0.92,0.48751378373998694,0.4938574678922912,0.4891016871559387,0.490157646262739
TRAIN_2875,0.67,0.4631063013649107,0.4555126012514288,0.46012773800679724,0.4595822135410456
TRAIN_2876,0.13,0.6346225618138753,0.5912609601703719,0.6676183462398888,0.6311672894080453
TRAIN_2877,0.97,0.9704418661472336,0.9696862800962226,0.970725267330772,0.9702844711914094
TRAIN_2878,0.7,0.5751071198247819,0.5107231749701919,0.5075735273003352,0.531134607365103
TRAIN_2879,0.84,0.4893456040707305,0.4889689683138575,0.4892154216244113,0.48917666466966647
TRAIN_2880,0.26,0.4933371167272663,0.49117374767242067,0.4900737219771644,0.4915281954589505
TRAIN_2881,0.02,0.7006853024833888,0.4829319604481869,0.42481804864801487,0.5361451038598636
TRAIN_2882,0.88,0.49587403058377555,0.49606908273393513,0.4955224336231092,0.4958218489802733
TRAIN_2883,0.0,0.117035605178608,0.12861762033705632,0.12580104976223333,0.12381809175929921
TRAIN_2884,0.16,0.16665175353224077,0.16672828746799906,0.4874818789842611,0.2736206399948336
TRAIN_2885,0.21,0.21283291885078204,0.21290718956636734,0.2120402793277389,0.2125934625816294
TRAIN_2886,0.91,0.5793611395571856,0.5225095404339417,0.5749608190066539,0.5589438329992604
TRAIN_2887,0.95,0.4910384966913834,0.48294239091990365,0.49046227063114256,0.4881477194141432
TRAIN_2888,0.03,0.4925584399699353,0.030668775012467342,0.029587721644166676,0.18427164554218978
TRAIN_2889,0.68,0.5302029165567027,0.527868882561809,0.49735672058535507,0.5184761732346223
TRAIN_2890,0.82,0.40407745720363364,0.7315319338416885,0.7324648798963291,0.6226914236472171
TRAIN_2891,0.09,0.15290182685398207,0.15320500571252388,0.4948263943986445,0.26697774232171684
TRAIN_2892,1.0,0.47178828380990384,0.4625329969121155,0.4640055759452922,0.46610895222243715
TRAIN_2893,0.48,0.49471508510111384,0.4819114413379916,0.4818794378841526,0.48616865477441934
TRAIN_2894,0.84,0.8397979234207447,0.8399577838829274,0.8402208933320602,0.8399922002119108
TRAIN_2895,0.02,0.6653552102438822,0.1526772786484215,0.17049108425120663,0.32950785771450347
TRAIN_2896,0.37,0.49258728991476713,0.4949883090871747,0.37299038507316207,0.4535219946917013
TRAIN_2897,0.74,0.49549277421179705,0.7403722884039031,0.7398211053892796,0.65856205600166
TRAIN_2898,0.27,0.2908698909314371,0.2858559604760863,0.5099426529093662,0.3622228347722965
TRAIN_2899,0.33,0.37040038864608404,0.36931550146615266,0.3713374149346397,0.37035110168229207
TRAIN_2900,0.14,0.14867716553493154,0.14702727264304694,0.14907918489321714,0.14826120769039855
TRAIN_2901,0.44,0.448803839193876,0.4476706016182819,0.4922552442855883,0.46290989503258206
TRAIN_2902,0.7,0.48190964313292706,0.6990608974203038,0.7013534253038868,0.6274413219523726
TRAIN_2903,0.13,0.1190951398136243,0.12472775273547693,0.11707494481958025,0.12029927912289383
TRAIN_2904,0.14,0.534030764880951,0.5296561352720179,0.5084879254140674,0.5240582751890122
TRAIN_2905,0.18,0.27503118457014347,0.20728534584509284,0.20863831543938172,0.23031828195153933
TRAIN_2906,0.75,0.2323957151142751,0.24449760711825952,0.43981550633059113,0.3055696095210419
TRAIN_2907,0.65,0.5509005928441277,0.5535367630848046,0.5539429420491283,0.5527934326593535
TRAIN_2908,0.96,0.9600184787433337,0.9597309290218781,0.9597422161544853,0.9598305413065656
TRAIN_2909,0.43,0.4311468423613726,0.43075304534035214,0.43113480026773193,0.4310115626564856
TRAIN_2910,0.38,0.4050522306071329,0.4067457431509093,0.4066717393169962,0.4061565710250128
TRAIN_2911,0.33,0.48874279852833585,0.46378637564712083,0.466711800529615,0.47308032490169055
TRAIN_2912,0.19,0.1901784078157578,0.19043842704861647,0.45898059785783774,0.279865810907404
TRAIN_2913,0.91,0.9101546280632064,0.4881663680726894,0.5063292130852737,0.6348834030737232
TRAIN_2914,0.33,0.5317049777208558,0.5329316120040017,0.5321111828908212,0.5322492575385596
TRAIN_2915,0.93,0.5486398189817888,0.9178577947159618,0.9234893397747341,0.7966623178241616
TRAIN_2916,0.08,0.3019272545145302,0.3029419115610351,0.30302324720315144,0.3026308044262389
TRAIN_2917,0.53,0.5001487071598518,0.5016401685112505,0.6783381431558562,0.5600423396089861
TRAIN_2918,0.87,0.46880419385973005,0.8685382716392537,0.46879157802227933,0.6020446811737544
TRAIN_2919,0.72,0.5047580065057099,0.4994081382706995,0.4989275008398893,0.5010312152054329
TRAIN_2920,0.9,0.8964858437719669,0.8971299982842438,0.8971554669719858,0.8969237696760656
TRAIN_2921,0.82,0.3867083859747261,0.39145167455108676,0.38685964196660266,0.3883399008308052
TRAIN_2922,0.18,0.1816342844305786,0.1819153958095026,0.47442928014714686,0.27932632012907604
TRAIN_2923,0.63,0.5871107615817248,0.694944792620996,0.7149614594173549,0.6656723378733586
TRAIN_2924,0.76,0.7542919781925446,0.7546752453819869,0.49175787772145096,0.6669083670986607
TRAIN_2925,0.6,0.4889518515365129,0.49452741646612774,0.48966056589025203,0.4910466112976309
TRAIN_2926,0.27,0.2669152206215101,0.2666251516098933,0.5829961665714266,0.37217884626760994
TRAIN_2927,0.75,0.4913548661363308,0.7483406484259151,0.7480510484256863,0.6625821876626441
TRAIN_2928,0.02,0.759255394357654,0.7334972358059029,0.7444339270429212,0.7457288524021592
TRAIN_2929,0.84,0.45024969821721605,0.45674235518458933,0.4506985324849241,0.45256352862890986
TRAIN_2930,0.26,0.46773786586459387,0.44773577764854244,0.45067425767332087,0.4553826337288191
TRAIN_2931,0.51,0.45412339334259627,0.48866126311678804,0.4874916552499703,0.47675877056978483
TRAIN_2932,0.16,0.13814767689862184,0.15832826973790226,0.1387886328172102,0.14508819315124477
TRAIN_2933,0.65,0.7932992781855283,0.4677220439282974,0.8009156696026501,0.6873123305721586
TRAIN_2934,0.82,0.8196821894593642,0.4837228678714336,0.8197211378048634,0.7077087317118872
TRAIN_2935,0.64,0.634649401393523,0.6381591897397974,0.6378585375983792,0.6368890429105666
TRAIN_2936,0.88,0.556792627956439,0.5563066894861919,0.5542453920747118,0.5557815698391142
TRAIN_2937,0.83,0.33897324709528587,0.33906383837319287,0.33768659607145046,0.33857456051330975
TRAIN_2938,0.45,0.5272914555070293,0.530141338556833,0.5212980141309472,0.5262436027316032
TRAIN_2939,0.72,0.466879031959407,0.24236115287172527,0.22912391727539705,0.31278803403550975
TRAIN_2940,0.2,0.4501219760817678,0.4394437959715161,0.5440658951645746,0.4778772224059528
TRAIN_2941,0.05,0.4917156079593683,0.12561591937888245,0.1258434856311183,0.24772500432312303
TRAIN_2942,0.17,0.17624603021945617,0.17316833338634946,0.1762792743359956,0.17523121264726707
TRAIN_2943,0.23,0.5032936118749717,0.5055133178440236,0.5006395509339939,0.5031488268843298
TRAIN_2944,0.22,0.5019982364751336,0.5073986602956001,0.48841691904854045,0.49927127193975807
TRAIN_2945,0.04,0.5017460120178303,0.5046419521914194,0.5012997437630057,0.502562569324085
TRAIN_2946,0.16,0.16549831296911865,0.18277462781467646,0.18377032476843203,0.17734775518407572
TRAIN_2947,0.16,0.501474500225609,0.5166298179232778,0.5167235272636558,0.5116092818041809
TRAIN_2948,0.15,0.49130937552189835,0.48091372440828584,0.48245945985551436,0.4848941865952328
TRAIN_2949,0.19,0.24518363951882996,0.24569105691614884,0.24533396636420868,0.24540288759972917
TRAIN_2950,0.03,0.16432984426548747,0.5092335600489121,0.16252469296834893,0.27869603242758284
TRAIN_2951,0.18,0.23110321981143234,0.23136382030197267,0.49401261650833717,0.31882655220724737
TRAIN_2952,0.0,0.027686112490554915,0.020431796141936742,0.02895373221940456,0.02569054695063207
TRAIN_2953,0.07,0.39137645816379896,0.4658358268958487,0.38428532572009155,0.4138325369265797
TRAIN_2954,0.03,0.48194435771555544,0.48828473663034677,0.48561471326562466,0.48528126920384224
TRAIN_2955,0.24,0.2585876809040084,0.2533522204333447,0.25660616053196394,0.2561820206231057
TRAIN_2956,0.11,0.10997626384571729,0.10993640680816025,0.11040553676415726,0.11010606913934494
TRAIN_2957,0.0,0.5012544936080795,0.5112569272505099,0.48944688028242433,0.5006527670470046
TRAIN_2958,0.1,0.10509156421613852,0.10313695113246862,0.2856598733381638,0.1646294628955903
TRAIN_2959,0.13,0.3218240806785365,0.4617975314300172,0.32048450187374194,0.36803537132743186
TRAIN_2960,0.15,0.1501105527821403,0.1505718910896155,0.15080102572368792,0.1504944898651479
TRAIN_2961,0.09,0.49244290023439524,0.5024035172099222,0.4910139911765922,0.4952868028736366
TRAIN_2962,0.23,0.4871752001951303,0.4901602571967567,0.4894985287351573,0.4889446620423481
TRAIN_2963,0.0,0.0019107209206543074,0.012946580901425586,0.0022420416702279566,0.005699781164102617
TRAIN_2964,0.16,0.47239630841514396,0.4949312342925666,0.47205968166785967,0.47979574145852344
TRAIN_2965,0.02,0.494259924700383,0.4971343711855769,0.4936013893769784,0.4949985617543127
TRAIN_2966,0.01,0.434389869575402,0.4359534804382641,0.42446852329712953,0.4316039577702652
TRAIN_2967,0.12,0.49417253933031097,0.4896749926255814,0.49377499015687093,0.4925408407042544
TRAIN_2968,0.14,0.14616701560072531,0.14335956462415672,0.14583795482615053,0.1451215116836775
TRAIN_2969,0.08,0.33019686820868727,0.07766634760446867,0.07518991875931252,0.16101771152415614
TRAIN_2970,0.16,0.48202827065906845,0.47936230081425085,0.5126247469735143,0.4913384394822779
TRAIN_2971,0.15,0.15076610011868807,0.15036688912181867,0.1505661509742512,0.150566380071586
TRAIN_2972,0.17,0.44294198273027124,0.44739642825857673,0.4257712992751584,0.43870323675466877
TRAIN_2973,0.02,0.022056320572435506,0.021501020386608116,0.021998430525603796,0.021851923828215807
TRAIN_2974,0.04,0.49178104637021247,0.4924005852755423,0.4934742206321308,0.4925519507592952
TRAIN_2975,0.15,0.6215012319634592,0.6251855345938984,0.6211633469793945,0.6226167045122507
TRAIN_2976,0.07,0.07325001235470685,0.38451786270001365,0.3543147215851861,0.2706941988799689
TRAIN_2977,0.17,0.5049070480777995,0.4995458369565722,0.5050112107545901,0.5031546985963206
TRAIN_2978,0.24,0.24540140103776023,0.24681699185186298,0.24583481010696587,0.24601773433219634
TRAIN_2979,0.17,0.5454903846715499,0.18625052622649052,0.18129714223760374,0.30434601771188136
TRAIN_2980,0.16,0.48990872443528743,0.4959160011820239,0.49044481508815957,0.4920898469018236
TRAIN_2981,0.08,0.0810941111613997,0.08278436122506971,0.08208435855308893,0.08198761031318612
TRAIN_2982,0.11,0.49658022439589494,0.11295563319639407,0.11294224795308805,0.24082603518179235
TRAIN_2983,0.02,0.4934321811208588,0.023729673863616685,0.023432591470040176,0.18019814881817187
TRAIN_2984,0.04,0.24362364522231833,0.47515034235829284,0.4792109562826295,0.3993283146210802
TRAIN_2985,0.03,0.49763503137038523,0.49945645821649415,0.4989067072719012,0.49866606561959353
TRAIN_2986,0.07,0.09190638755103447,0.10529546427189213,0.10574812752943274,0.10098332645078645
TRAIN_2987,0.08,0.45666731719634873,0.4602537861144762,0.44254638616954844,0.4531558298267911
TRAIN_2988,0.13,0.13968702340868056,0.4940557941783067,0.4891849307873616,0.37430924945811633
TRAIN_2989,0.14,0.14535073268881682,0.15708142880405618,0.1458907107468821,0.1494409574132517
TRAIN_2990,0.09,0.491385380393321,0.484237280704679,0.49009659688851837,0.48857308599550614
TRAIN_2991,0.12,0.1879625504958103,0.17950618468744234,0.16541676163887925,0.17762849894071064
TRAIN_2992,0.16,0.5508101486943986,0.16048917912280808,0.1601576236168778,0.29048565047802816
TRAIN_2993,0.08,0.4834054852589148,0.4767179244302157,0.4831131968448222,0.48107886884465084
TRAIN_2994,0.04,0.49535280863451236,0.5007390658744686,0.49600481188505363,0.49736556213134486
TRAIN_2995,0.02,0.4940143460555159,0.4895301994712213,0.4913291321680492,0.4916245592315955
TRAIN_2996,0.16,0.15181983246257458,0.1502614332584133,0.15026980834871906,0.15078369135656897
TRAIN_2997,0.16,0.18940081492880134,0.1881926748451992,0.18921862356318786,0.18893737111239614
TRAIN_2998,0.18,0.5197805682490318,0.503411200655996,0.505697834373893,0.5096298677596404
TRAIN_2999,0.04,0.46516036582016607,0.04386666804619793,0.04370903894672751,0.18424535760436386
