ID,oof_seed_42,oof_seed_77,oof_seed_2026
TRAIN_0000,0.41109188525833157,0.4543522594391159,0.42572543496524773
TRAIN_0001,0.8296325554685479,0.830032337513527,0.5182095885888748
TRAIN_0002,0.5815888394967605,0.5312428160024374,0.5452181116926941
TRAIN_0003,0.17011419651240028,0.17000414382251494,0.17002771337679862
TRAIN_0004,0.455226047593747,0.2681630215722863,0.27810546089261723
TRAIN_0005,0.8302793800117011,0.8301403494237691,0.8299489887637956
TRAIN_0006,0.46980449929887,0.4746014311392591,0.4611827046739724
TRAIN_0007,0.5028747734691091,0.4356905090129849,0.4663086600465273
TRAIN_0008,0.40371239352557675,0.4149412383551877,0.27738754833394486
TRAIN_0009,0.8501082760879454,0.8499889739036601,0.8499781345336345
TRAIN_0010,0.43484756666196417,0.5439737454721649,0.36401159361731417
TRAIN_0011,0.46090779218823047,0.5296421630598598,0.4962057050338459
TRAIN_0012,0.4110924961704563,0.37954333854948963,0.33323824258144985
TRAIN_0013,0.474171109690032,0.46283698089535497,0.4790017786899711
TRAIN_0014,0.04444496521779806,0.041905386394075206,0.04483021720461727
TRAIN_0015,0.17333807383502825,0.47815181258693645,0.18020096269219144
TRAIN_0016,0.42966179169125973,0.4629299611163607,0.43377339668748444
TRAIN_0017,0.30006963636725326,0.30000061549368834,0.3000946126155976
TRAIN_0018,0.5084171703445254,0.5093543722247945,0.5042288730133282
TRAIN_0019,0.6055233044218297,0.5454581122708568,0.5469149611867022
TRAIN_0020,0.4915909873156304,0.4988099566074874,0.4960724015422896
TRAIN_0021,0.5594469163620125,0.5159071834091795,0.5597277240499069
TRAIN_0022,0.4970277414455092,0.5022767888396557,0.5504543019473344
TRAIN_0023,0.4054645076250543,0.44738930371853086,0.4239102953502112
TRAIN_0024,0.387106795103499,0.388614774811759,0.4128248364206444
TRAIN_0025,0.5213251533493916,0.5079699039129197,0.4770237931173716
TRAIN_0026,0.34778113780361036,0.3293480416387276,0.3473227243820123
TRAIN_0027,0.24454943478083602,0.24798394832650694,0.24766048618871855
TRAIN_0028,0.8164047159592482,0.7953142606409966,0.8095422731516644
TRAIN_0029,0.28856203829970034,0.28976172289333624,0.2881714870018689
TRAIN_0030,0.5386743170822819,0.5248132491291952,0.5400447345431085
TRAIN_0031,0.6609521482732568,0.5045702796358693,0.5008308476761819
TRAIN_0032,0.32637763622371807,0.31283127776335773,0.3171641667687861
TRAIN_0033,0.48195841639396797,0.47857776859484275,0.48057992360376417
TRAIN_0034,0.3594074023176599,0.36431272001714965,0.3678499088293308
TRAIN_0035,0.4942334582943088,0.3952299741651025,0.3961141838935365
TRAIN_0036,0.5779589970869005,0.6090138764988389,0.6356542288564648
TRAIN_0037,0.556531489299018,0.5393991321306221,0.5728083858161199
TRAIN_0038,0.8883745151625341,0.5723392458144105,0.8978563168071398
TRAIN_0039,0.7260003259129297,0.7267719112691817,0.7262182057925477
TRAIN_0040,0.5717445469747572,0.5714565022742524,0.5694968144016848
TRAIN_0041,0.42306355808806073,0.4931748348672141,0.4863162164278982
TRAIN_0042,0.13252254495835442,0.1295409726156987,0.1386258183564893
TRAIN_0043,0.822329486725287,0.8205328976135785,0.5414181061327816
TRAIN_0044,0.49161713905963483,0.5048048927089975,0.49613375404433213
TRAIN_0045,0.4555866510652034,0.4755665825471647,0.4885890520085683
TRAIN_0046,0.40423060933900873,0.4171919032749856,0.41200314064349636
TRAIN_0047,0.5492779971206836,0.5160362948660969,0.5109647360144345
TRAIN_0048,0.4388347556201648,0.4689463576002049,0.4793734929913727
TRAIN_0049,0.4852896715037241,0.4991267421059416,0.47556881488262753
TRAIN_0050,0.4333550856968427,0.4090597763185916,0.3938502600347211
TRAIN_0051,0.13350949592703504,0.13317133587001,0.1353250308762276
TRAIN_0052,0.11170398100691553,0.45373846686953784,0.39067249504879614
TRAIN_0053,0.42327718184542673,0.41661999522099913,0.42465836739252727
TRAIN_0054,0.4624141553941169,0.46090154470057676,0.4349694638580247
TRAIN_0055,0.08694542885596485,0.09441494423136687,0.08012447338075923
TRAIN_0056,0.4928063860897201,0.4783097151586874,0.5034089840162058
TRAIN_0057,0.45453242759345114,0.5690328624425853,0.5618091554776842
TRAIN_0058,0.799480501643423,0.46899040171187445,0.800213508553961
TRAIN_0059,0.4774006340951097,0.5042539682214673,0.1107478029397383
TRAIN_0060,0.3614762808405627,0.483937757240887,0.5330039174103475
TRAIN_0061,0.5188668044365676,0.5395707767217927,0.5289628857586361
TRAIN_0062,0.518546370443213,0.5105951463420069,0.5150271803887879
TRAIN_0063,0.5347706828401442,0.5286763688425468,0.5551139777110402
TRAIN_0064,0.4447799109700024,0.45285248511924586,0.4445557141569891
TRAIN_0065,0.5868862393621372,0.401368995368918,0.5842328490336657
TRAIN_0066,0.4561004612346196,0.4483851993376524,0.44066096057585646
TRAIN_0067,0.9996835819448666,0.9995438460030203,0.9995929969499853
TRAIN_0068,0.08610945013991883,0.4672510608234394,0.08893658449038766
TRAIN_0069,0.03851411688902884,0.04121377262760523,0.03753615827937429
TRAIN_0070,0.4817680722021752,0.4908344622214283,0.4850540235136117
TRAIN_0071,0.4238357324326664,0.4494922436724481,0.4207141575560975
TRAIN_0072,0.9192926486916693,0.4432387857660242,0.9192692856998279
TRAIN_0073,0.9886890798197838,0.9885773370934063,0.9881160459137907
TRAIN_0074,0.27227719356534447,0.27412808157916047,0.5208398706531017
TRAIN_0075,0.4643559388258536,0.45596434610232583,0.4778860455144012
TRAIN_0076,0.6396916974185706,0.6392459529162486,0.6389727116547557
TRAIN_0077,0.45073349574198524,0.45553682719247696,0.4317754495846836
TRAIN_0078,0.485976486472512,0.47303155740512465,0.4553462183051077
TRAIN_0079,0.8946772795128614,0.8969341643906314,0.46152351162308697
TRAIN_0080,0.3944077865275002,0.3953848285456133,0.3949083181691841
TRAIN_0081,0.4736597388681729,0.4257942445263948,0.4441293398682356
TRAIN_0082,0.45024870840463704,0.44362908071594126,0.5013551644882318
TRAIN_0083,0.9802133721257522,0.9795334558340952,0.5307609899795855
TRAIN_0084,0.5578422984970395,0.46881675302764203,0.5672186355447624
TRAIN_0085,0.5156528044851069,0.5028632727217371,0.512070359525477
TRAIN_0086,0.4356429678063727,0.5135017586843906,0.544027284390557
TRAIN_0087,0.48076364792295695,0.47651985058238855,0.4783599279993462
TRAIN_0088,0.643203200849355,0.652054254776664,0.6541863253088331
TRAIN_0089,0.49674271708775225,0.5152688658334917,0.47513889050681724
TRAIN_0090,0.5071971935143003,0.5223847658030579,0.5206254858340937
TRAIN_0091,0.5509060456552424,0.5427755503190081,0.5570596855330081
TRAIN_0092,0.48763416338309745,0.49825825852930544,0.5208125793505419
TRAIN_0093,0.5817857426865607,0.8020476355330228,0.8021830975146842
TRAIN_0094,0.5433221088925153,0.5195047158972804,0.5467519197133525
TRAIN_0095,0.9005243476741733,0.9000537524520775,0.4788991174087525
TRAIN_0096,0.48827483834606844,0.4928854712226657,0.48980018707021816
TRAIN_0097,0.1486552753178842,0.1511111580155129,0.14894431361085247
TRAIN_0098,0.48649431643236407,0.4818438948577087,0.48915458799753386
TRAIN_0099,0.4662276396199849,0.46383592615884445,0.5255057183914975
TRAIN_0100,0.6506719940461972,0.6506395850106861,0.6509595878660058
TRAIN_0101,0.2273100969011395,0.21999120392484628,0.22506963891971055
TRAIN_0102,0.592966760188587,0.596753777949934,0.5558780745904999
TRAIN_0103,0.44880641777190566,0.49328853680679036,0.5030182408510326
TRAIN_0104,0.35503753351807854,0.26970184581630086,0.35985896466235134
TRAIN_0105,0.45489192521344346,0.49025003814598783,0.44385124374489804
TRAIN_0106,0.19350434623700363,0.19367695326065404,0.5130384987804391
TRAIN_0107,0.4968720495592771,0.4980420050454135,0.5013125882058491
TRAIN_0108,0.15638720722992816,0.17755432170572083,0.15910261235742623
TRAIN_0109,0.5096113411982099,0.4412595932561959,0.4682319423557424
TRAIN_0110,0.6387553020399368,0.6284394915098485,0.5611939283454375
TRAIN_0111,0.5904036882257419,0.5909504665415873,0.5288999095793918
TRAIN_0112,0.5627590937756799,0.5087404489368265,0.5029309261841007
TRAIN_0113,0.5659778900781689,0.39529892757513085,0.5279149938373066
TRAIN_0114,0.48228985557276277,0.4732271143165584,0.4695156516421074
TRAIN_0115,0.3594227702065499,0.5089177730295895,0.35932314398847254
TRAIN_0116,0.3791518454575542,0.8302943464350154,0.8282857358634849
TRAIN_0117,0.49159498515806527,0.7589782663673805,0.7553595478199967
TRAIN_0118,0.18442694461434517,0.17816283711730918,0.17486935793484293
TRAIN_0119,0.4140612887158246,0.3812119128881308,0.5210154162025523
TRAIN_0120,0.6303619529471051,0.6302066015531335,0.6300163397502306
TRAIN_0121,0.7788117745440435,0.7767792884050432,0.778409745105733
TRAIN_0122,0.5407294482524032,0.541200514203339,0.5406090662644865
TRAIN_0123,0.5520193997565044,0.534941477386876,0.5501749147699874
TRAIN_0124,0.49262533725765817,0.4928851876992328,0.4967989472212087
TRAIN_0125,0.3957523810720915,0.5845144303722252,0.3979292147673504
TRAIN_0126,0.5932535334917436,0.5803277059164864,0.6130782079526691
TRAIN_0127,0.5270188358279115,0.5411649274644119,0.5507532625169577
TRAIN_0128,0.50120810591671,0.5211959688643671,0.5074790967757681
TRAIN_0129,0.5076748169935363,0.5031289834616218,0.5026764185312654
TRAIN_0130,0.3218017302155261,0.34735897640430546,0.31867941387814025
TRAIN_0131,0.4490260411879494,0.5528440808327331,0.5532200702938771
TRAIN_0132,0.4911570667197043,0.4785960558225673,0.4914166090374561
TRAIN_0133,0.09546386379872562,0.09746774299872646,0.5500141100928584
TRAIN_0134,0.628012716746789,0.6246686340217986,0.6328716710326494
TRAIN_0135,0.22680104953614483,0.2259319057675624,0.21783590510307566
TRAIN_0136,0.44368780272772956,0.47975582434821135,0.47679085786132214
TRAIN_0137,0.4662226035562321,0.4572530508339552,0.45360979480623115
TRAIN_0138,0.4374741687540442,0.43076926471931953,0.4645273448394673
TRAIN_0139,0.5289788797272995,0.5122274088433078,0.5282760329276704
TRAIN_0140,0.4526873043163087,0.5240851910892682,0.44148312483215757
TRAIN_0141,0.4142687429568384,0.4134078434160023,0.41042789940857455
TRAIN_0142,0.5651581093042612,0.5590735418868658,0.498429644898948
TRAIN_0143,0.4585668464798751,0.46665790442836264,0.512625927508208
TRAIN_0144,0.528926470037368,0.2841441238791501,0.31012834861612026
TRAIN_0145,0.494152273190735,0.5122729509566487,0.49349760142299454
TRAIN_0146,0.4933313829938081,0.48278579493105894,0.5057626564634371
TRAIN_0147,0.4948169927801465,0.5046169332562934,0.4961952226401072
TRAIN_0148,0.020032952996608344,0.5120300231223005,0.02007300132348311
TRAIN_0149,0.49317724458475387,0.4987107628119736,0.5233488292124662
TRAIN_0150,0.47703347492952586,0.4709707775953368,0.4921210530422315
TRAIN_0151,0.4480650393074083,0.421542501329517,0.39093651272109886
TRAIN_0152,0.48557452102062826,0.488735357937275,0.49302466984415166
TRAIN_0153,0.513402186359022,0.52628043958978,0.508098003520637
TRAIN_0154,0.3785720037809329,0.3789013063403312,0.34977258210423356
TRAIN_0155,0.4683292359897228,0.45865893976217104,0.4601057364277885
TRAIN_0156,0.32648246654223056,0.4901964970394514,0.5049983113006247
TRAIN_0157,0.8822917044360161,0.8898453374740376,0.8854278133580553
TRAIN_0158,0.1757346457604858,0.4588746941267305,0.177078716829643
TRAIN_0159,0.4745143391692376,0.4623927974607452,0.4621879594356381
TRAIN_0160,0.45811512313412317,0.484687324458908,0.4696203444659466
TRAIN_0161,0.6720590576359774,0.6715604352734709,0.6713750906635418
TRAIN_0162,0.4208766370412736,0.43354897101872863,0.47560478556911906
TRAIN_0163,0.6580513229463893,0.6579998591417855,0.5000907034158794
TRAIN_0164,0.25786735047109305,0.25871071096445303,0.25938505314293936
TRAIN_0165,0.5873421612073138,0.586686683874484,0.5871276409662028
TRAIN_0166,0.6333144432161492,0.5966597868263785,0.6049295626439112
TRAIN_0167,0.5542152734532897,0.5259711796868494,0.557579437034617
TRAIN_0168,0.5493401054460254,0.6788286693894301,0.699922787951015
TRAIN_0169,0.07176317346829553,0.1090497081161032,0.06215652869311156
TRAIN_0170,0.5997890462953444,0.601158114374206,0.6033678413568906
TRAIN_0171,0.48553998456625924,0.5009125687586946,0.502762560125298
TRAIN_0172,0.7164013508149406,0.7400204241931385,0.7228220916491969
TRAIN_0173,0.08912250236119357,0.0905175152868854,0.5995437019496188
TRAIN_0174,0.17998766006267913,0.19486291593577493,0.4997255660122305
TRAIN_0175,0.5750906509200157,0.796001923655755,0.7963326761791687
TRAIN_0176,0.10659031643889716,0.11382548707259776,0.11328567107330195
TRAIN_0177,0.4922837406780958,0.4905918538314703,0.4842917047187169
TRAIN_0178,0.6146608179438035,0.6555613230007209,0.6828044747819452
TRAIN_0179,0.7089730793342304,0.7354163117061814,0.7611450539196042
TRAIN_0180,0.47273873112977066,0.48263723571328154,0.48672497065042303
TRAIN_0181,0.8367647645271976,0.8347546933140062,0.8365266785575749
TRAIN_0182,0.3285576121536453,0.3189231686092512,0.3298966348730996
TRAIN_0183,0.4503557466307844,0.4503343349748023,0.450810781985231
TRAIN_0184,0.5061259729843136,0.4889149942737846,0.5082613466185675
TRAIN_0185,0.07287716255450127,0.07783234359799357,0.07595215172278386
TRAIN_0186,0.4887025876740469,0.47596548206379224,0.47086593080302436
TRAIN_0187,0.5175831342124529,0.5129369727554673,0.49763974635341673
TRAIN_0188,0.3251355646388178,0.3815749096468255,0.18934313543055087
TRAIN_0189,0.5145181693556425,0.49260397827420394,0.5028140803564032
TRAIN_0190,0.6192788434115936,0.618013073625218,0.6167509261109891
TRAIN_0191,0.5180655966624634,0.5149768718070366,0.48682989211923533
TRAIN_0192,0.5526510445199349,0.3707517604949078,0.560483548329292
TRAIN_0193,0.27769838202248387,0.27209391727797433,0.2728992117611145
TRAIN_0194,0.34919672765828313,0.34785240610601614,0.34881829799244357
TRAIN_0195,0.12000339962128265,0.1205064069063248,0.49004321855065985
TRAIN_0196,0.38127588844991545,0.410441037284605,0.3937336374012765
TRAIN_0197,0.5466237688761024,0.5151998295983075,0.5326720343075771
TRAIN_0198,0.46672362665813516,0.46898080669277953,0.4843092919467002
TRAIN_0199,0.507804641732344,0.494541860061399,0.5060901034771477
TRAIN_0200,0.4669216562176923,0.06531629517700488,0.06973551221760227
TRAIN_0201,0.37564975794496924,0.4487751196861259,0.41398915259658
TRAIN_0202,0.5379075655335951,0.5283646893176174,0.5439129681842435
TRAIN_0203,0.3548294211158525,0.49305691634275495,0.35587888850834226
TRAIN_0204,0.20921436487762324,0.20938298880833695,0.20926602844193987
TRAIN_0205,0.4497530328957226,0.45445925262816106,0.3994805281844193
TRAIN_0206,0.49083984634093464,0.48279820068372875,0.48639732951203646
TRAIN_0207,0.5252461291031413,0.5787523375442625,0.5251169765029672
TRAIN_0208,0.4479157180367925,0.4526042471526242,0.4482570648771962
TRAIN_0209,0.49317857361695067,0.4899896730480183,0.4950150255038539
TRAIN_0210,0.5722186054811361,0.5197242709476295,0.5592021451585933
TRAIN_0211,0.556796034726107,0.5443492893212487,0.5355491896384884
TRAIN_0212,0.9509899369663071,0.9465790590708327,0.9452452712232293
TRAIN_0213,0.49950293918879984,0.4717255209786308,0.5057937727208279
TRAIN_0214,0.9878043909536719,0.9882880723743752,0.9885555967653625
TRAIN_0215,0.14295808224377848,0.13573098180843685,0.38838701733291764
TRAIN_0216,0.5119493748335951,0.6422479123160056,0.5301747746594141
TRAIN_0217,0.4361990767510062,0.4727356335169367,0.5031099216814994
TRAIN_0218,0.9049730644436869,0.4642486359266575,0.5350141748138446
TRAIN_0219,0.44785201252199014,0.4614771507649609,0.45211366030167727
TRAIN_0220,0.5092667972480243,0.5107265830323526,0.8836924693470469
TRAIN_0221,0.5391049863313832,0.5275687588876649,0.5258609267238206
TRAIN_0222,0.5067903625108933,0.5054470336317466,0.5089781368532698
TRAIN_0223,0.5054534536746762,0.5305131586652317,0.5297412387055519
TRAIN_0224,0.5162003745999687,0.8258521599520838,0.8249599932563648
TRAIN_0225,0.47867444351376626,0.45316399792007167,0.4562231221585739
TRAIN_0226,0.417347408475621,0.4961398956402573,0.4115472510810401
TRAIN_0227,0.5098064177548784,0.5239087426482456,0.5144384499500534
TRAIN_0228,0.2363356430019798,0.9427921577782192,0.46312700422240416
TRAIN_0229,0.07154428259434176,0.07155806498128658,0.4973334836020978
TRAIN_0230,0.5088871296818398,0.4814075810335108,0.4864651706563994
TRAIN_0231,0.43934697656086036,0.4456745782437734,0.44692341548140596
TRAIN_0232,0.4538367053893084,0.4400845458934387,0.4342292355933101
TRAIN_0233,0.5537361999221354,0.2532947682331273,0.26640166815453015
TRAIN_0234,0.47950410653709274,0.48865405267651857,0.4897690050888093
TRAIN_0235,0.45682973158726004,0.45577304557917914,0.3876505128860868
TRAIN_0236,0.5267564827321485,0.5107858532977946,0.4873970559917839
TRAIN_0237,0.687588684607007,0.6864213804083015,0.686190591536468
TRAIN_0238,0.07816740719713078,0.07303497936525977,0.07365418538591784
TRAIN_0239,0.476866726594817,0.4770061401729449,0.46309322113990026
TRAIN_0240,0.4505915997807749,0.4482344566504434,0.4841831298308683
TRAIN_0241,0.2666826867302341,0.243711583566327,0.2567511515691344
TRAIN_0242,0.5180167319625182,0.5325147405270839,0.5202161523516442
TRAIN_0243,0.5338611168500838,0.5245463230957415,0.5431698003240149
TRAIN_0244,0.47652880800797515,0.48252143841965844,0.4823311670210214
TRAIN_0245,0.7190355298956037,0.7015853480165164,0.7111556712336256
TRAIN_0246,0.17005234445697653,0.17017501938476032,0.1699790277582543
TRAIN_0247,0.42112553113395096,0.591712694885426,0.4191215609746237
TRAIN_0248,0.2907900920072512,0.2999974018698028,0.3207669657319383
TRAIN_0249,0.5934370279037122,0.4724639328478588,0.5927968773765718
TRAIN_0250,0.48691974543828676,0.48425028820049304,0.4873579287064495
TRAIN_0251,0.4564720498559852,0.449211909865019,0.47231355071713904
TRAIN_0252,0.6508050695902647,0.6517148579764328,0.6515489968708695
TRAIN_0253,0.4601931411196956,0.45920949753158635,0.46454052745897356
TRAIN_0254,0.6071980574433186,0.5486668079686622,0.5665082394063212
TRAIN_0255,0.5083816453033597,0.5132650852213531,0.5110025451595114
TRAIN_0256,0.6055469273981987,0.6109743335613529,0.6044552584343125
TRAIN_0257,0.5689390134255985,0.5698161590827633,0.5690555388064353
TRAIN_0258,0.500347181540507,0.49475338904193245,0.500832160443081
TRAIN_0259,0.4945785747054633,0.4887751243367423,0.49454944467004125
TRAIN_0260,0.5037213290046464,0.506754468960056,0.5054671562839117
TRAIN_0261,0.5402499214638691,0.5375929702120085,0.4958211503072399
TRAIN_0262,0.4199229279246371,0.5078044172392012,0.4183542300435653
TRAIN_0263,0.47233285037479245,0.5063107609768055,0.5213690426093821
TRAIN_0264,0.44027092989027505,0.4362321412934772,0.4729777960535974
TRAIN_0265,0.41272684276917715,0.40529566927916694,0.4238149949831944
TRAIN_0266,0.5522918472454978,0.5472196721005287,0.5599867032113146
TRAIN_0267,0.45964595618984344,0.4202257985649614,0.4602029482881156
TRAIN_0268,0.47758630970271493,0.44869738060124026,0.44330340592834117
TRAIN_0269,0.7667487838331739,0.7672829514520616,0.7666063753102768
TRAIN_0270,0.292937802610841,0.5210154658604913,0.5027999867198097
TRAIN_0271,0.49714781699529886,0.5000806436127767,0.4956390940760449
TRAIN_0272,0.5153918276687358,0.48542854765530374,0.5305443930873196
TRAIN_0273,0.33998355816950515,0.3398622950743738,0.3399697356152083
TRAIN_0274,0.5651076741592025,0.5808188418720436,0.565727313216281
TRAIN_0275,0.5008227659426969,0.4481189131419592,0.44832684238155335
TRAIN_0276,0.7564092200414682,0.7567414997359982,0.7596345811709815
TRAIN_0277,0.528154653850875,0.5307479861899391,0.5225773244487075
TRAIN_0278,0.371347952845438,0.3874433766150909,0.3553737170967678
TRAIN_0279,0.4473735382655323,0.4587095415344643,0.4663439011047186
TRAIN_0280,0.5163759666134907,0.5036903439780565,0.5090003570940224
TRAIN_0281,0.5117017336703686,0.48738030985355774,0.49130350854721555
TRAIN_0282,0.2810956218232116,0.28119598241295823,0.2793736650617912
TRAIN_0283,0.34931403977751424,0.4180299295661934,0.3888578962819013
TRAIN_0284,0.022260791698989646,0.02290894055457504,0.02464768758719621
TRAIN_0285,0.5130923409208377,0.5103030745534193,0.507450342660907
TRAIN_0286,0.3941226801664194,0.3813992239577244,0.40187731464678905
TRAIN_0287,0.5405940505588315,0.4998252320262052,0.5281751594105909
TRAIN_0288,0.19535561219666703,0.2085278901003932,0.20667772505387633
TRAIN_0289,0.36983626275028175,0.36858133577606284,0.38084340102472886
TRAIN_0290,0.13300230993856665,0.13359192448771018,0.13321876992670434
TRAIN_0291,0.4562090674035423,0.5057838697761518,0.49636118492057796
TRAIN_0292,0.14698961886051437,0.14684546038869756,0.1427049549489588
TRAIN_0293,0.7899231357419498,0.7814255717437335,0.49721645911856577
TRAIN_0294,0.9601979920203001,0.959994116518426,0.9599616384461134
TRAIN_0295,0.5946376586171414,0.5765031682415345,0.6014482625872121
TRAIN_0296,0.4264353635209682,0.4887288955483915,0.4818402550704005
TRAIN_0297,0.47976089511105524,0.23954852649909777,0.23963480857288305
TRAIN_0298,0.37849342170812716,0.38647564070387663,0.3817609078812336
TRAIN_0299,0.5208964973005004,0.5156300874461983,0.5134080752317917
TRAIN_0300,0.6212223516119393,0.6247586149060269,0.6227499278548124
TRAIN_0301,0.4637004391810865,0.2718827927244686,0.48168436477303983
TRAIN_0302,0.5053138117903007,0.506281843903968,0.509506338721392
TRAIN_0303,0.5031956949135281,0.4967625045618274,0.5287725043771966
TRAIN_0304,0.590343894718313,0.5519957036082762,0.21133560582291455
TRAIN_0305,0.505936228077916,0.5059953150901415,0.5058219397444857
TRAIN_0306,0.47539632212440097,0.4546931648443429,0.4678005493095083
TRAIN_0307,0.47420980259239603,0.49067672271123314,0.4744421305135327
TRAIN_0308,0.5008540562632662,0.4958908671430327,0.5005817769705216
TRAIN_0309,0.540780613969277,0.5102665674116353,0.5573480820107477
TRAIN_0310,0.49357158453195055,0.4873141173741266,0.4898290232211664
TRAIN_0311,0.461203434569574,0.4142275812386589,0.4116530640765357
TRAIN_0312,0.6902703448096402,0.6906354783043216,0.4556992356362892
TRAIN_0313,0.5055488201880627,0.4926926583534931,0.4910279368735054
TRAIN_0314,0.5082725481909576,0.5184506285047079,0.5210128865917856
TRAIN_0315,0.421115917987328,0.44741006948193773,0.7549296367824032
TRAIN_0316,0.48357810755637237,0.5933167244184373,0.5673264692738654
TRAIN_0317,0.38426945591039285,0.3789289127932219,0.36856020874301443
TRAIN_0318,0.8716564753704138,0.4607125562475089,0.8767207335759517
TRAIN_0319,0.5169479182937818,0.49847038206992506,0.5211227182887176
TRAIN_0320,0.7709507491026909,0.7666368006103936,0.77637127854287
TRAIN_0321,0.6570296024231976,0.6461609153477874,0.4720645336994552
TRAIN_0322,0.18026962767168814,0.44196480298251684,0.1798919203162208
TRAIN_0323,0.9999134343828613,0.5045937942570952,0.999944117769637
TRAIN_0324,0.46307287193674546,0.43347436351996255,0.4903463548372004
TRAIN_0325,0.542589049409748,0.557146761322866,0.538683621334268
TRAIN_0326,0.5026743104701834,0.49398808573954955,0.5023363217063948
TRAIN_0327,0.5527042308646394,0.48176524337877136,0.5502246292114419
TRAIN_0328,0.48221144984468073,0.49588816125305474,0.46351132529281763
TRAIN_0329,0.47505141793186817,0.5077447899716554,0.47579163415126385
TRAIN_0330,0.17391565766554057,0.16911220430374024,0.3809676357396615
TRAIN_0331,0.4599531089710137,0.4131367861223531,0.4755322817779575
TRAIN_0332,0.6217141926488772,0.5430691231327611,0.5425942829138739
TRAIN_0333,0.5454314718465202,0.5397256764180006,0.6079100010833072
TRAIN_0334,0.23963801935378154,0.295805303694963,0.2932084584133023
TRAIN_0335,0.4816145766918365,0.4787182508394094,0.4573576450144138
TRAIN_0336,0.5222903644108742,0.5291175355392991,0.5184434485734483
TRAIN_0337,0.5075747882649319,0.5090809276220523,0.5085280942722168
TRAIN_0338,0.29401738571412983,0.29455964275643876,0.29363832359279624
TRAIN_0339,0.9414868783786811,0.5041616624357387,0.9434814590492777
TRAIN_0340,0.4915965132107065,0.5028778037816483,0.4882956342850272
TRAIN_0341,0.005524309108727032,0.007477816985299313,0.007102218706907026
TRAIN_0342,0.46789105158625593,0.4714478882101379,0.4485593667914915
TRAIN_0343,0.4422422748923192,0.5369651082045204,0.4855324076161378
TRAIN_0344,0.8590607323689556,0.8586152095030642,0.8575216975814728
TRAIN_0345,0.5056244080751591,0.5769326650998734,0.5726874019338496
TRAIN_0346,0.6200966633672044,0.6213092276789584,0.6168136198550305
TRAIN_0347,0.18037079318221738,0.44180939345671877,0.18002881196106757
TRAIN_0348,0.7983892219742719,0.8017460257893811,0.7993236705748106
TRAIN_0349,0.44241339616888725,0.4739249567806688,0.475224471409087
TRAIN_0350,0.5384205673754335,0.5483423952492911,0.5527603086390022
TRAIN_0351,0.5518322046351305,0.5919316949846405,0.5526774379538878
TRAIN_0352,0.45045457372363096,0.4817704945807043,0.490759956854171
TRAIN_0353,0.48141856063723604,0.502065354316129,0.5015782399297931
TRAIN_0354,0.43977261340572504,0.41298443726680945,0.46623612009242127
TRAIN_0355,0.6296821484607502,0.6328151609229424,0.6327693112759135
TRAIN_0356,0.4924235520825583,0.49345954117217683,0.49216945347308394
TRAIN_0357,0.04370996657433929,0.04807724582167511,0.04544468771408122
TRAIN_0358,0.481421065461231,0.6342339876773289,0.6341899179056405
TRAIN_0359,0.774940073218994,0.774657411686297,0.7747285179264651
TRAIN_0360,0.49554092309472964,0.1963032402971333,0.19891051373695462
TRAIN_0361,0.25170600991894276,0.2597228681365147,0.25870939012130334
TRAIN_0362,0.7566554260069327,0.5137257120679114,0.7570375500929127
TRAIN_0363,0.5015197684963008,0.14349362969635976,0.13081600894214146
TRAIN_0364,0.5246676713964095,0.5248612870553557,0.5069489694637483
TRAIN_0365,0.4378657752242016,0.497611821910282,0.4959444640095827
TRAIN_0366,0.31052205293145574,0.30281723734627747,0.28122075757746456
TRAIN_0367,0.44770107404332926,0.4486045273003857,0.4287247874236524
TRAIN_0368,0.738026864394618,0.49065539488387017,0.743550530476889
TRAIN_0369,0.21546123544441875,0.3001693527325241,0.2195317074668176
TRAIN_0370,0.5051577334623852,0.5139922143988509,0.500472109070042
TRAIN_0371,0.2291756832125605,0.29549024758126985,0.19300501939240988
TRAIN_0372,0.508199937201109,0.5074256908881588,0.4722697285658045
TRAIN_0373,0.5548027321653373,0.559393401679871,0.5103490921863973
TRAIN_0374,0.011093408924449488,0.49349186201813044,0.010656317641931368
TRAIN_0375,0.34829653991834286,0.3271503955321816,0.3394761756131006
TRAIN_0376,0.7386463393727218,0.7276868018908286,0.7364063171331304
TRAIN_0377,0.40696389341090167,0.40749546023457456,0.41179539742888155
TRAIN_0378,0.4256008859722402,0.7260905343814944,0.725335987809496
TRAIN_0379,0.3683704743579148,0.3706272166629242,0.34240423717871615
TRAIN_0380,0.5816941490141233,0.5952753456884807,0.596677450997757
TRAIN_0381,0.5367201715454798,0.5147126764898228,0.5249251683397789
TRAIN_0382,0.27578807073221023,0.27640332288945446,0.2676307712983269
TRAIN_0383,0.523638477226571,0.47311005204813694,0.5142906074905796
TRAIN_0384,0.6364233276465298,0.5217350823835278,0.6378960366764262
TRAIN_0385,0.3674386304021445,0.38904961467702603,0.37318265498056497
TRAIN_0386,0.5184292112104776,0.31161002712425145,0.31293385572270477
TRAIN_0387,0.4045872150862754,0.4042580209241853,0.4114671856580962
TRAIN_0388,0.4514339807951767,0.471364043806071,0.49245936032458515
TRAIN_0389,0.41317557355435297,0.4326911741241227,0.41493370981418265
TRAIN_0390,0.46547696089306717,0.31858156584720454,0.3405918041309026
TRAIN_0391,0.44642559744011895,0.4360709808287519,0.43609762504217076
TRAIN_0392,0.4077148068090686,0.4999716103275569,0.45439432638643085
TRAIN_0393,0.2987303239460487,0.29451469878210046,0.28831427480720395
TRAIN_0394,0.4728751210289879,0.4822538880135287,0.475870076985168
TRAIN_0395,0.6497797485228229,0.6492173824898021,0.6490912788856664
TRAIN_0396,0.4120325909089627,0.40642052791800154,0.41774411852678894
TRAIN_0397,0.11142873239580997,0.4419860831459148,0.1314453141938357
TRAIN_0398,0.5617723851944898,0.5520835397379588,0.5667644720696519
TRAIN_0399,0.4369582834384667,0.4287220115676143,0.4360765074064395
TRAIN_0400,0.1606420590288582,0.5418053912113622,0.16324289812178733
TRAIN_0401,0.02125384560832999,0.021955188419333416,0.02221369611052454
TRAIN_0402,0.31936028381178894,0.32252705799764547,0.35849614717115347
TRAIN_0403,0.27388605862942617,0.28222781785686024,0.29505556577764935
TRAIN_0404,0.5079885850716518,0.25991161515291517,0.25037508034660805
TRAIN_0405,0.44996232257804986,0.4500546389340648,0.5615652934434294
TRAIN_0406,0.4630890567568833,0.5170674127386204,0.48040348852263787
TRAIN_0407,0.40763444640269264,0.39342817027596644,0.4145340047283989
TRAIN_0408,0.4917428466529161,0.5459524216762146,0.5328980145140009
TRAIN_0409,0.5066158623191882,0.5343011990011677,0.49898531641951493
TRAIN_0410,0.5735270758657185,0.5816736524784578,0.5690833760439314
TRAIN_0411,0.380289132922598,0.3544002027586216,0.47101643748210403
TRAIN_0412,0.47594324761457507,0.9132883167708303,0.9127063172682266
TRAIN_0413,0.4246644556175142,0.44484571333161044,0.4418113059966812
TRAIN_0414,0.28434813546156135,0.2991078577891446,0.28147880037606543
TRAIN_0415,0.377420944490491,0.370536015832938,0.4031448578505034
TRAIN_0416,0.4943055518147287,0.5295667491791891,0.4853120077646103
TRAIN_0417,0.3731989108907334,0.377622128961092,0.37720361241021516
TRAIN_0418,0.18957588365458888,0.18893267118710555,0.18881633717104246
TRAIN_0419,0.7309157069613993,0.7502423813673234,0.7417670409630915
TRAIN_0420,0.8672483244619443,0.8726395679715311,0.8678173710065101
TRAIN_0421,0.4667786134671226,0.4464367664814466,0.4534860131017095
TRAIN_0422,0.25438098092648515,0.24851017947094128,0.25565646695258004
TRAIN_0423,0.4637349750519995,0.4741065470372895,0.489201430356055
TRAIN_0424,0.4463129638131372,0.43686688455310857,0.42494717848958996
TRAIN_0425,0.5977382456941166,0.5992146035034853,0.5602502127557394
TRAIN_0426,0.49991609081256083,0.4992710006565631,0.532494724940115
TRAIN_0427,0.0959324434716547,0.09786660489414017,0.5493200498290473
TRAIN_0428,0.14251533861306426,0.13877004208846117,0.14017477968770198
TRAIN_0429,0.442460254883928,0.4667464194135893,0.45522998791256675
TRAIN_0430,0.81974149436796,0.819508449052743,0.8183073137910755
TRAIN_0431,0.35134141908677563,0.28712458024781395,0.287603266131097
TRAIN_0432,0.6111714777979772,0.7445094050009434,0.7354045815437997
TRAIN_0433,0.4605703371016604,0.4371006661406385,0.4431277556930209
TRAIN_0434,0.502593631171846,0.5304077508945713,0.524672198823742
TRAIN_0435,0.511408519178793,0.501691571718691,0.5072306071921123
TRAIN_0436,0.6732587119081592,0.5497965566794505,0.5390403390923106
TRAIN_0437,0.4693970832744617,0.49626479407034796,0.5000473071111194
TRAIN_0438,0.49630672103565693,0.5011513368384011,0.4994546267019871
TRAIN_0439,0.5729447395577743,0.5885482195028888,0.5215170487550029
TRAIN_0440,0.5134020194663002,0.5069984392152448,0.4986923044141223
TRAIN_0441,0.45715350311434827,0.22045090601457695,0.2310722273176648
TRAIN_0442,0.37935355277849026,0.39838324996372587,0.4235006954798172
TRAIN_0443,0.09188201592925133,0.0914536275571522,0.47443366428532546
TRAIN_0444,0.4413668263977262,0.13677930236479952,0.13943046162906902
TRAIN_0445,0.49067278749083076,0.6523158000772028,0.6508913844872559
TRAIN_0446,0.06961098180321823,0.07002259957289486,0.06933388090099346
TRAIN_0447,0.4200904453317426,0.4116488743308169,0.40077382582799653
TRAIN_0448,0.18638833183576986,0.22000945647086684,0.2128482790344482
TRAIN_0449,0.5465739059494132,0.5471507396018909,0.5466544351058855
TRAIN_0450,0.49095394310987556,0.48044781801546166,0.49540157096717924
TRAIN_0451,0.4903889796319116,0.49777608816610835,0.5009513360761917
TRAIN_0452,0.612983661383965,0.6102233996187436,0.6100712848028932
TRAIN_0453,0.48121383337943224,0.46326401684231255,0.12193256881333048
TRAIN_0454,0.7499700143154142,0.7481547096417875,0.4587222404501074
TRAIN_0455,0.46064970847019127,0.465271698962341,0.45136221221341805
TRAIN_0456,0.4366617876903729,0.4348122964847879,0.4402103339797197
TRAIN_0457,0.5192180696419663,0.5202871703405557,0.5192589084163289
TRAIN_0458,0.4834491718856533,0.48072844287714084,0.48697007896436795
TRAIN_0459,0.7239209789028858,0.6172626965281345,0.7179000991502521
TRAIN_0460,0.4573272534267594,0.5287914501899591,0.5413562971675226
TRAIN_0461,0.5347196265221308,0.5739643324028613,0.5327410702874795
TRAIN_0462,0.36483468887224224,0.38432186903607424,0.4515179638758673
TRAIN_0463,0.30449123486049634,0.304347158189223,0.3072144487711238
TRAIN_0464,0.5303969247581345,0.551395301638497,0.527618186150596
TRAIN_0465,0.9567608985740794,0.5150048052896592,0.9540934112029871
TRAIN_0466,0.4793496719171787,0.48012487858617237,0.40952273341641016
TRAIN_0467,0.48840501606408515,0.508564170900684,0.4874953238550141
TRAIN_0468,0.3224917773623429,0.31058809798717635,0.3334961293919938
TRAIN_0469,0.4985332037913446,0.5235528214843428,0.5080256136518877
TRAIN_0470,0.29646974478558985,0.2633171273697421,0.2758836065020407
TRAIN_0471,0.5054905464864511,0.4912650926191849,0.49029994341027056
TRAIN_0472,0.5329945287269964,0.5365259293036376,0.4846427106217145
TRAIN_0473,0.5123674976693735,0.5158454740021731,0.49632783457848967
TRAIN_0474,0.48424541457405146,0.38400141623011474,0.4840582368829107
TRAIN_0475,0.4598162461471911,0.45753220033703046,0.44540226358005125
TRAIN_0476,0.3725110882544691,0.37203686906335665,0.3712626039449809
TRAIN_0477,0.3697801281594937,0.416939430651878,0.4295744093751435
TRAIN_0478,0.3877715877985954,0.4246697052623613,0.3884681305573998
TRAIN_0479,0.3931913259223022,0.4101141263820284,0.41177123881367195
TRAIN_0480,0.6542731824456367,0.6720527584964203,0.6788320979116526
TRAIN_0481,0.42855549345971233,0.31741676545362196,0.3248443649346886
TRAIN_0482,0.429591556317659,0.4008330960349845,0.4052244196629883
TRAIN_0483,0.34135162090037163,0.3099763441944626,0.3090793954179081
TRAIN_0484,0.5035645507547062,0.524947801218205,0.5390389289297712
TRAIN_0485,0.6274022172817566,0.6279515332811048,0.617109854589232
TRAIN_0486,0.490709561309036,0.49114502881258526,0.4909538874536636
TRAIN_0487,0.9566195574765328,0.5102135988586959,0.9549704310261382
TRAIN_0488,0.7564400028221481,0.5448714281480089,0.756395935415559
TRAIN_0489,0.3136267658800626,0.2505090840483679,0.3072188025356556
TRAIN_0490,0.48234538342790434,0.48470091158538187,0.48620560848897426
TRAIN_0491,0.5992381121652509,0.5944216908935219,0.5966428364800744
TRAIN_0492,0.22290739052966796,0.6089066937447916,0.23660100751977386
TRAIN_0493,0.9297266422325923,0.9297248857483233,0.9308876923532812
TRAIN_0494,0.14138906864260803,0.14269558984644004,0.5671331460067026
TRAIN_0495,0.960053901672251,0.960033197365078,0.9599826414981673
TRAIN_0496,0.5602064786576416,0.5477369537761977,0.5398515366532788
TRAIN_0497,0.48028715510297626,0.24185093938883184,0.2428886870170373
TRAIN_0498,0.18987950767632267,0.18370278968324094,0.18141730818902713
TRAIN_0499,0.5508689776250042,0.1617295346211563,0.16211623243831824
TRAIN_0500,0.12237097324348795,0.5194636858594762,0.5188760927662119
TRAIN_0501,0.45854569752835855,0.4395284151093486,0.40417757651716896
TRAIN_0502,0.564992809192414,0.559881319058038,0.5528982458193042
TRAIN_0503,0.4490340391198256,0.4502647906341726,0.44805243323166283
TRAIN_0504,0.5146392114911088,0.5515789587447275,0.5609996426901109
TRAIN_0505,0.5034867005449906,0.4893116076557158,0.4981912677694686
TRAIN_0506,0.4428750229312415,0.4575620227603487,0.446641272306376
TRAIN_0507,0.6690823501075747,0.7380782844922378,0.8240930486980653
TRAIN_0508,0.6541312467795504,0.6523409940156857,0.6467061912732535
TRAIN_0509,0.42737003402737234,0.4184430651105706,0.47589986131213446
TRAIN_0510,0.5124064792386585,0.5134652295421928,0.5097143408952163
TRAIN_0511,0.15500904687926276,0.1532475353286482,0.1546995206265684
TRAIN_0512,0.7281885685118985,0.7293363244748194,0.6230832356081657
TRAIN_0513,0.498723994542083,0.5096199005727178,0.5136982014600332
TRAIN_0514,0.4369285110184829,0.5588714014110178,0.4598103594020898
TRAIN_0515,0.474928468075832,0.4211311291615853,0.5125426339177641
TRAIN_0516,0.34099873563393834,0.34123106796492475,0.3405526997042482
TRAIN_0517,0.6845332287317116,0.6768307186097459,0.6929489655539263
TRAIN_0518,0.4506033548358328,0.47127027994208315,0.4775643045873414
TRAIN_0519,0.5784582775556069,0.5661058482022893,0.5721646709031813
TRAIN_0520,0.4358081173503391,0.41478005597682954,0.4537939122897628
TRAIN_0521,0.4507644233433154,0.41843525988151364,0.44162753679725675
TRAIN_0522,0.9567820628189625,0.9574875494237693,0.9569518773635485
TRAIN_0523,0.644587368760006,0.4644265679458281,0.6414345827273991
TRAIN_0524,0.49066694091711804,0.47580130220799804,0.48704063508209944
TRAIN_0525,0.4040734188739378,0.4550172102232549,0.4056596612895707
TRAIN_0526,0.5239272938802962,0.5421370103982426,0.45254392658390163
TRAIN_0527,0.4262232534090626,0.20233702769800388,0.18546676380706728
TRAIN_0528,0.8737491826533881,0.8800973661528824,0.8787640807182142
TRAIN_0529,0.13888915606954855,0.5983910472210018,0.13875163619077963
TRAIN_0530,0.49012824483432976,0.46273502674341926,0.4744098698959519
TRAIN_0531,0.4868350897418717,0.26435522644632203,0.26397896163987344
TRAIN_0532,0.13036939922405566,0.13023457750490197,0.502759096025014
TRAIN_0533,0.5044656572036972,0.4555487520684437,0.5238208792764721
TRAIN_0534,0.5378507349412472,0.5320819418937274,0.529454288958141
TRAIN_0535,0.6202762727944697,0.6272744888902799,0.5665576357139164
TRAIN_0536,0.575190090161496,0.5908539600920351,0.5528123023941467
TRAIN_0537,0.14010145483181308,0.13882513875781854,0.1457904361359706
TRAIN_0538,0.47297060857482204,0.47408184087311367,0.47161237866202116
TRAIN_0539,0.8407495695115654,0.7449847995718106,0.8409071931265186
TRAIN_0540,0.5036959167021404,0.5079063394120951,0.49899002924493524
TRAIN_0541,0.40820265604938355,0.41531578373053707,0.41326927607848013
TRAIN_0542,0.40307176705903397,0.416261376120707,0.40875531525412384
TRAIN_0543,0.4970629917004579,0.49126724868018934,0.483937421437164
TRAIN_0544,0.4705975540212624,0.46384249322747606,0.472847710263369
TRAIN_0545,0.46279170553004045,0.40909767077027703,0.3731149351423099
TRAIN_0546,0.09373363336289048,0.09344611099624661,0.09082226420518902
TRAIN_0547,0.4632647881144277,0.461762896254339,0.45285371745964276
TRAIN_0548,0.3099583578028112,0.2741673302741149,0.2940043743161849
TRAIN_0549,0.7045849464212046,0.7041955001473995,0.4633211551626356
TRAIN_0550,0.5131624947319332,0.5112900475207488,0.5169151449947158
TRAIN_0551,0.5316323156973743,0.48628035911941725,0.5551113456135404
TRAIN_0552,0.4998670071980356,0.49887492911489545,0.4864289563621255
TRAIN_0553,0.09150039794766723,0.09097512523591939,0.09165735929031488
TRAIN_0554,0.7554555611900682,0.5134921749183621,0.7562350509139028
TRAIN_0555,0.3471589313338882,0.3152350201339378,0.3304570339371363
TRAIN_0556,0.48696680733303366,0.6570057936064077,0.6536404643325993
TRAIN_0557,0.11125330336901196,0.11067091623501613,0.1113329044794239
TRAIN_0558,0.8295594993330782,0.8298315995396284,0.8303160833226324
TRAIN_0559,0.4981116683409622,0.46655340530811495,0.4890851628505418
TRAIN_0560,0.4623468908873681,0.42134897887478184,0.33510071568217026
TRAIN_0561,0.10410469531328798,0.1013609269168188,0.10102046567169504
TRAIN_0562,0.4595751304888875,0.48275920856479876,0.47401590128014115
TRAIN_0563,0.4045362531662927,0.3874382069401049,0.3819336330514565
TRAIN_0564,0.44638600458247074,0.42963515545412534,0.4678017029500803
TRAIN_0565,0.511490062032974,0.5079402869329844,0.5174964407835233
TRAIN_0566,0.09727767668762699,0.09990286395047776,0.09117647092737569
TRAIN_0567,0.4426744855357274,0.18871283347374163,0.1848531210842364
TRAIN_0568,0.5757016355984125,0.5952450153991911,0.5200328730206033
TRAIN_0569,0.041639845448370516,0.041145808449144394,0.04179865574764363
TRAIN_0570,0.5361010330715523,0.5472080570489717,0.5221953441077044
TRAIN_0571,0.4870144018384074,0.49192143819170775,0.4758733052781041
TRAIN_0572,0.45684987121013365,0.4734660838283508,0.47254313512753987
TRAIN_0573,0.3378562522825232,0.32821819592278295,0.3234422475208846
TRAIN_0574,0.26465578490430525,0.27005601239708177,0.37578581398229904
TRAIN_0575,0.5771086312045353,0.5805213878826057,0.6047420491396734
TRAIN_0576,0.30970991889639776,0.329002185542302,0.39292757205702833
TRAIN_0577,0.7043559380485256,0.7138152178177443,0.711174483937266
TRAIN_0578,0.09049683716501206,0.09214495057948197,0.09083581868564
TRAIN_0579,0.46091127960197853,0.42690117649427917,0.4593114739096702
TRAIN_0580,0.48574402948430345,0.4993467189201194,0.48408497574837855
TRAIN_0581,0.70123979145738,0.6974333655752872,0.7001286071533739
TRAIN_0582,0.4737317149054474,0.48016951957003406,0.5102128100628104
TRAIN_0583,0.5594688712001994,0.5293348840477219,0.5144604593051636
TRAIN_0584,0.4875214175772496,0.42356995316451074,0.45424971363502503
TRAIN_0585,0.4796242111027654,0.5058207649958735,0.5157417554577309
TRAIN_0586,0.7201986840453105,0.7216212585337982,0.6258787562515306
TRAIN_0587,0.46302101843404264,0.5731194219200849,0.5341827611691246
TRAIN_0588,0.32342916713962727,0.36656198387816064,0.33248253864153227
TRAIN_0589,0.672134927983501,0.6731267926282306,0.6725172692484946
TRAIN_0590,0.009316997272960592,0.009494917413129134,0.009609515906505495
TRAIN_0591,0.5136151163390984,0.5094757654850897,0.5188833442342413
TRAIN_0592,0.492437920589409,0.5856366326324042,0.5737603006608595
TRAIN_0593,0.3409637217426219,0.34062021618466376,0.34037885034561255
TRAIN_0594,0.42760937486158257,0.47953069561450257,0.42922096989386127
TRAIN_0595,0.7803244519040482,0.7794059300797618,0.7811312827767052
TRAIN_0596,0.4576439845932098,0.46844481274271216,0.4523047472552035
TRAIN_0597,0.44644806713939506,0.4723483983879511,0.4888505636045778
TRAIN_0598,0.5126267802652744,0.5175034869896923,0.503731223627399
TRAIN_0599,0.5136654545995482,0.50958353249128,0.5004776595678151
TRAIN_0600,0.9693236886394541,0.9672272628844862,0.9697287632417526
TRAIN_0601,0.5659793957775063,0.562857373294991,0.5671254088821659
TRAIN_0602,0.4601338087372557,0.45498016223709603,0.37663864920491724
TRAIN_0603,0.8442994382112459,0.8337684730459749,0.8417114859814043
TRAIN_0604,0.5078401586844543,0.5159630892636863,0.5063611142434048
TRAIN_0605,0.7011292532670599,0.5327112986040281,0.6966949451906747
TRAIN_0606,0.4493051161622423,0.3970884236780033,0.5255429985156193
TRAIN_0607,0.4536325019031753,0.43191767945390125,0.4435564762673116
TRAIN_0608,0.5329001683035781,0.4501264753357166,0.501750909243667
TRAIN_0609,0.5146679705601399,0.529421364702922,0.5130112418364328
TRAIN_0610,0.3579835251438944,0.4865921497627979,0.5321360248383842
TRAIN_0611,0.39576906525966493,0.3780915056913095,0.21187176737147684
TRAIN_0612,0.4409294176935611,0.39793110461636577,0.42610445439303507
TRAIN_0613,0.3920132474977117,0.3688120023950683,0.36370010183085755
TRAIN_0614,0.6730798794178323,0.685880123173785,0.6856076315844953
TRAIN_0615,0.48221460121306514,0.4518447354185062,0.49634256438331675
TRAIN_0616,0.16295213162598526,0.506073659745543,0.5303398198821825
TRAIN_0617,0.3888616559667942,0.38873584953551044,0.3853338430263792
TRAIN_0618,0.4526447446343698,0.4542009595450418,0.45463565841762693
TRAIN_0619,0.5025181124217283,0.026735033254339347,0.024332454936292047
TRAIN_0620,0.4093239976756669,0.4729475569018252,0.38926319171803886
TRAIN_0621,0.48347798254416297,0.4834145323892964,0.4777862185891306
TRAIN_0622,0.4885875464140743,0.4953000971045116,0.49455416372259076
TRAIN_0623,0.7116490117467887,0.7066773849953416,0.711894764268786
TRAIN_0624,0.5275059806406828,0.47787462909250317,0.554277287205494
TRAIN_0625,0.49979410992230094,0.5087080233453891,0.5104726002905022
TRAIN_0626,0.5155781368207151,0.4694810522753813,0.5040929527318502
TRAIN_0627,0.4236467773523707,0.4200440279694341,0.4024389131741532
TRAIN_0628,0.8586807459143411,0.8580222082668871,0.8588428690377622
TRAIN_0629,0.5369690559968678,0.534743197402474,0.5332511894703819
TRAIN_0630,0.4972949894920949,0.39220060134874246,0.38480201092311006
TRAIN_0631,0.4722886941592926,0.43293424898449584,0.38128218806361747
TRAIN_0632,0.6098115044437306,0.5117755751553228,0.6094262814964365
TRAIN_0633,0.275247231879409,0.2894952838020779,0.2881515032785486
TRAIN_0634,0.5193630246994992,0.5243519448544065,0.48598214383074756
TRAIN_0635,0.49788692958941105,0.49753541806911855,0.4945954102086733
TRAIN_0636,0.5458501783518969,0.5572781521952476,0.5380013415615021
TRAIN_0637,0.16950025954618575,0.46856859179475824,0.16853628460031672
TRAIN_0638,0.4440629659184478,0.4423146283187506,0.44281882190703653
TRAIN_0639,0.663048389078203,0.6544603969107264,0.6529184566301574
TRAIN_0640,0.23016464357708555,0.2299339628959478,0.23020217143922478
TRAIN_0641,0.5157492730891985,0.5119815039551963,0.5147961641880897
TRAIN_0642,0.6057652075626865,0.5984258518603931,0.604680451260736
TRAIN_0643,0.4317005618460644,0.43230802753039405,0.4309285624028636
TRAIN_0644,0.4730694711921116,0.4691579430705127,0.45919551220497323
TRAIN_0645,0.4148153681872532,0.4410216673068719,0.4527072449202869
TRAIN_0646,0.09356773396549678,0.7231580472837752,0.09404566759403038
TRAIN_0647,0.3703801792731037,0.4609263070389527,0.5334886333083252
TRAIN_0648,0.5286102524922776,0.7554230267529675,0.7553430609014123
TRAIN_0649,0.5149022504602052,0.5060223244807023,0.5206044286440341
TRAIN_0650,0.3232500988395083,0.2806113044798194,0.3108968779603839
TRAIN_0651,0.5017960456915671,0.41817964260455365,0.4711705930231304
TRAIN_0652,0.5125591271394937,0.5065383233624003,0.40971251554300936
TRAIN_0653,0.5810511489760471,0.6047473861567781,0.572394193100668
TRAIN_0654,0.5935397529181294,0.5713170313519785,0.5799572162572827
TRAIN_0655,0.6492380599365696,0.6284618999957984,0.6214758963040862
TRAIN_0656,0.4689970657315219,0.5014614980234242,0.49687836653884915
TRAIN_0657,0.5072127907715718,0.5229856493498178,0.5066365725365467
TRAIN_0658,0.29945619797741163,0.2920616959779555,0.2653169698711413
TRAIN_0659,0.6762325902425436,0.660048552229614,0.6835855608646813
TRAIN_0660,0.36037902696203883,0.3601738382494273,0.36000258162770304
TRAIN_0661,0.08728031821476534,0.08445402346828074,0.08850393907984799
TRAIN_0662,0.5034934826012676,0.4864069396821897,0.4918197960747622
TRAIN_0663,0.2938851838156612,0.2932376546541112,0.2930744704301783
TRAIN_0664,0.5426575162758366,0.5076903492860181,0.6478477109490108
TRAIN_0665,0.28636360733587524,0.2819863323242743,0.2784654173369099
TRAIN_0666,0.4207100094455249,0.34410157778538814,0.34086758520804594
TRAIN_0667,0.5372248653548305,0.5362608645646969,0.5313102512170377
TRAIN_0668,0.37365195765489556,0.4352634762837637,0.3508049496187331
TRAIN_0669,0.5479493854483265,0.5566022880227484,0.48938715614606126
TRAIN_0670,0.2042887461234914,0.20300747566343802,0.4865522427828997
TRAIN_0671,0.7330188736560332,0.732584504387167,0.7329425554538038
TRAIN_0672,0.23444982371597406,0.237045441529951,0.23302629029959893
TRAIN_0673,0.46144172905436753,0.4659680707640042,0.46321804164399805
TRAIN_0674,0.503629196343932,0.5144888919343953,0.5123879030783437
TRAIN_0675,0.19044771812979405,0.18952011907472227,0.192754696914736
TRAIN_0676,0.4389848723462976,0.5049383654338997,0.459337334756977
TRAIN_0677,0.22789208013326068,0.2617069907619538,0.2476177842882075
TRAIN_0678,0.5408463379701896,0.5105119381507437,0.48466590492265166
TRAIN_0679,0.5048313786594978,0.2610201575274941,0.26101753667377947
TRAIN_0680,0.49777536851035353,0.48650681407971624,0.49760868406617353
TRAIN_0681,0.17699523664173228,0.18343790246621444,0.17934826915084984
TRAIN_0682,0.4904806935638295,0.5017621701479397,0.491714122404122
TRAIN_0683,0.3901931421215651,0.3621483939087722,0.3985712784756764
TRAIN_0684,0.49414967755338496,0.389003025238982,0.403586150580697
TRAIN_0685,0.5917887658535511,0.6646209969689995,0.6998853129483843
TRAIN_0686,0.5076048084069283,0.5365973069601699,0.5182481949644121
TRAIN_0687,0.47898512140746446,0.4796714181400847,0.4685229521524797
TRAIN_0688,0.46715875728160106,0.4616147518097696,0.47609121724335995
TRAIN_0689,0.5471573059217849,0.5560224380141569,0.5094888870679493
TRAIN_0690,0.58202720378181,0.5422110768924622,0.5958397224415282
TRAIN_0691,0.46217348915204937,0.4690269444774321,0.46792340109229075
TRAIN_0692,0.5315003350737479,0.4852104111118958,0.532958696495561
TRAIN_0693,0.13998400696702734,0.14012800648871626,0.13991205456643668
TRAIN_0694,0.48999267744153063,0.04319176431751437,0.040701474037616925
TRAIN_0695,0.40854535173442214,0.4367831754803574,0.4108175099803706
TRAIN_0696,0.38153166334386995,0.3132698346479996,0.29671998124854493
TRAIN_0697,0.6987964008363903,0.6831898642266536,0.7021503625221381
TRAIN_0698,0.44412979741219916,0.38301883946594173,0.7494629528332294
TRAIN_0699,0.4232721386365278,0.5462798562903058,0.5511546526950583
TRAIN_0700,0.4989062177883687,0.4929145218170665,0.4890242963973253
TRAIN_0701,0.49157927868172496,0.6635991496182446,0.6543928007067321
TRAIN_0702,0.8600313333253189,0.8597281878314234,0.8598117716068673
TRAIN_0703,0.4921638286327329,0.4942171151227011,0.4809084489838832
TRAIN_0704,0.43357941952142787,0.44938443295999997,0.43015323865109356
TRAIN_0705,0.6433115847419449,0.5670605223218745,0.5184565685376263
TRAIN_0706,0.6052662547459369,0.6203655674866446,0.6201177051386895
TRAIN_0707,0.4112526241795955,0.4607154804218811,0.4750791833236679
TRAIN_0708,0.5014815216082632,0.4799863885997405,0.49216482063132677
TRAIN_0709,0.2068454387263457,0.20730829872303796,0.20391618213748547
TRAIN_0710,0.5794346199470267,0.5775109212574503,0.5936190628352606
TRAIN_0711,0.5351650837555489,0.4786603958437052,0.5412912593077369
TRAIN_0712,0.496252790423654,0.49819390373967654,0.49987200663156134
TRAIN_0713,0.4818401741464997,0.5001037098058669,0.4655158598870901
TRAIN_0714,0.4961297307891189,0.4847937649594606,0.49489585260940816
TRAIN_0715,0.47641635487734146,0.4791046863186094,0.1574100121629658
TRAIN_0716,0.4994736291550692,0.4772024306938847,0.48091384018797106
TRAIN_0717,0.7881591641163382,0.7840344052920437,0.8064385939947438
TRAIN_0718,0.5276013231949341,0.5253499730684905,0.5190062043242561
TRAIN_0719,0.3668745655400062,0.3763514698652374,0.355541611453173
TRAIN_0720,0.816411452617761,0.816916967229462,0.539417380027931
TRAIN_0721,0.41248786212197197,0.6798617447110629,0.6821122808487463
TRAIN_0722,0.4960463165575995,0.5091728305129937,0.4998486613089236
TRAIN_0723,0.5026995771714221,0.5169349273144147,0.5062519822399734
TRAIN_0724,0.4751421828129311,0.8521641987489432,0.8517579341781867
TRAIN_0725,0.3824677875027305,0.4428080334100402,0.3969048306829427
TRAIN_0726,0.09980218337575536,0.10020269861291403,0.09994238239273945
TRAIN_0727,0.5020970497446896,0.5088698597247961,0.5117407989838731
TRAIN_0728,0.3814295680428952,0.3846117618478438,0.3628570660617173
TRAIN_0729,0.19225714304002084,0.19284085253613992,0.19335846509837024
TRAIN_0730,0.4770542665813125,0.47925996614648025,0.1592871747049135
TRAIN_0731,0.48902979120656515,0.46411511182254284,0.4769130755621839
TRAIN_0732,0.6931870696859099,0.7014883589238515,0.4853382841179197
TRAIN_0733,0.3375234709658038,0.5822676709345987,0.33625574348690085
TRAIN_0734,0.42011827198517704,0.7445359682294529,0.6724760133944307
TRAIN_0735,0.4371937041288891,0.4229611365756204,0.435595425173892
TRAIN_0736,0.5353990526120957,0.49402501653923797,0.5264677988490266
TRAIN_0737,0.07105346506206045,0.07076310546198933,0.49704774224933784
TRAIN_0738,0.5477122951570067,0.5403247440127037,0.516233420732533
TRAIN_0739,0.3184189379906731,0.3253401812466522,0.29792430706212236
TRAIN_0740,0.3422412295337609,0.34186393263739084,0.3372821694277326
TRAIN_0741,0.12268936498358185,0.5278170763868492,0.12340494229212884
TRAIN_0742,0.4890899524637479,0.08953673471057916,0.09023317492588984
TRAIN_0743,0.4723618449601126,0.45383687316223975,0.45582517201058775
TRAIN_0744,0.7011680442449478,0.6968549793091461,0.6997508186735487
TRAIN_0745,0.11226704668482396,0.10443381693123233,0.10297152384114466
TRAIN_0746,0.4934997553448626,0.4756337951495592,0.48642243858233153
TRAIN_0747,0.4405569519121817,0.4427805398018682,0.4425290826735759
TRAIN_0748,0.5082043680338381,0.4977557929517944,0.49756468071768484
TRAIN_0749,0.5416949359993326,0.5451676746667686,0.5375599381664715
TRAIN_0750,0.3342076484300104,0.36021258979337956,0.36466267930439766
TRAIN_0751,0.44293814505475887,0.488723257529662,0.49649866243918955
TRAIN_0752,0.6317339774211034,0.6568843310402509,0.5562571587405525
TRAIN_0753,0.709837259283628,0.7103476466505729,0.7101520209997844
TRAIN_0754,0.4366177235903214,0.44162148381389943,0.444343039977959
TRAIN_0755,0.08010208246637507,0.08011729742536983,0.08051824874827723
TRAIN_0756,0.5224966269527904,0.5035668137458733,0.5174421281945242
TRAIN_0757,0.5856430836035083,0.5956235759353857,0.5993398333985491
TRAIN_0758,0.5123446333153897,0.5006971445945986,0.5172348586432973
TRAIN_0759,0.44358727801461495,0.44729040256011027,0.3627087844690824
TRAIN_0760,0.37433594311932156,0.8058168986269449,0.340560506987411
TRAIN_0761,0.9897539400895754,0.9898063632046082,0.9898223044532999
TRAIN_0762,0.3374847190284681,0.3378084538995484,0.3364150411139658
TRAIN_0763,0.4493208256312944,0.46469130647976575,0.4487804406328182
TRAIN_0764,0.5318601859010788,0.5506305465183376,0.5264059290057481
TRAIN_0765,0.5428214879454051,0.49575429847333746,0.5024292997470269
TRAIN_0766,0.4725922791504666,0.4841386022522604,0.48672146082086476
TRAIN_0767,0.3299353944668163,0.5460419175633339,0.33000781830269243
TRAIN_0768,0.9031896166939803,0.542669255982619,0.904324521451054
TRAIN_0769,0.4618351427856615,0.45544500814721783,0.46954115150023984
TRAIN_0770,0.8607266362443773,0.8606769226628138,0.8613852268167971
TRAIN_0771,0.5152469100712391,0.547192625842135,0.42662572900773654
TRAIN_0772,0.3402797022876306,0.34034355474181754,0.33990415059462076
TRAIN_0773,0.4993349448100358,0.40403074748601703,0.40675481420888204
TRAIN_0774,0.32811488021204904,0.3275297181546216,0.33624666890541793
TRAIN_0775,0.07114958771214408,0.5829388642628021,0.07241729422662602
TRAIN_0776,0.30568718923447097,0.30211763924377943,0.30349206864224887
TRAIN_0777,0.46733191093701276,0.4632248980852626,0.5046974059152569
TRAIN_0778,0.19951832360508243,0.43693715638624964,0.1992198252968327
TRAIN_0779,0.44680352262926715,0.5206519267898893,0.5229359049681779
TRAIN_0780,0.5184068868964832,0.5189387258015199,0.519572739658605
TRAIN_0781,0.6522448573541415,0.6350529295410978,0.6419447377781451
TRAIN_0782,0.23276561717177752,0.2410759106444665,0.23224152881239418
TRAIN_0783,0.4478784135733191,0.518552964716845,0.519370514086898
TRAIN_0784,0.9204170033365193,0.4438705797155409,0.9206033522131789
TRAIN_0785,0.46040367378493197,0.5008806312465595,0.4935582321840014
TRAIN_0786,0.43988254918955305,0.46116607066697407,0.43055262401781186
TRAIN_0787,0.5519461096731566,0.5479761322910305,0.5244147093450688
TRAIN_0788,0.3166692506946436,0.4373573157873023,0.49257801576437477
TRAIN_0789,0.4303739881796237,0.43519736981405743,0.41680091504252703
TRAIN_0790,0.24150288718651974,0.24499096801112086,0.2387107378779597
TRAIN_0791,0.4241462660405819,0.3897485821854742,0.4013924985040948
TRAIN_0792,0.493645050665931,0.4985985923392184,0.4964025785780617
TRAIN_0793,0.5395652074875241,0.5410511186990932,0.5421386145286287
TRAIN_0794,0.7003949599757783,0.702996364816542,0.7008170904644501
TRAIN_0795,0.480039425542594,0.4800960839516775,0.451175164099638
TRAIN_0796,0.28261754548143087,0.7095054853640632,0.7003960570224743
TRAIN_0797,0.6728832299774766,0.6890473895842358,0.6691814785085033
TRAIN_0798,0.5455223616894519,0.5514951325228035,0.5464134823339877
TRAIN_0799,0.4548542003334422,0.5445219844327155,0.5447392853981083
TRAIN_0800,0.47592523535909825,0.37922370059885335,0.4787378141226684
TRAIN_0801,0.46360628311381696,0.48390164415409864,0.4526015602780541
TRAIN_0802,0.566549426492633,0.6069418208657087,0.5924187439884685
TRAIN_0803,0.5530146505955198,0.5766910976754662,0.5541049771444033
TRAIN_0804,0.5025288807689109,0.738972659865225,0.5012270073134819
TRAIN_0805,0.11131008114920493,0.11114189545611647,0.5052211627533887
TRAIN_0806,0.5911389384735222,0.625067702608523,0.5978206812348871
TRAIN_0807,0.31848452943994127,0.31980024749378894,0.4052659846132755
TRAIN_0808,0.5262408019192704,0.5276715117098034,0.5238345048454691
TRAIN_0809,0.9529823204880468,0.9530118987127565,0.9518548056639069
TRAIN_0810,0.03968918019144918,0.04083094150032124,0.040501457207525404
TRAIN_0811,0.5315098519630722,0.5349477395758462,0.5497553209209698
TRAIN_0812,0.4516577150584917,0.4560906011464201,0.45750046836169933
TRAIN_0813,0.5941844690511309,0.5950419547106937,0.5961547780759247
TRAIN_0814,0.43667318053791226,0.37785520985646587,0.3796331461787881
TRAIN_0815,0.5215960659749949,0.4728420316230874,0.4624608435270321
TRAIN_0816,0.932642399340663,0.933845127779799,0.9332878174128376
TRAIN_0817,0.7400442794911859,0.7424995235558765,0.3451534211664191
TRAIN_0818,0.5808060260630082,0.5770382488401617,0.5649587487333033
TRAIN_0819,0.7537887784620458,0.7222846042241184,0.6053929971307773
TRAIN_0820,0.3660079321518006,0.3672677901636061,0.3693187463720957
TRAIN_0821,0.5322716861517119,0.5342079124761493,0.5292715877265756
TRAIN_0822,0.22194987935296295,0.22242236432428047,0.6500807160859792
TRAIN_0823,0.6101422655984272,0.6097410944324534,0.6095662353142973
TRAIN_0824,0.5683065187310039,0.5886058963082099,0.5332955867739945
TRAIN_0825,0.3033336976415826,0.3391098069543419,0.3447534746873955
TRAIN_0826,0.7605418343628499,0.4868164725690167,0.760269009843047
TRAIN_0827,0.5976773721786247,0.6207532175123924,0.6090580657648113
TRAIN_0828,0.6847911716384569,0.48549450708148256,0.682887388351765
TRAIN_0829,0.28018988517708865,0.27964357074760754,0.2808413241361064
TRAIN_0830,0.4260303834375512,0.5471798159311672,0.5531627762720217
TRAIN_0831,0.4461576175947079,0.46631840634450106,0.4570289132196405
TRAIN_0832,0.6539953572537407,0.648766715078546,0.623780186611045
TRAIN_0833,0.4962404716895254,0.43228909687223077,0.5430087940353169
TRAIN_0834,0.6865570956474154,0.5426618629793406,0.6535665167232793
TRAIN_0835,0.3610815466863191,0.3610894338213466,0.3612806354937411
TRAIN_0836,0.6331007526352366,0.6343593513483081,0.6343849140440536
TRAIN_0837,0.49038525669840316,0.4675013717188763,0.4673322406465256
TRAIN_0838,0.2601070816560008,0.2653200972095553,0.2710643375672369
TRAIN_0839,0.6061648843356554,0.5196350428384757,0.6041954649638966
TRAIN_0840,0.2467912553486834,0.278671529401463,0.29934411137435946
TRAIN_0841,0.3968038086451647,0.36772676414699157,0.38772287666514216
TRAIN_0842,0.4792113234235675,0.4844331355632656,0.4714014240256236
TRAIN_0843,0.19003815720276668,0.19054225058242652,0.1906517979438388
TRAIN_0844,0.4956448068767505,0.4662419543805842,0.48822853490442947
TRAIN_0845,0.5405457751613589,0.5464735253152424,0.5496505845604662
TRAIN_0846,0.44564226544498875,0.5450695437431903,0.5431600068833414
TRAIN_0847,0.3600456297398128,0.35954638362008395,0.3605458711775993
TRAIN_0848,0.4525734220390606,0.5999118023799086,0.6011954938413974
TRAIN_0849,0.4725806265628571,0.11988008178182913,0.12130538098811378
TRAIN_0850,0.8131266492544125,0.6520132186937653,0.8127717793555684
TRAIN_0851,0.47415377519659074,0.4911040233839483,0.4947327432470303
TRAIN_0852,0.0922299529712422,0.5050198375147539,0.09707660032477494
TRAIN_0853,0.6245530062420735,0.6291688223554164,0.6391425737057632
TRAIN_0854,0.22970519214666085,0.22948653594077462,0.5465644526369361
TRAIN_0855,0.5811971926709995,0.536377916563362,0.4922510400644886
TRAIN_0856,0.0,0.0012424445541513451,0.00034437179914570404
TRAIN_0857,0.36903301885028983,0.3562077541124764,0.5186866105957957
TRAIN_0858,0.26358213475617864,0.30201790903401904,0.3458938879421016
TRAIN_0859,0.5156412977899563,0.5142813125253198,0.5152061716159295
TRAIN_0860,0.5157423188093115,0.5500406398032729,0.49808345763700895
TRAIN_0861,0.49668676147806934,0.5442441695660705,0.5509770476953622
TRAIN_0862,0.3135148621661903,0.3161592535678639,0.5654449521038232
TRAIN_0863,0.4830951954859237,0.47084829919127175,0.4945281787690858
TRAIN_0864,0.6373798765465338,0.6334636856360059,0.649067092503206
TRAIN_0865,0.5120428467940669,0.5106240204318194,0.4731212714929424
TRAIN_0866,0.5000067910489602,0.4848917884778098,0.4945084247149026
TRAIN_0867,0.10995068848681744,0.1101106102923261,0.5047137232368423
TRAIN_0868,0.47294982025951415,0.47192912546195015,0.4696385552415091
TRAIN_0869,0.49437434404991487,0.12966641855483574,0.5211974258504092
TRAIN_0870,0.4979133782117516,0.49592835110325734,0.5003862117303922
TRAIN_0871,0.6069950132116769,0.5982341243463142,0.5178392145762587
TRAIN_0872,0.5035187010793402,0.503851477325464,0.2495892880281726
TRAIN_0873,0.5012119620571425,0.540755761136739,0.5265250037242908
TRAIN_0874,0.38223864078263503,0.38843683198210466,0.39527483389686324
TRAIN_0875,0.1161514565228875,0.08662911310266419,0.155346912257799
TRAIN_0876,0.4407500196701944,0.4258081371033145,0.3824161182457285
TRAIN_0877,0.5152605609714509,0.42897442184657386,0.4173839046150534
TRAIN_0878,0.5755971086740086,0.5793864072265043,0.578697723720529
TRAIN_0879,0.1880849236830649,0.5838028328930147,0.19035834018716163
TRAIN_0880,0.4203644555315895,0.42018298556186306,0.4206261637555538
TRAIN_0881,0.532287136341514,0.5068715419956188,0.5271845603900801
TRAIN_0882,0.47078568610875515,0.46446928355027983,0.45498788833516896
TRAIN_0883,0.2670872262995605,0.27590627861266237,0.27055346252104395
TRAIN_0884,0.5099747501006888,0.028893042377768796,0.030222826245790257
TRAIN_0885,0.5023730242981781,0.5038522019643816,0.5044426456558732
TRAIN_0886,0.4478785631339919,0.44532423829852236,0.44757642665467523
TRAIN_0887,0.5233457144867758,0.6164013323199347,0.639640243084504
TRAIN_0888,0.46169404763943556,0.4522964976501287,0.45556683255403907
TRAIN_0889,0.5010078661315854,0.5075260995853059,0.8692897530874442
TRAIN_0890,0.47697412306504244,0.49987635353902693,0.48038055943708424
TRAIN_0891,0.3861917994234335,0.3917223845293546,0.38904114217899477
TRAIN_0892,0.4507864735785636,0.46462697260575436,0.4726751716782879
TRAIN_0893,0.4271909408978663,0.4238989827607921,0.43692367270944305
TRAIN_0894,0.27412911744460317,0.2685218948352552,0.2652869104842226
TRAIN_0895,0.3413293650636093,0.49077346221603696,0.34498636072459055
TRAIN_0896,0.38028931677542704,0.510343948241813,0.5615150560355873
TRAIN_0897,0.3074082263359485,0.2946620604982814,0.4719846621997199
TRAIN_0898,0.3175892186318414,0.32155287428021584,0.3379592031786456
TRAIN_0899,0.5402797992712907,0.5474807488089682,0.5299722387797612
TRAIN_0900,0.5416574559865251,0.5424778847171501,0.5538378747979089
TRAIN_0901,0.4936196176305807,0.49192385755241674,0.5061361776829925
TRAIN_0902,0.3388458228016287,0.38266754480415227,0.3576892650539134
TRAIN_0903,0.6004146927286077,0.5891148248724399,0.5311614428237788
TRAIN_0904,0.3979385659569674,0.398382273941446,0.39832112669836434
TRAIN_0905,0.48433843418484673,0.4818271083433883,0.4825048143997433
TRAIN_0906,0.5520839986189018,0.4275258204978159,0.5558871576678296
TRAIN_0907,0.6146552792359222,0.6355974065203999,0.6575069387659712
TRAIN_0908,0.5284135590853415,0.5343303382475528,0.5325727776547355
TRAIN_0909,0.5019887027665538,0.5029599511084892,0.4892551461517202
TRAIN_0910,0.43097838740569183,0.4143829465897313,0.42638107083148374
TRAIN_0911,0.5312266161097714,0.417260249636653,0.4095504412254805
TRAIN_0912,0.45850990731343877,0.4590386394687956,0.4898340691119897
TRAIN_0913,0.49532890873004704,0.5011588490507005,0.4888090470965169
TRAIN_0914,0.48795882727363105,0.49577442035639757,0.48971901633016235
TRAIN_0915,0.48097486709188936,0.492607913483253,0.4917475341795576
TRAIN_0916,0.4971940530046999,0.4956180088856235,0.39403363183333173
TRAIN_0917,0.559876362067989,0.5102436450138454,0.5667357691641088
TRAIN_0918,0.49517802062174016,0.7733506697646274,0.7745456162394099
TRAIN_0919,0.8029733569608116,0.8012569662655675,0.8039448389810895
TRAIN_0920,0.3725805497336962,0.4716416688073656,0.5331248199835942
TRAIN_0921,0.5172191833341537,0.5172389925008517,0.5019873302567462
TRAIN_0922,0.23934929663326832,0.23837444171237776,0.2411133594802683
TRAIN_0923,0.36121206681110585,0.35978486922947417,0.3603179840291565
TRAIN_0924,0.5065790508668494,0.5021687732180433,0.5038594130524964
TRAIN_0925,0.4572071684201123,0.4590858793868301,0.46275028805566615
TRAIN_0926,0.4160138215852645,0.5110758803138372,0.41529962705703294
TRAIN_0927,0.5679568733028217,0.5542239527765278,0.5646132337325074
TRAIN_0928,0.6445010202961079,0.6559167059108024,0.4382053299870414
TRAIN_0929,0.3426090588949745,0.33621632572940313,0.31936314148531264
TRAIN_0930,0.5725576766035009,0.5751995985510773,0.5770596823592821
TRAIN_0931,0.7952704788872382,0.794763456679678,0.7955383103104547
TRAIN_0932,0.9156567575166503,0.4854368189539335,0.9166125963160842
TRAIN_0933,0.5131580171427288,0.5083750641812078,0.5461132360198987
TRAIN_0934,0.5389237675676147,0.5107701363208498,0.5214522491773148
TRAIN_0935,0.49431949870458514,0.29619849619447425,0.2966353074297366
TRAIN_0936,0.4970015453898977,0.5097783723301242,0.5324248725087555
TRAIN_0937,0.4668259807278796,0.46416466846410104,0.4859407123509896
TRAIN_0938,0.4989708914894824,0.49206792104744806,0.5023177782420578
TRAIN_0939,0.6390378806845975,0.6429780653844016,0.6433986927723288
TRAIN_0940,0.4954574544229544,0.2799123874726803,0.499580646522702
TRAIN_0941,0.482504051776912,0.49473526053910855,0.4969749438356663
TRAIN_0942,0.5229791676213146,0.5369841462492323,0.5550302005822247
TRAIN_0943,0.746943924367065,0.7479836085908138,0.5701601836761823
TRAIN_0944,0.3958030144456097,0.36669996966776114,0.3820335184120892
TRAIN_0945,0.5109519944010605,0.21455258876421057,0.2117978627923442
TRAIN_0946,0.15720198256621226,0.16149050326328995,0.1572433953371548
TRAIN_0947,0.4880817673610524,0.4892756823211934,0.49946355033629336
TRAIN_0948,0.4937442502957515,0.43218372774713393,0.4284853275475107
TRAIN_0949,0.01764363878128805,0.6187405428247191,0.019193930532359293
TRAIN_0950,0.5065071600219262,0.5268978973581784,0.518335975865994
TRAIN_0951,0.4756295202896227,0.4671979305886196,0.43954140799699754
TRAIN_0952,0.3931509960453785,0.4206789637326995,0.40707213466855446
TRAIN_0953,0.41873930407190996,0.4260497355739964,0.5210517305404851
TRAIN_0954,0.2614961228754735,0.26213758987077573,0.2618456942964108
TRAIN_0955,0.419133394652123,0.4420891370825413,0.4581618016238428
TRAIN_0956,0.4511911266411355,0.44507412892802056,0.446660787043237
TRAIN_0957,0.8554099934582926,0.8469731926445772,0.8815153295242373
TRAIN_0958,0.444171291323037,0.4401241811202069,0.4462731835888614
TRAIN_0959,0.316092791173553,0.2826256923884057,0.5046752141833357
TRAIN_0960,0.5208504088542343,0.5108853446975644,0.4864698267275485
TRAIN_0961,0.5406002896798558,0.549678724039179,0.17880731665549787
TRAIN_0962,0.8203967486189888,0.48254755167132224,0.8203091335037433
TRAIN_0963,0.3568243973119811,0.3596578290434097,0.3533478864252746
TRAIN_0964,0.5275930565465533,0.46439708459607565,0.4976787492249074
TRAIN_0965,0.4106799859560472,0.4001134696048642,0.399817111880061
TRAIN_0966,0.5472845377775112,0.21374367056343863,0.21236513207552338
TRAIN_0967,0.5075232548526306,0.5169787498032159,0.5270756749097132
TRAIN_0968,0.4653344245862082,0.4518476175568383,0.4321234660911581
TRAIN_0969,0.4847919213033594,0.8118280521461171,0.4858046526305361
TRAIN_0970,0.49498125985254027,0.49704777765112723,0.4944243922726694
TRAIN_0971,0.4874199405345666,0.46578195138468653,0.4734197690004801
TRAIN_0972,0.5024427677252097,0.5027014625441426,0.5530117627575862
TRAIN_0973,0.515536983449179,0.5003567015155429,0.527247477987711
TRAIN_0974,0.5310558044108661,0.4775970574320374,0.4760409178409555
TRAIN_0975,0.447692484447304,0.45492249897021875,0.4529265213722962
TRAIN_0976,0.4539135857235387,0.4673916567437287,0.45769642251571907
TRAIN_0977,0.6152888437943175,0.6376343994109961,0.5531574654777587
TRAIN_0978,0.47382262560017957,0.4366438764158923,0.4494094912700849
TRAIN_0979,0.4905933098630672,0.4814960349581026,0.4921816442068777
TRAIN_0980,0.15027478564713048,0.15006633876889064,0.1503863953744799
TRAIN_0981,0.495541303700877,0.5185164567653316,0.46898033061719663
TRAIN_0982,0.4305793500250319,0.4771343696801221,0.47397251676272956
TRAIN_0983,0.17194686574381002,0.17067247654781204,0.17177883123895588
TRAIN_0984,0.5977200134578711,0.6195237790894751,0.6118047230616225
TRAIN_0985,0.5578711549265396,0.5647943841055117,0.5239495156177308
TRAIN_0986,0.742424367684803,0.7403341372367649,0.7196390314760513
TRAIN_0987,0.5194751827389376,0.5195959920710725,0.5199288388046578
TRAIN_0988,0.4944488183997069,0.41647268163708934,0.49501221795031364
TRAIN_0989,0.48123076366572426,0.46178520679336144,0.4882892207448489
TRAIN_0990,0.8583953404164251,0.8588827711475722,0.8589678040719992
TRAIN_0991,0.49635570404682045,0.5093506297493076,0.5069723394711423
TRAIN_0992,0.3832207020531082,0.41042533067125475,0.4069086634855794
TRAIN_0993,0.1315884619691789,0.13099846075796623,0.1311218919586875
TRAIN_0994,0.5171169666589959,0.52081745489685,0.5267029683206473
TRAIN_0995,0.4450975941220656,0.4456440381889123,0.44565449361800424
TRAIN_0996,0.47188955569420743,0.4698118678099283,0.3916363629281197
TRAIN_0997,0.521136143404839,0.5208361656549986,0.520538159059024
TRAIN_0998,0.4318507006928485,0.4168877719752507,0.41571525264672354
TRAIN_0999,0.2978320922291011,0.3008679354013976,0.30166505659826476
TRAIN_1000,0.5095261062056872,0.5070078318509812,0.502058709147459
TRAIN_1001,0.5231479104460567,0.5426471792599048,0.53666688337726
TRAIN_1002,0.42298901735647715,0.40717158604456927,0.44739869020693557
TRAIN_1003,0.5391734281771591,0.5494446576770511,0.536316542060713
TRAIN_1004,0.5248990768809398,0.5350092411111634,0.5197948142761297
TRAIN_1005,0.12962005259438408,0.1299203073300036,0.1296423878211166
TRAIN_1006,0.6261590209661385,0.6393475537096677,0.6256688136940816
TRAIN_1007,0.45286719658991337,0.45093695876580997,0.45414256144625786
TRAIN_1008,0.5509574921982803,0.5072278679829272,0.502209192682494
TRAIN_1009,0.03702275803276478,0.03566811910474754,0.039648002060180154
TRAIN_1010,0.6342773161447497,0.6205362671323303,0.6346939915808866
TRAIN_1011,0.5939243606811412,0.6058728722753502,0.594093893473675
TRAIN_1012,0.5303627822949708,0.5304036370403157,0.5296468671721892
TRAIN_1013,0.43520106166767464,0.49449154623419583,0.4965234311528748
TRAIN_1014,0.47229035883828124,0.45976623141200607,0.46910228835086165
TRAIN_1015,0.6668133620438466,0.6508413711955978,0.6449822349188845
TRAIN_1016,0.451697852910668,0.4533251613328781,0.4511340548292019
TRAIN_1017,0.5522901566618394,0.5589144510475712,0.546641683563797
TRAIN_1018,0.44970964367218796,0.4500910285324399,0.5618207521231872
TRAIN_1019,0.47496511593866114,0.4844407626263955,0.47320211463097456
TRAIN_1020,0.3992875299852826,0.41503541889421514,0.40508059427504656
TRAIN_1021,0.5257497606491244,0.5290499988837872,0.5148477565546925
TRAIN_1022,0.7078040402422311,0.7101138030132048,0.5245309187544216
TRAIN_1023,0.405229473308782,0.39963792432041634,0.40607210179260195
TRAIN_1024,0.3212225717794071,0.3221958378660206,0.4054398749524105
TRAIN_1025,0.47172358654491153,0.49593998856365373,0.513675020924606
TRAIN_1026,0.2958538555582329,0.3022290276817403,0.5066524275031306
TRAIN_1027,0.49227534958741315,0.496583542567335,0.502256980122234
TRAIN_1028,0.45314802184010655,0.2083222377301054,0.2110982838404788
TRAIN_1029,0.4884958534156718,0.04353313290665772,0.04855038986292842
TRAIN_1030,0.4570613607107753,0.5974322183235513,0.45065117537330296
TRAIN_1031,0.45586163355486853,0.4366560207467308,0.47562676783695235
TRAIN_1032,0.3782578945828113,0.3377273499962472,0.391630465389007
TRAIN_1033,0.43827769393017757,0.3948977348602835,0.4450442816938172
TRAIN_1034,0.44109245609219533,0.4492830118983245,0.458212628054693
TRAIN_1035,0.2938609516341649,0.307414084290789,0.30636938229782684
TRAIN_1036,0.469585155176679,0.47783234401119173,0.4495184075343227
TRAIN_1037,0.5029386805195314,0.5056499828954213,0.5080559458535464
TRAIN_1038,0.8003863830690472,0.8004509783715841,0.801262912625925
TRAIN_1039,0.4593331472672355,0.45456537710730066,0.45693165696971594
TRAIN_1040,0.5226719569141276,0.20578890154003832,0.5086672105608976
TRAIN_1041,0.5155455517273584,0.5013908424139351,0.4996506369412367
TRAIN_1042,0.5058784120759331,0.7235680074968986,0.7159277064557444
TRAIN_1043,0.4550115081150976,0.419364078195946,0.45340042366456035
TRAIN_1044,0.6269155413734215,0.6266384437711043,0.6262085261681786
TRAIN_1045,0.9503178034243904,0.5536688430337673,0.957682295912639
TRAIN_1046,0.5159375462000465,0.5333946836108153,0.5124294356760211
TRAIN_1047,0.21816696105625155,0.21798701047621838,0.5285284680977811
TRAIN_1048,0.2134036789398588,0.2231788558513847,0.21880675448739506
TRAIN_1049,0.6781464421433848,0.6785420102630366,0.499714821618572
TRAIN_1050,0.48350316395863635,0.47883935893153795,0.49567593137618327
TRAIN_1051,0.4723247208222169,0.4824136114534071,0.48534798379848565
TRAIN_1052,0.24742836984317446,0.24881294530535025,0.2476216392542379
TRAIN_1053,0.4730523841115408,0.42403802068953517,0.48052848977038587
TRAIN_1054,0.6477211716810316,0.6484407408664853,0.6477597838481164
TRAIN_1055,0.7342514108067572,0.7294361534587285,0.7243966625900582
TRAIN_1056,0.4075028739817918,0.4089029418829428,0.40449834472917645
TRAIN_1057,0.44666418513009265,0.43945918378566046,0.4594824010764802
TRAIN_1058,0.4310732375377776,0.4235041162661991,0.4069985762852916
TRAIN_1059,0.4490396377041196,0.4578455040285033,0.4919009287314716
TRAIN_1060,0.5875756410563269,0.587391319108442,0.5828922306831594
TRAIN_1061,0.4883748597810098,0.452761233102771,0.46708813938984267
TRAIN_1062,0.5008647478117427,0.5009495904654044,0.5002024631788405
TRAIN_1063,0.4142110287279927,0.5113100910205263,0.41387687509181936
TRAIN_1064,0.5734404189181213,0.5294473440536214,0.5440872274856031
TRAIN_1065,0.5508740996316283,0.5236076027591651,0.34194187112253227
TRAIN_1066,0.5073980423783402,0.5120267457097877,0.5090551371481024
TRAIN_1067,0.5145013086023896,0.49913598320242564,0.48891268373178615
TRAIN_1068,0.520356038233925,0.51301745942161,0.5082725707538486
TRAIN_1069,0.4819575472636582,0.4747418907816098,0.47512239662625366
TRAIN_1070,0.40109816668731646,0.4016338589361934,0.40174679202338714
TRAIN_1071,0.7096825670034599,0.712077854695807,0.7115636150866935
TRAIN_1072,0.2592309714692142,0.25965500868377267,0.261258742049515
TRAIN_1073,0.5837200458087466,0.6700174110464612,0.6513811385006832
TRAIN_1074,0.07317442707092559,0.07536901618187458,0.07578436233352698
TRAIN_1075,0.38255077328242637,0.16749707794955282,0.16797207528233593
TRAIN_1076,0.5415195282186642,0.5698246150436503,0.5807562919168486
TRAIN_1077,0.5339069778068419,0.44514230459138954,0.5306127903937261
TRAIN_1078,0.43642906565008305,0.39650053117910355,0.42089226631293486
TRAIN_1079,0.5040400904534169,0.48085907617391854,0.4674314852243441
TRAIN_1080,0.4579620207016367,0.44797630735473654,0.442931494729422
TRAIN_1081,0.4888249989430454,0.4781349807460437,0.4518422993885639
TRAIN_1082,0.8346407921183365,0.8338424754697513,0.8335442795536055
TRAIN_1083,0.5366434543208453,0.5461399411394185,0.5445451006852462
TRAIN_1084,0.3697917841222963,0.4124448584616207,0.5401854857592127
TRAIN_1085,0.47627305858707075,0.45016767292923654,0.4609132950536843
TRAIN_1086,0.5100577344335105,0.5245546819644455,0.5276750022597603
TRAIN_1087,0.48349932352179165,0.4898753418868963,0.4846783637078167
TRAIN_1088,0.2742208296437808,0.5046409664410221,0.2772355625461615
TRAIN_1089,0.5247232177401766,0.534253995126492,0.5365561982764266
TRAIN_1090,0.47231328498686037,0.4586945473667647,0.47088611699951877
TRAIN_1091,0.4995548750137317,0.4998556371689658,0.5008874202184923
TRAIN_1092,0.5071412445417731,0.5100357892467181,0.5105734129065369
TRAIN_1093,0.4866436554291032,0.49890039075935716,0.5030496358190328
TRAIN_1094,0.674530870303077,0.5265977413482676,0.648182424115267
TRAIN_1095,0.29890581543020256,0.2727683929742847,0.32360178692534347
TRAIN_1096,0.5000765816701929,0.4958515273891408,0.49716130442822715
TRAIN_1097,0.8602243904308744,0.861539705099378,0.8600984855648749
TRAIN_1098,0.4689284855146715,0.45378976034234775,0.4675382992669764
TRAIN_1099,0.5049750444711076,0.5067282334867073,0.508004590974791
TRAIN_1100,0.40617102860413334,0.40183719444299026,0.4062986343228848
TRAIN_1101,0.4503774106000369,0.4710211578046026,0.44472914995549456
TRAIN_1102,0.8070784131300157,0.8008689500703421,0.5077180417420529
TRAIN_1103,0.4087782908471914,0.4680384400680911,0.5638690969396085
TRAIN_1104,0.5080814354653524,0.5088086760935129,0.5200386074056298
TRAIN_1105,0.44780330853865447,0.7516899775085952,0.7518906981672502
TRAIN_1106,0.6781203382099251,0.6784743080514626,0.45730068153567904
TRAIN_1107,0.4387877964740964,0.584688538552016,0.6246064461523264
TRAIN_1108,0.4713569759681101,0.4772610102010069,0.4788065654123581
TRAIN_1109,0.6498494203857075,0.650182947205959,0.6498175854055517
TRAIN_1110,0.3955490132643658,0.3979664900816289,0.3968187785881206
TRAIN_1111,0.8962024493840343,0.8977264105260109,0.9012941601175031
TRAIN_1112,0.03282825481146612,0.029911912810035912,0.5482609800918112
TRAIN_1113,0.37543241478314626,0.4748737767258479,0.4610462155008601
TRAIN_1114,0.5193517881439654,0.5250746324857424,0.5192982587498391
TRAIN_1115,0.5240911400267572,0.5380993124974324,0.5411135490230908
TRAIN_1116,0.33771616909436164,0.3048875944085727,0.2834111869842096
TRAIN_1117,0.1690014366002136,0.1699009893170368,0.16990042068960387
TRAIN_1118,0.49807225950719536,0.5110314573272424,0.4780592250255058
TRAIN_1119,0.17450165504099385,0.17334891353873794,0.1646313523421874
TRAIN_1120,0.5045713618455678,0.28835906931434396,0.28335744316282674
TRAIN_1121,0.47419022051377674,0.5139142042404904,0.5196252747204544
TRAIN_1122,0.5375585091114943,0.46227251787118934,0.4338786690658727
TRAIN_1123,0.5526799960377424,0.5408491064296753,0.517730146656078
TRAIN_1124,0.38276328632800055,0.46141317798510945,0.3834276388470792
TRAIN_1125,0.3832871582281731,0.3757462189303975,0.4417900270773395
TRAIN_1126,0.24367583356472466,0.5530366361381361,0.25690058767347124
TRAIN_1127,0.11305699176306333,0.3018322104076536,0.10454884003683651
TRAIN_1128,0.44536913490340246,0.44807220148948834,0.4529759855674269
TRAIN_1129,0.653909025639123,0.537027471084043,0.5558338823111019
TRAIN_1130,0.48942289417123097,0.4930706197398648,0.48807396998078495
TRAIN_1131,0.5030250643926761,0.6199857612946909,0.6199281800890722
TRAIN_1132,0.5126967875781164,0.4398346792292346,0.4380702586419463
TRAIN_1133,0.5361276975270275,0.5408857903009534,0.5269253283650499
TRAIN_1134,0.45818621216677197,0.42354202535123375,0.44809016135315494
TRAIN_1135,0.7185942996881817,0.7170379118995664,0.47882877663196166
TRAIN_1136,0.526906833400044,0.540069459383212,0.5142489034037447
TRAIN_1137,0.509623668138641,0.48201008013361796,0.4634866937123258
TRAIN_1138,0.4656661299536809,0.4932991284178765,0.4907813097091963
TRAIN_1139,0.4100117936800577,0.4100293607015184,0.41004101450396574
TRAIN_1140,0.4152083892381484,0.4400903635237871,0.46609579737152296
TRAIN_1141,0.5126139511854477,0.7160668890457573,0.7163139356734456
TRAIN_1142,0.47274202379296026,0.8522260653894476,0.8516224504149754
TRAIN_1143,0.20992936103399745,0.20663513525951055,0.20916592080713037
TRAIN_1144,0.5191813458450757,0.4744877507744383,0.4790268073935188
TRAIN_1145,0.48302720406923183,0.4390076522427441,0.4452927144006078
TRAIN_1146,0.4333616623091626,0.4058031479230302,0.44990918158043935
TRAIN_1147,0.34110419476300635,0.34107953421613546,0.3593615301945331
TRAIN_1148,0.20376657971069118,0.18972442120882888,0.19621114386777427
TRAIN_1149,0.4900212798025285,0.4826675359922533,0.48867073782686665
TRAIN_1150,1.0,0.5046776531119583,0.9999833315202216
TRAIN_1151,0.70399031793771,0.7180417590435426,0.6803871317547007
TRAIN_1152,0.7271373360097202,0.7281791501040052,0.724667037310838
TRAIN_1153,0.911087082769404,0.9114010393211658,0.9108820196310607
TRAIN_1154,0.4006448359780154,0.4011196341402422,0.4003579983601685
TRAIN_1155,0.4473724344196136,0.42404316066974107,0.42934291325112517
TRAIN_1156,0.474146621068674,0.43359953047500505,0.433811534399545
TRAIN_1157,0.5482242204779981,0.5391759765992221,0.541968949731298
TRAIN_1158,0.03465444683343022,0.03304101676857807,0.031098872177347137
TRAIN_1159,0.7013883320000829,0.7035995105044209,0.6973140011949152
TRAIN_1160,0.010154155305898582,0.4929444713116388,0.009671724173557994
TRAIN_1161,0.44841254786613177,0.4801777619427742,0.46184893369490815
TRAIN_1162,0.8401347786612319,0.8401970621266361,0.8402070350818598
TRAIN_1163,0.5012810532626559,0.10333172279047492,0.1276052866257198
TRAIN_1164,0.518295128218707,0.10468776612238917,0.10595066483689164
TRAIN_1165,0.5017807755335594,0.4897991141867046,0.49642279009549495
TRAIN_1166,0.5210607990205222,0.32406772548971563,0.3350992355417399
TRAIN_1167,0.5057806145898956,0.5028523202929427,0.5301405319532796
TRAIN_1168,0.4327735182265208,0.2748849779791294,0.27920420545061647
TRAIN_1169,0.3648578862185443,0.36995064288187307,0.4615393633699523
TRAIN_1170,0.4642995407716548,0.45849298447928616,0.46195510878047247
TRAIN_1171,0.4481474668495207,0.4769056243881266,0.45282902778681644
TRAIN_1172,0.5098129272060523,0.4803183717148263,0.49389826613401744
TRAIN_1173,0.5069549017990114,0.46472828544594,0.5025956419563716
TRAIN_1174,0.3999577582411361,0.3997518049327345,0.3994499888563919
TRAIN_1175,0.5295422939217894,0.5283325539150897,0.5125935809361317
TRAIN_1176,0.7421929441520811,0.7477544262158915,0.7424723093280312
TRAIN_1177,0.43622542182296803,0.43994874231826087,0.4334199367168829
TRAIN_1178,0.5583339109377576,0.5375610696373734,0.5461736870270087
TRAIN_1179,0.558027373764138,0.5560373227973908,0.516337175415055
TRAIN_1180,0.4873062222235772,0.5169161151546685,0.4677562999680201
TRAIN_1181,0.533925553036485,0.5400378612353091,0.527050568643492
TRAIN_1182,0.4657406376906171,0.38895215967391594,0.41833618611658974
TRAIN_1183,0.5896716827325879,0.5930429519415262,0.5748635870585759
TRAIN_1184,0.47157041845101455,0.470301765537244,0.4700872774751129
TRAIN_1185,0.43648019695228774,0.42442759080122294,0.43244432973436403
TRAIN_1186,0.1331572790029958,0.18079908452774873,0.15730595549054704
TRAIN_1187,0.5511546450983984,0.5515146346358311,0.5372409355837031
TRAIN_1188,0.14118618711623204,0.15127307156916875,0.13611062382532385
TRAIN_1189,0.5089331623054213,0.5304186127812194,0.5516630305216903
TRAIN_1190,0.5211130920670495,0.4961410501391755,0.5100500473451898
TRAIN_1191,0.4882725786370964,0.49766342480421993,0.5014472264615935
TRAIN_1192,0.6267582025343934,0.45543745487878623,0.6263829786059388
TRAIN_1193,0.6754191870314137,0.6746302428404336,0.5135063325563375
TRAIN_1194,0.1439773229777383,0.147417985500095,0.5690171473381079
TRAIN_1195,0.5175790033086111,0.5120101479646614,0.5138936496571499
TRAIN_1196,0.48684995244863266,0.5116140646344767,0.47747728957088054
TRAIN_1197,0.4940310789936013,0.5145764180155723,0.4934336797701278
TRAIN_1198,0.5324516462490215,0.5284426830352722,0.5329110783960838
TRAIN_1199,0.6182423126372694,0.5558509630339642,0.589046376930196
TRAIN_1200,0.45468436051713956,0.45546890009526897,0.45401291608536826
TRAIN_1201,0.4458822639232118,0.37012475282309454,0.35826386321856313
TRAIN_1202,0.7280450590108918,0.49848277435384597,0.7289268752490059
TRAIN_1203,0.5282111902276645,0.5281115103858164,0.5272285244436552
TRAIN_1204,0.010748862344120425,0.010908258362973156,0.010898832022318283
TRAIN_1205,0.8357400466780451,0.837589345186774,0.8515806397867944
TRAIN_1206,0.5516779136190679,0.5431587851147058,0.5355455130290304
TRAIN_1207,0.49853893478560585,0.495176079570684,0.4964445063360125
TRAIN_1208,0.5098901571610477,0.5128293746159244,0.5084171330474555
TRAIN_1209,0.4553599098364032,0.4351264233358787,0.40089969375152723
TRAIN_1210,0.20003821569535912,0.2023001855966428,0.19291042415139936
TRAIN_1211,0.5125167249969474,0.4607034364445529,0.540603820008639
TRAIN_1212,0.3346508484649845,0.3367360338405009,0.3349419138569881
TRAIN_1213,0.5137697059794852,0.5095264681833754,0.5088485179201717
TRAIN_1214,0.5025323182804873,0.48417726918319687,0.47695860314477817
TRAIN_1215,0.6892858639673478,0.6716912357335405,0.6888994462225748
TRAIN_1216,0.38913097427118826,0.3878452387332489,0.3878513905323183
TRAIN_1217,0.4440203454756153,0.4006720589532615,0.4226083351401521
TRAIN_1218,0.4805791562997763,0.39977557726482654,0.47890929898644063
TRAIN_1219,0.5575227001971215,0.5594615943730226,0.5567824056384278
TRAIN_1220,0.4882612210732902,0.5805828517305807,0.5812735542415547
TRAIN_1221,0.415794012593013,0.18962797450892988,0.18515832214421163
TRAIN_1222,0.5239271126998465,0.5272353015864835,0.5432364075688692
TRAIN_1223,0.3016908000701053,0.5285022870349014,0.5042268004860594
TRAIN_1224,0.4941500927606202,0.4924910015180342,0.46666320366286884
TRAIN_1225,0.5061155369456783,0.49860268523759166,0.5114138449210299
TRAIN_1226,0.48184025196512176,0.5140007647570901,0.5147835841355225
TRAIN_1227,0.5288595048173612,0.5089898784146568,0.5197819451551722
TRAIN_1228,0.5268049083928105,0.5297721774013151,0.5437541836424862
TRAIN_1229,0.5042586003525215,0.49060996861057216,0.5241570548664556
TRAIN_1230,0.47534134229323755,0.47495312411994,0.47621419427076583
TRAIN_1231,0.5204803883591614,0.5947358631013493,0.6042463534106512
TRAIN_1232,0.48359690978750247,0.46953575119910174,0.47017923411002954
TRAIN_1233,0.684228499450604,0.5644770210037346,0.5824109060557833
TRAIN_1234,0.5078598590683789,0.499898641215381,0.4958846844133679
TRAIN_1235,0.43572962793843056,0.4683745354078676,0.42101846505125995
TRAIN_1236,0.32214765781321186,0.3247128087635503,0.3221459376012547
TRAIN_1237,0.4263200107268688,0.4011676247823593,0.41391929807978173
TRAIN_1238,0.41947964678178395,0.3663548700491416,0.4309399328855245
TRAIN_1239,0.2229168074259718,0.2329949465071059,0.22551356378862358
TRAIN_1240,0.4492120848177818,0.44862914039335255,0.4556779150358806
TRAIN_1241,0.44699337802744443,0.4520835450256782,0.44496729245496375
TRAIN_1242,0.4748756664680148,0.5154329137108369,0.4992079189423331
TRAIN_1243,0.8598984038677103,0.8604006935254083,0.859889944788144
TRAIN_1244,0.5012921772702239,0.5188138747020958,0.507366574319768
TRAIN_1245,0.20603098815204818,0.2220098628106862,0.20235673986742214
TRAIN_1246,0.5266421553230277,0.2446929373282531,0.2451411228657291
TRAIN_1247,0.49028951570753304,0.49003145902055584,0.4902107734414402
TRAIN_1248,0.48861369943677674,0.5255525148826297,0.49319694050742324
TRAIN_1249,0.23642030584267132,0.9396288486802031,0.46034044618002773
TRAIN_1250,0.35118325080107926,0.32405464873502066,0.3727759634111826
TRAIN_1251,0.5561829805709065,0.5517930163516147,0.5520651072644376
TRAIN_1252,0.734219339659983,0.7311439690356829,0.730565721176081
TRAIN_1253,0.6864538664736258,0.7293418911402957,0.6943312758058231
TRAIN_1254,0.772988457525537,0.7741735925550721,0.7732711767258154
TRAIN_1255,0.44190656314615606,0.4770758449046307,0.47402008186580286
TRAIN_1256,0.13101843808725788,0.5966901282109157,0.12578285145367396
TRAIN_1257,0.3128660091148051,0.3131970331444449,0.308102229113702
TRAIN_1258,0.49997589230969974,0.49989387805643937,0.49944514979042065
TRAIN_1259,0.5520717537442182,0.5691815872870077,0.544611359125182
TRAIN_1260,0.5398676736400408,0.5465172353838713,0.5506754504972683
TRAIN_1261,0.4789264287575725,0.502249951174097,0.49281455961022247
TRAIN_1262,0.4867160212184627,0.3945882414056446,0.3929278353785384
TRAIN_1263,0.7314451820077826,0.7316873631159891,0.7294052261848123
TRAIN_1264,0.4962395546011495,0.4951883132517778,0.49498561742179287
TRAIN_1265,0.5409834044792825,0.5302622118319469,0.5380943648724109
TRAIN_1266,0.10080917358351904,0.10004406010382733,0.09985683655781535
TRAIN_1267,0.35987298197349865,0.595191577878972,0.6528309253201366
TRAIN_1268,0.46061738889342024,0.4448072048277168,0.46187490034720824
TRAIN_1269,0.46806776102677894,0.46846317628612527,0.469099657879651
TRAIN_1270,0.47119001581051817,0.6554461501731412,0.6518317694651878
TRAIN_1271,0.44070841581301534,0.4035870282465071,0.4088952169086008
TRAIN_1272,0.420091702124955,0.40557252283416495,0.4206828976568743
TRAIN_1273,0.7109658135996203,0.709339329243507,0.711710257047141
TRAIN_1274,0.498647482142032,0.5085372117545093,0.4905730937801691
TRAIN_1275,0.5212113456609351,0.5406476719539992,0.5391385951339763
TRAIN_1276,0.4115061829073893,0.4123148581982561,0.41978677822333
TRAIN_1277,0.35665213858385,0.38021002123664965,0.30917699974643764
TRAIN_1278,0.09093724195667058,0.7217934859275564,0.09372625210025742
TRAIN_1279,0.771592514094563,0.7723519603133019,0.7721835676746506
TRAIN_1280,0.502652579786492,0.5067965160309632,0.5074719372794594
TRAIN_1281,0.4774091034633266,0.5324550331869756,0.5491119731187591
TRAIN_1282,0.010358824491617458,0.6163771483752859,0.011159831118315533
TRAIN_1283,0.5371034473205535,0.46576002927971155,0.5565666367544663
TRAIN_1284,0.43361316591496424,0.4751171618812293,0.47841372328684884
TRAIN_1285,0.516457763123282,0.5426778819770754,0.5299407985291107
TRAIN_1286,0.4488522476401111,0.44913448766545594,0.4580773978609413
TRAIN_1287,0.5629980584782389,0.5288395836141282,0.5592158184560525
TRAIN_1288,0.07997606591427425,0.08000230554240845,0.08011960705882154
TRAIN_1289,0.5102830039173142,0.5021256399097543,0.5022436835378156
TRAIN_1290,0.4960178139893652,0.4991584223525258,0.49972069458217305
TRAIN_1291,0.785958899249537,0.7936268154786709,0.3531829777821853
TRAIN_1292,0.5530481818156133,0.5577437203785656,0.5372456322487434
TRAIN_1293,0.4066468666735551,0.48388087103344335,0.3916442450718311
TRAIN_1294,0.4284794023086326,0.4246947500053129,0.4253942090845261
TRAIN_1295,0.483296210794058,0.5077317397975367,0.48667361655366476
TRAIN_1296,0.5008266483725653,0.4734493127815254,0.49890325190811535
TRAIN_1297,0.27029677830312826,0.27065841405581426,0.5185686636255258
TRAIN_1298,0.48746344631853095,0.4845719483157555,0.48574959019110897
TRAIN_1299,0.06197384570135955,0.06187442479032906,0.06313170023976045
TRAIN_1300,0.29761645228645495,0.2919429100894264,0.29745779026185504
TRAIN_1301,0.277579762824605,0.44429606186309206,0.29114407697857336
TRAIN_1302,0.5115364685786578,0.4923782059851649,0.5152851043419924
TRAIN_1303,0.26703521873540326,0.26275104990250114,0.2680325519950477
TRAIN_1304,0.5156413916872091,0.5257544320241827,0.5245103866976133
TRAIN_1305,0.19324493804650988,0.19889119462485416,0.19291926433027246
TRAIN_1306,0.25308309218919894,0.26302300504892934,0.2515154998355259
TRAIN_1307,0.6880652753624923,0.688277604893887,0.6883587893124048
TRAIN_1308,0.29501256889176264,0.330620384116768,0.4683465890235576
TRAIN_1309,0.406915184144238,0.43814858366621257,0.4214394708765095
TRAIN_1310,0.25907952420534563,0.25865053700551793,0.2603525773888078
TRAIN_1311,0.4389518971258836,0.4328253656659967,0.4655459967797987
TRAIN_1312,0.3592476156538076,0.49491230898454686,0.3630431957630078
TRAIN_1313,0.8300323665166851,0.8295138464423604,0.8299811618201952
TRAIN_1314,0.4954492739391396,0.4959389069755288,0.4322617699743636
TRAIN_1315,0.42598304671316056,0.4265283641540512,0.4271664821682998
TRAIN_1316,0.5441790996814648,0.051120474536597016,0.05158245701650166
TRAIN_1317,0.9883877184889385,0.47350485898471284,0.47904347624367255
TRAIN_1318,0.42380283370952265,0.4200879374966523,0.39126832080183427
TRAIN_1319,0.4372413693361217,0.4459172971361069,0.46964939622496604
TRAIN_1320,0.5378209076110623,0.5339371034605768,0.5559906413650668
TRAIN_1321,8.294381839835108e-05,0.0,0.00018955769578637982
TRAIN_1322,0.542410298554911,0.5407380465968045,0.5418341476542666
TRAIN_1323,0.6265930671198598,0.6298581720831138,0.6239859766946216
TRAIN_1324,0.5560783534596692,0.5311837449987229,0.5396169625003302
TRAIN_1325,0.49572988912304067,0.481688807741354,0.4756367356366827
TRAIN_1326,0.5243460450979238,0.46967523049008864,0.469884070772657
TRAIN_1327,0.5061235348933748,0.5180831366684145,0.5174577445903443
TRAIN_1328,0.4978963509611273,0.4992257724173972,0.4985829422319246
TRAIN_1329,0.8662778725657193,0.47422251205981536,0.8697454214712927
TRAIN_1330,0.4424025222217566,0.4057461488572873,0.4638470738305536
TRAIN_1331,0.4612331190999064,0.06320219566994717,0.06965582096339118
TRAIN_1332,0.5726840042079518,0.5637271280723093,0.5735081528318797
TRAIN_1333,0.5411083691405357,0.4948169841349341,0.5097567429526222
TRAIN_1334,0.41996947187843614,0.4199443075085189,0.42006622756955464
TRAIN_1335,0.5282299028687134,0.5053399423591383,0.5070385600210876
TRAIN_1336,0.5312980761341887,0.416972193612188,0.5392925895811274
TRAIN_1337,0.6171522942923925,0.6175516732734189,0.6175749130110906
TRAIN_1338,0.46061932055356236,0.47012970671845755,0.489958319560365
TRAIN_1339,0.534775915354953,0.4838062991051145,0.47742266601001754
TRAIN_1340,0.5007593072414245,0.4944860856063735,0.4956693733061873
TRAIN_1341,0.504509013133747,0.4534749322909538,0.4802071025123496
TRAIN_1342,0.43782228306541426,0.44969628534647293,0.47711844406279297
TRAIN_1343,0.5300660870417434,0.6818269475621507,0.6769718009393394
TRAIN_1344,0.43920784711008487,0.4370318297598492,0.43701191948446916
TRAIN_1345,0.49170498204986385,0.4243623657636861,0.4067724801407696
TRAIN_1346,0.45122576285105337,0.4305249856680067,0.4232275570257503
TRAIN_1347,0.8819825518210569,0.886068004490463,0.8821260513115565
TRAIN_1348,0.8935879370179062,0.8940942179591909,0.8936504226860649
TRAIN_1349,0.6265755299687357,0.6539829405688957,0.553686398689029
TRAIN_1350,0.40004741450607983,0.4018631990636087,0.4011191774637164
TRAIN_1351,0.3155155022203049,0.26606250532512943,0.28955012927728013
TRAIN_1352,0.6815642527314756,0.6810309774326027,0.5005377959856359
TRAIN_1353,0.4785193689554569,0.48608104318531636,0.49471218528136274
TRAIN_1354,0.48855072369134256,0.6229414266164721,0.487330684747024
TRAIN_1355,0.48874571412393336,0.4327788568404209,0.43722064213025036
TRAIN_1356,0.27799901974556507,0.5891961218603937,0.28329000490866674
TRAIN_1357,0.6157218840936767,0.6097447993033962,0.5969879918282083
TRAIN_1358,0.06969831637089441,0.5818449705511479,0.06949094216488166
TRAIN_1359,0.543076230952516,0.5374812326662393,0.5265793803418305
TRAIN_1360,0.511247286592096,0.4960288425596709,0.5019631460486963
TRAIN_1361,0.4928513445291726,0.43694302371307847,0.4676889595783106
TRAIN_1362,0.5789512002649937,0.564877979960785,0.5744101285545734
TRAIN_1363,0.5893948122030254,0.5897282546464088,0.49186431365025907
TRAIN_1364,0.48808523163309214,0.48136398402470126,0.4983594827390057
TRAIN_1365,0.47273741331947355,0.45612375754609963,0.4605473381374478
TRAIN_1366,0.47524595817216697,0.43357306523553996,0.4844415936329517
TRAIN_1367,0.020459856777307606,0.020082570799229538,0.5174069987082878
TRAIN_1368,0.4558389882914895,0.452546612383412,0.5153999800787118
TRAIN_1369,0.452134105195671,0.4637085228677631,0.45027318594941296
TRAIN_1370,0.4901790080298049,0.4939722861015097,0.4918376239988494
TRAIN_1371,0.5575821408467374,0.6334995129544085,0.6292827810414259
TRAIN_1372,0.8011126098229684,0.8014550320742351,0.800612518250877
TRAIN_1373,0.47349587072727706,0.4721075969226399,0.46327539850696464
TRAIN_1374,0.38341235308942184,0.3922563343305026,0.3985548316494676
TRAIN_1375,0.48886768308509077,0.48952591809158924,0.4894226991405575
TRAIN_1376,0.24473253154965358,0.19825710227587223,0.1349108651016051
TRAIN_1377,0.5033017521051311,0.4790395343890339,0.45501628829465474
TRAIN_1378,0.5422208485246642,0.5518940614229424,0.5497374041786842
TRAIN_1379,0.05964907489815946,0.05954927696848317,0.5953801092950182
TRAIN_1380,0.4894803365016322,0.4804756373153031,0.4948162189260425
TRAIN_1381,0.26331642922969595,0.2882546427877946,0.27482573933367394
TRAIN_1382,0.3829748580083943,0.36224858595614384,0.3602809971387459
TRAIN_1383,0.5081501185469757,0.5442316823496234,0.5255191940668593
TRAIN_1384,0.3927420763599472,0.46112640462637366,0.37079284796171275
TRAIN_1385,0.48792966773464785,0.4478298439350058,0.46164511315415535
TRAIN_1386,0.231701193007611,0.22399679728438543,0.2253622129660356
TRAIN_1387,0.42208182775926445,0.41242027970995615,0.41236334667740493
TRAIN_1388,0.21921469943803257,0.21968578476575973,0.22128485634689077
TRAIN_1389,0.21081439317174194,0.21066025757305146,0.21265356131782898
TRAIN_1390,0.4393154604778755,0.43533917313468234,0.43983882043276956
TRAIN_1391,0.4940069866404023,0.4831096287752589,0.48497847284138024
TRAIN_1392,0.4533349428611947,0.4545663853978309,0.4540344528472405
TRAIN_1393,0.6474125020083741,0.6384344887720377,0.6400374588451649
TRAIN_1394,0.5798030308979111,0.579784280827959,0.580025565215537
TRAIN_1395,0.6650160613414822,0.6655786218556901,0.6648865187497399
TRAIN_1396,0.6397829739927454,0.6402391353889484,0.6411471627009773
TRAIN_1397,0.32005270947235664,0.3307553792257345,0.5465020738223366
TRAIN_1398,0.5417800054659382,0.5308918955619155,0.5368819920446822
TRAIN_1399,0.5381510201143935,0.5183414715972807,0.536595437819036
TRAIN_1400,0.7690357717099902,0.7689139923816166,0.7686906611958809
TRAIN_1401,0.5212092827279428,0.5362890025842432,0.5103912589929612
TRAIN_1402,0.4450715938286779,0.4499942606932281,0.4288539580569648
TRAIN_1403,0.4903836612545208,0.0018991040948058702,0.002277301461363679
TRAIN_1404,0.4166859870096386,0.4456982723796287,0.3986464940033314
TRAIN_1405,0.4218485337522908,0.4189164933742915,0.4717506014403348
TRAIN_1406,0.4415386027932747,0.82725899129688,0.8223779368994231
TRAIN_1407,0.9585337747841471,0.5182111674162969,0.9574459377308024
TRAIN_1408,0.47826257633234587,0.5050956545115292,0.4814111454208018
TRAIN_1409,0.5610673310226272,0.5685245480544151,0.5927364802401138
TRAIN_1410,0.5632513401887103,0.5249032105645481,0.5251939570837101
TRAIN_1411,0.29744514905460917,0.3183211633300995,0.29697336981108574
TRAIN_1412,0.4091054534232256,0.4375764662253422,0.4132918640341527
TRAIN_1413,0.8633626231046321,0.8679739935485485,0.8593198411707045
TRAIN_1414,0.630555100784028,0.24499355700374223,0.5237962824426828
TRAIN_1415,0.3607067320740655,0.36057111115694324,0.35984172337893194
TRAIN_1416,0.4605578563774685,0.5807586513902439,0.44703102228526054
TRAIN_1417,0.4655713529439726,0.4276303072057913,0.43202867741035467
TRAIN_1418,0.5073249933000653,0.5338130619249978,0.5054377564707293
TRAIN_1419,0.4928949204291439,0.49243773563470405,0.480953615437243
TRAIN_1420,0.7558480606206577,0.7542632130254956,0.7435431463613099
TRAIN_1421,0.4737497075488965,0.47260839879011207,0.4166655244804107
TRAIN_1422,0.49917156531860957,0.5203482971625908,0.5434127703699844
TRAIN_1423,0.5026798422554667,0.5022350793411435,0.5025176225713587
TRAIN_1424,0.4894975823514458,0.49452481489177397,0.49289404562217326
TRAIN_1425,0.5304211546390494,0.5264851733038047,0.5280874432987028
TRAIN_1426,0.8300439082873152,0.830459591531818,0.5182956404355974
TRAIN_1427,0.5137313011179341,0.5182967786059643,0.5101935414949299
TRAIN_1428,0.1534046142311013,0.15463995938679198,0.15412628984198495
TRAIN_1429,0.507647235264075,0.5014963393146844,0.5139236459138711
TRAIN_1430,0.5342721278299954,0.550764347297379,0.5492413709319937
TRAIN_1431,0.43670579079492866,0.583835269829555,0.4316823382739503
TRAIN_1432,0.21244807299111534,0.21196075392114727,0.21233812774744248
TRAIN_1433,0.7267589688230324,0.7255266574095183,0.7259244074664641
TRAIN_1434,0.48305057249188627,0.4938150878415231,0.49402700555583917
TRAIN_1435,0.5529274303236945,0.47442515427219484,0.5687949398140713
TRAIN_1436,0.4971926750807081,0.5801736477254817,0.48480226234530566
TRAIN_1437,0.4417086571717614,0.4447145314815145,0.4524478623679595
TRAIN_1438,0.48871097554428056,0.48642137895524473,0.48466299280452435
TRAIN_1439,0.3452493057761704,0.3406598867704398,0.33952656700205963
TRAIN_1440,0.5116551218818844,0.5078603580691541,0.5149728305287182
TRAIN_1441,0.4996863291963935,0.10013251341285656,0.1066116170442728
TRAIN_1442,0.24373740529906524,0.24346073708312704,0.235481332654844
TRAIN_1443,0.5704449762383935,0.5354350996911099,0.5643498917997343
TRAIN_1444,0.4467662024680872,0.4801807259087485,0.4427091854595803
TRAIN_1445,0.7807491600553464,0.7775195579532981,0.7804422749142108
TRAIN_1446,0.06838513801503798,0.0681897139037197,0.06774198743992121
TRAIN_1447,0.5291949867999703,0.5897492862719574,0.5962520515545183
TRAIN_1448,0.1776754249038372,0.17625936473431614,0.5019838387549247
TRAIN_1449,0.4207466743687247,0.4208965275272486,0.42109151417324137
TRAIN_1450,0.6775019468380081,0.6814426717867795,0.6679645096475462
TRAIN_1451,0.30020634920301326,0.30016025217547204,0.3000930866389989
TRAIN_1452,0.5396354951022426,0.4861458783900372,0.5544468460833086
TRAIN_1453,0.3596276684252273,0.362518810779889,0.36088558983680774
TRAIN_1454,0.48824935337957376,0.49714285036901046,0.5032843221252576
TRAIN_1455,0.4432785035100251,0.45276160951533606,0.45127011214078583
TRAIN_1456,0.5494830704110744,0.5669944669764967,0.5430093581059984
TRAIN_1457,0.8487970579977359,0.8494776073714642,0.8484072013746247
TRAIN_1458,0.4866768339699826,0.4878558241796431,0.48206872301513226
TRAIN_1459,0.5140746801238679,0.49001528833607466,0.4838747903825648
TRAIN_1460,0.5911490967487127,0.8803222806276771,0.5905380691626408
TRAIN_1461,0.07171235720455504,0.0718773446482649,0.0715277172383435
TRAIN_1462,0.455412013161647,0.4506424314979176,0.49441874231120686
TRAIN_1463,0.43900083798163075,0.4713841937041522,0.4659848379145945
TRAIN_1464,0.446582977581097,0.4246351089080216,0.43923349554608254
TRAIN_1465,0.45759353409743536,0.453382835153852,0.45397803120003516
TRAIN_1466,0.46227208113949797,0.46311516909680694,0.39159272337749207
TRAIN_1467,0.522057038255097,0.4930285160067018,0.4804748810153738
TRAIN_1468,0.5356778425847236,0.4460257624993538,0.453072111277905
TRAIN_1469,0.6809956748610569,0.6801025923715445,0.45891989119362275
TRAIN_1470,0.5342883769099158,0.48024319592755127,0.5369856377701239
TRAIN_1471,0.3875692707907276,0.42822510649106116,0.42737927247063034
TRAIN_1472,0.08579167933901893,0.08533023908048837,0.08692323915589073
TRAIN_1473,0.5195362977122652,0.5242095383002527,0.5009265276546502
TRAIN_1474,0.4607168902423024,0.48637029503681606,0.44297352486635533
TRAIN_1475,0.6230252055700269,0.6247891297276172,0.6314793362920369
TRAIN_1476,0.5970301504288216,0.02068971900161931,0.021427715653402013
TRAIN_1477,0.5491170674715147,0.5487789262541121,0.5363330525734828
TRAIN_1478,0.42632608021170415,0.42079645167678004,0.4434095242376964
TRAIN_1479,0.489976868970617,0.4901436320260492,0.48802065297795
TRAIN_1480,0.6407583168310911,0.577511159461083,0.6367955659639375
TRAIN_1481,0.5307065929852368,0.535136012909073,0.5320853575342144
TRAIN_1482,0.5021809573068866,0.1511164515930123,0.15117148443189365
TRAIN_1483,0.38466914420591614,0.38929092121550635,0.38779617473900807
TRAIN_1484,0.49455059351838443,0.5043549369234753,0.492535180174173
TRAIN_1485,0.4931723887926973,0.4882783055224581,0.4930180091982563
TRAIN_1486,0.4923134135776127,0.5492105446906688,0.5498836262126271
TRAIN_1487,0.3652432774935039,0.35893710508811133,0.36100440298296677
TRAIN_1488,0.9606077506226863,0.9599469601139177,0.9602553065435819
TRAIN_1489,0.49538152751776926,0.4658645940545395,0.4854755908428351
TRAIN_1490,0.380952828137997,0.38026923958431513,0.5044568792441834
TRAIN_1491,0.6230506267404462,0.618452159111299,0.6227591633052969
TRAIN_1492,0.526070187526251,0.525809204585291,0.47981721311264847
TRAIN_1493,0.06167035766991619,0.501868433225992,0.06116197658743189
TRAIN_1494,0.4314277826506052,0.4151690571279519,0.41535851863342954
TRAIN_1495,0.2900665434998517,0.28966752864259765,0.2903698372748344
TRAIN_1496,0.4658705171198317,0.4184195927420603,0.4144640734328159
TRAIN_1497,0.7180428234852717,0.736582261680859,0.7169873611727223
TRAIN_1498,0.43271476777791573,0.46713694096039704,0.3764064212012904
TRAIN_1499,0.3851854746534336,0.30539522478151493,0.30373740549926775
TRAIN_1500,0.5523527699005043,0.5640201690234417,0.5604749576672972
TRAIN_1501,0.9785541622278392,0.4687506910130117,0.47418383175264683
TRAIN_1502,0.47161943944875173,0.47011429815718925,0.4884005602579345
TRAIN_1503,0.4001821371998551,0.40032179609763296,0.4002068596984955
TRAIN_1504,0.4667348869756698,0.5339338558480715,0.5421856197414224
TRAIN_1505,0.9581655566163743,0.9573694653727949,0.9578460415276957
TRAIN_1506,0.14229463886492139,0.28121057547621586,0.11599770254756281
TRAIN_1507,0.19873569086755816,0.19856763276142336,0.4825981055700163
TRAIN_1508,0.48197358737013474,0.4839221139052463,0.4710016587643967
TRAIN_1509,0.5819052471922679,0.5790319822968015,0.5307826978400941
TRAIN_1510,0.49882389129626975,0.4213266257254086,0.4844950909411293
TRAIN_1511,0.41442586250028046,0.4069700212130375,0.4475378121634441
TRAIN_1512,0.46821423904484444,0.4115585587215081,0.46033114663704255
TRAIN_1513,0.9147981647028568,0.9120154024222227,0.9120178566593693
TRAIN_1514,0.47577003033233345,0.44695121655992465,0.4512244986922932
TRAIN_1515,0.418294164187821,0.44857212530812435,0.4502385566591395
TRAIN_1516,0.4304470149628602,0.42908770468464663,0.4402882712602308
TRAIN_1517,0.34226433958102787,0.34151679250295486,0.3445644259133039
TRAIN_1518,0.4873895556183293,0.5401031836851087,0.5535993239280566
TRAIN_1519,0.4999169649007984,0.5016897343568619,0.5025496227785642
TRAIN_1520,0.5732066795979796,0.49419664726504664,0.5843840046399383
TRAIN_1521,0.30004457463251455,0.3141584955072931,0.3034885532270176
TRAIN_1522,0.45287349072951966,0.3830301032344709,0.4040604643384402
TRAIN_1523,0.3984627234383908,0.43754707047352165,0.4312374698071557
TRAIN_1524,0.4900689438222664,0.001700128545659374,0.0014294579157225762
TRAIN_1525,0.4637273571970553,0.46361391468677215,0.4718451358384149
TRAIN_1526,0.5554457683693188,0.5512154799793056,0.5476494353502032
TRAIN_1527,0.4908921643812643,0.4899712894809138,0.5046009770758189
TRAIN_1528,0.17025603585159,0.17003304647412015,0.17023795914967116
TRAIN_1529,0.32751126432224553,0.31533417178645995,0.31727367349851077
TRAIN_1530,0.48000175477106105,0.4666116718587641,0.5517125583441538
TRAIN_1531,0.2844643688136028,0.28299540819938046,0.2842939804971899
TRAIN_1532,0.473761742957874,0.5119792077208529,0.46169127392125575
TRAIN_1533,0.5556246480573377,0.577302611835175,0.5165848592239329
TRAIN_1534,0.3619685154653923,0.3702713144991815,0.361900041109271
TRAIN_1535,0.45674558462863435,0.48536851899446076,0.5396375572127999
TRAIN_1536,0.7518763495664686,0.7422897658027569,0.7463525932031863
TRAIN_1537,0.48667329474791793,0.49878125768608067,0.4976195594105036
TRAIN_1538,0.7100933168040588,0.7100380264889761,0.5063848131882478
TRAIN_1539,0.5616837981074404,0.5722568763511661,0.5274931021732584
TRAIN_1540,0.5045226150059112,0.5155207782344123,0.5157699894364839
TRAIN_1541,0.4692803104036361,0.4882820261205381,0.46838477881534624
TRAIN_1542,0.6040344710137595,0.6099761712581356,0.6017983267294671
TRAIN_1543,0.3682906906456882,0.3692720081588163,0.36819068227684904
TRAIN_1544,0.4348375492819137,0.42053008107458545,0.426759508212773
TRAIN_1545,0.41515755855941716,0.40718914182717675,0.3890078411789826
TRAIN_1546,0.6509995996908786,0.6502076336814088,0.6502626818638509
TRAIN_1547,0.15787014601576427,0.1575256276272421,0.4751194734571776
TRAIN_1548,0.5341890478535852,0.5108579621143896,0.5252728843607503
TRAIN_1549,0.010810837331066914,0.4826561252169865,0.0123226702840461
TRAIN_1550,0.4895571458610279,0.47607167109550347,0.47689685850945024
TRAIN_1551,0.9767188031661587,0.9749811517645106,0.9803662063742435
TRAIN_1552,0.33378094712048956,0.35753929079355384,0.32778394367594177
TRAIN_1553,0.38843223304905067,0.43882385074708585,0.4025162581336737
TRAIN_1554,0.08939434122185141,0.0892610776935947,0.4734832160164317
TRAIN_1555,0.21279938571451817,0.20704819876326663,0.36354872896863494
TRAIN_1556,0.6635629807794442,0.6678783553360135,0.5929807157920858
TRAIN_1557,0.08025529016591959,0.08138321740683346,0.08176075597697552
TRAIN_1558,0.42884284467521677,0.4273000817952016,0.9431579082870101
TRAIN_1559,0.28605913844481456,0.28497669838461814,0.28428374255229555
TRAIN_1560,0.9906500602189707,0.9905707254481658,0.9905132274498021
TRAIN_1561,0.36979949897326175,0.3745158882061802,0.3657772063389739
TRAIN_1562,0.39400922862191645,0.41990279832309635,0.4346441456004218
TRAIN_1563,0.45549795052060993,0.44891430704371527,0.46434477065468394
TRAIN_1564,0.849823438473011,0.8500350419157556,0.8497463479731222
TRAIN_1565,0.5212552565973738,0.522457808510457,0.5042187730325034
TRAIN_1566,0.6102590926674448,0.61055078608623,0.6283200382721352
TRAIN_1567,0.4263082999122115,0.4365897551317859,0.43603087630104803
TRAIN_1568,0.5333911303159732,0.48915954431362224,0.5201607787593521
TRAIN_1569,0.26909845988954917,0.4992426027791794,0.2697628912871056
TRAIN_1570,0.7779793525875807,0.8593836063487797,0.7798636463870473
TRAIN_1571,0.4003743189996445,0.40001947294684864,0.41600026382238453
TRAIN_1572,0.5344239388227311,0.5221296293414424,0.5422202409120102
TRAIN_1573,0.3928747767164979,0.3952253324251551,0.3919730569601142
TRAIN_1574,0.15939908154467425,0.15786665892017748,0.157882924693017
TRAIN_1575,0.7806864803074014,0.7807591097051021,0.7801916697340904
TRAIN_1576,0.45968809406095945,0.42167804423316363,0.45564252222425516
TRAIN_1577,0.5181058554021988,0.5196191822512881,0.5241215178249429
TRAIN_1578,0.5016619227557879,0.495386847919732,0.49687596422186103
TRAIN_1579,0.40022733412647754,0.3427854801969551,0.3283536786031041
TRAIN_1580,0.20527128359817182,0.20432107922139736,0.20688029924473644
TRAIN_1581,0.5675166124853144,0.5822982657299016,0.49292868210234697
TRAIN_1582,0.5668641015926601,0.5677613424270127,0.5675235811902806
TRAIN_1583,0.3478995406384694,0.3675880778946859,0.3776218773427351
TRAIN_1584,0.3832885270580158,0.4116781452870091,0.40895177318347814
TRAIN_1585,0.5836010303088439,0.47093319884414003,0.584859541584129
TRAIN_1586,0.22437552536059807,0.22309474543371915,0.21349382063272054
TRAIN_1587,0.5052862183791851,0.19919631554682365,0.19711607566173467
TRAIN_1588,0.4697651926450722,0.4923925455822083,0.09589722410114115
TRAIN_1589,0.50302868371268,0.5200687965265988,0.5217424455687976
TRAIN_1590,0.4189281602215716,0.4083662698178434,0.41299001892307075
TRAIN_1591,0.2629155325088745,0.26950567660682817,0.2638999326755235
TRAIN_1592,0.2605250520590793,0.2608029606035147,0.2610717599008183
TRAIN_1593,0.5091893065663258,0.4422862621798062,0.4558452583511026
TRAIN_1594,0.5056156427899001,0.4763728501195432,0.5002989913025591
TRAIN_1595,0.5339550699485509,0.3188488901975496,0.3408487883363079
TRAIN_1596,0.011723827086814742,0.4863137861912117,0.014741792695137645
TRAIN_1597,0.25327530126923187,0.25335772311540417,0.25330562843269555
TRAIN_1598,0.5384641699732293,0.5391351884106858,0.5383697181807164
TRAIN_1599,0.5157764498182561,0.2960375138370902,0.5060162083865756
TRAIN_1600,0.4520360835317384,0.4655114335240393,0.4531334743328746
TRAIN_1601,0.4911997991057729,0.5089418543388083,0.4845947323073938
TRAIN_1602,0.4613708088290604,0.4787570913373958,0.46882456433509917
TRAIN_1603,0.5050085901544201,0.5050746831231959,0.2523741168333187
TRAIN_1604,0.5771673276178161,0.5779871093181982,0.5776084310722279
TRAIN_1605,0.3771294729257518,0.3593113319040283,0.3706235448845486
TRAIN_1606,0.5440307816030732,0.5104466749637645,0.5296214168663963
TRAIN_1607,0.7153225093182443,0.7116788752859036,0.7065281716595759
TRAIN_1608,0.35055590573092277,0.35583703500535147,0.3499756225317935
TRAIN_1609,0.43638272680220086,0.4388110875018479,0.44971478016481153
TRAIN_1610,0.47468668557108135,0.41711712753649477,0.4405285156363413
TRAIN_1611,0.5119576629227447,0.5177525329732382,0.5094083516915577
TRAIN_1612,0.4975612437229593,0.49138059706681353,0.49838432537032396
TRAIN_1613,0.7641989807802386,0.7625395786094771,0.7636910969747921
TRAIN_1614,0.21757287728217173,0.21365447209584704,0.22004675610326913
TRAIN_1615,0.4427617091730995,0.419517403985704,0.46004230355432957
TRAIN_1616,0.6259680217019288,0.6310602624802756,0.8035156929237673
TRAIN_1617,0.5443719469347842,0.5525235456268843,0.5408093566106416
TRAIN_1618,0.4090548457871036,0.4294679649213716,0.44368173669048694
TRAIN_1619,0.15872373383655908,0.1589498235032189,0.49544273974072445
TRAIN_1620,0.8085616269517972,0.647200648192683,0.8059617669675245
TRAIN_1621,0.4531163747344828,0.4569529137051675,0.44407969389715773
TRAIN_1622,0.4998046233885688,0.4814361839227088,0.4840933754551684
TRAIN_1623,0.12135048475862859,0.11502173699353391,0.11447588470697695
TRAIN_1624,0.48487390967961164,0.49917581937605865,0.5058243368337348
TRAIN_1625,0.5605042678721576,0.533670297803667,0.48323231142540635
TRAIN_1626,0.711692348154656,0.7050885054758183,0.6169532652704041
TRAIN_1627,0.4385223534385622,0.4296287297829137,0.43613688619220536
TRAIN_1628,0.4663072159130234,0.46208933260835583,0.46995539452385354
TRAIN_1629,0.4855459824843536,0.47507582573816826,0.49279351569182
TRAIN_1630,0.4082060134602228,0.44664938893900286,0.4571935553013025
TRAIN_1631,0.5849312694385742,0.6056507547222667,0.4904068225022255
TRAIN_1632,0.5346160321845458,0.5252399234256252,0.5059475544453906
TRAIN_1633,0.9767875083869232,0.9759513765740988,0.9772883386409627
TRAIN_1634,0.20733576938725312,0.2081390933469729,0.20494652488316117
TRAIN_1635,0.48233052818241673,0.6106046217556849,0.6369970196815817
TRAIN_1636,0.5063649058908383,0.5024530089455829,0.5297930447259144
TRAIN_1637,0.5509381254790527,0.3533910964742225,0.5586518995254438
TRAIN_1638,0.5262267163623283,0.5057771623130082,0.5218272971331793
TRAIN_1639,0.5558491013647501,0.30075015290932827,0.2836142125188853
TRAIN_1640,0.5696438783575237,0.7352057926121611,0.7145130044611012
TRAIN_1641,0.6301913540199964,0.6371962761032899,0.632851840477511
TRAIN_1642,0.5045744291117716,0.5018974327209513,0.5211684723664531
TRAIN_1643,0.4768658924813702,0.4788338538577913,0.4791031394793603
TRAIN_1644,0.14854019359194587,0.18972416410098453,0.19078907119289507
TRAIN_1645,0.7200603722795339,0.47724645091316814,0.4689628203835633
TRAIN_1646,0.8173646681748615,0.8479017388495722,0.851891408628642
TRAIN_1647,0.20087071941315943,0.21243624248124904,0.5001016693615637
TRAIN_1648,0.40803057570655954,0.39304581876024103,0.29097059458987745
TRAIN_1649,0.31344702863495133,0.3137904513912655,0.35018040494674607
TRAIN_1650,0.4907715381049688,0.5890435102129838,0.5889634503220954
TRAIN_1651,0.3886802620260056,0.4216498440984904,0.38577224354946615
TRAIN_1652,0.2747356454282801,0.27300722346317197,0.5684661874122938
TRAIN_1653,0.42266729456913515,0.43868364549381433,0.438771914006956
TRAIN_1654,0.3764511721732215,0.4007859535261605,0.39859164964471316
TRAIN_1655,0.5571433811496698,0.5872599748299533,0.5256777354064647
TRAIN_1656,0.41448728043880906,0.43253996182672727,0.5122012374625075
TRAIN_1657,0.7621162969908493,0.7621251030608758,0.7606640444801608
TRAIN_1658,0.5140506794262285,0.5864822142473589,0.568468995441383
TRAIN_1659,0.5044238362806698,0.502810038363715,0.5609189135124387
TRAIN_1660,0.5016072547879106,0.5017761656940873,0.526004046440003
TRAIN_1661,0.5646182441528842,0.5303575643706078,0.3681951840978942
TRAIN_1662,0.4014891175330389,0.4095709767545489,0.4144130412862296
TRAIN_1663,0.5628089622928716,0.4668700614795445,0.6166169096805972
TRAIN_1664,0.10938857797731133,0.10964596271568006,0.109779992261623
TRAIN_1665,0.609367159485878,0.616653717157995,0.6120672566681014
TRAIN_1666,0.4128218658736847,0.3951342984217807,0.42186242587798817
TRAIN_1667,0.19446450167417778,0.196705388440839,0.1957971118060884
TRAIN_1668,0.5045105029327537,0.532102386188675,0.5273141350104569
TRAIN_1669,0.4647330447006547,0.4881078608343026,0.5074073785691784
TRAIN_1670,0.4824842820007982,0.4339741456640913,0.43675902466505323
TRAIN_1671,0.434764245582673,0.45820873662215283,0.4387371290152098
TRAIN_1672,0.4973560100112992,0.5049207272589016,0.3024251961123947
TRAIN_1673,0.6801109812012172,0.6801669110048961,0.6789122863180245
TRAIN_1674,0.4228251288359274,0.4263962468482672,0.4384142952770474
TRAIN_1675,0.9732297592433437,0.9736283441089604,0.9767132448109016
TRAIN_1676,0.7368394351716054,0.6592796726787139,0.6482412382981061
TRAIN_1677,0.45021060118465395,0.30992391464532293,0.4478657726964751
TRAIN_1678,0.6328714493795341,0.6257809745067104,0.6316740165085971
TRAIN_1679,0.5044917648398042,0.5094954476386353,0.5055846988346082
TRAIN_1680,0.45219440521543863,0.46199564504192425,0.49561705850392107
TRAIN_1681,0.4781751657969065,0.46886417166811745,0.40049074316475886
TRAIN_1682,0.5030105705768896,0.8484629114179736,0.8486538868928999
TRAIN_1683,0.5303631847774322,0.5393802478012576,0.5376423792223387
TRAIN_1684,0.37003039455360337,0.37706663744178853,0.37308720041108806
TRAIN_1685,0.49877990660842325,0.5244882636843554,0.5189724871642205
TRAIN_1686,0.35502389051950134,0.3538365076813118,0.35467711611977193
TRAIN_1687,0.4207254955505483,0.4204146285028646,0.4205442862168724
TRAIN_1688,0.49678047509805306,0.4929958775599789,0.5064470238454994
TRAIN_1689,0.6893807014979358,0.453931976229644,0.6875983629700159
TRAIN_1690,0.35117752892885123,0.3516702166801896,0.460778357725389
TRAIN_1691,0.2234582307866938,0.17924396798045666,0.2077784330861286
TRAIN_1692,0.49665720110826456,0.5163148303568649,0.4925583349310543
TRAIN_1693,0.4158050873028698,0.42349793201443586,0.41796436181471164
TRAIN_1694,0.6253626969671422,0.6265453450671234,0.6262175080961496
TRAIN_1695,0.6335984014665245,0.6329395255244266,0.4998719859688608
TRAIN_1696,0.49176261380237807,0.5201914776131419,0.5339496978653234
TRAIN_1697,0.49800601930839805,0.430807626186183,0.49154704414272576
TRAIN_1698,0.4680213413138707,0.4647859230342395,0.4600181024455329
TRAIN_1699,0.526821776720959,0.5679627378632772,0.5460613860731904
TRAIN_1700,0.5031237838473234,0.505398278917577,0.5077769903860112
TRAIN_1701,0.47024320219156346,0.46797152821251586,0.39186167787922155
TRAIN_1702,0.48650249467760615,0.4708846745580097,0.4805983801002111
TRAIN_1703,0.8299931909109969,0.8299924863706212,0.8299327846268584
TRAIN_1704,0.4920373140433481,0.527302128453603,0.5010937803223835
TRAIN_1705,0.48543440412117433,0.458154174485836,0.49304779058140036
TRAIN_1706,0.5265182314457015,0.3054945449419892,0.31200855371777997
TRAIN_1707,0.4861100210903283,0.08342757358446468,0.0834448118368733
TRAIN_1708,0.4970074702900528,0.49461544735902413,0.48534153177155714
TRAIN_1709,0.12152685866047214,0.1236334725641241,0.12202746488261618
TRAIN_1710,0.8089673364091569,0.8094974860757489,0.526849125218773
TRAIN_1711,0.46318526963458206,0.4414066341735333,0.43158119374604736
TRAIN_1712,0.776767281575339,0.7784452867457907,0.7755851449207716
TRAIN_1713,0.5091367925262756,0.500307965508223,0.48709090032008334
TRAIN_1714,0.45693738893314684,0.45718374261556205,0.4575086704491339
TRAIN_1715,0.5305222382571048,0.5416899362260171,0.5357202434711874
TRAIN_1716,0.1919503640806639,0.46121492923836416,0.2365934286113503
TRAIN_1717,0.9643145808986178,0.960999492321119,0.9648178648641553
TRAIN_1718,0.4914916572442074,0.49038579076429,0.48950071678014095
TRAIN_1719,0.6335149394717737,0.5708497314697949,0.5523020037367938
TRAIN_1720,0.6288891994402499,0.6311925344887648,0.6293967711337478
TRAIN_1721,0.5152250959345601,0.4069658986005358,0.39376630248792305
TRAIN_1722,0.5929122972769459,0.6099786138458139,0.5728151622571281
TRAIN_1723,0.3473949468636529,0.3513977508413675,0.5568899794023346
TRAIN_1724,0.7619175196135899,0.7622528688563321,0.7610432879595015
TRAIN_1725,0.6662556533001113,0.6469073165981324,0.6540413444750823
TRAIN_1726,0.14031104344416728,0.14003482999065192,0.14037352487188237
TRAIN_1727,0.4707278130416435,0.4857209325674475,0.4933342915167484
TRAIN_1728,0.6497455536731709,0.6454562645492822,0.6429160109254458
TRAIN_1729,0.5020144085903947,0.5255546803623398,0.507573938019668
TRAIN_1730,0.5344292520454608,0.5601625147497025,0.538811899851048
TRAIN_1731,0.5071425160228319,0.4983774475584763,0.5314736562738764
TRAIN_1732,0.45126299871680176,0.20011231684277353,0.19566401747762008
TRAIN_1733,0.43371614431721145,0.46512789935349347,0.4580468481730454
TRAIN_1734,0.44536655885650767,0.4863458060559862,0.49676633411104026
TRAIN_1735,0.4850345303944634,0.49079050698129834,0.5098085694364036
TRAIN_1736,0.6812170413688173,0.5617111407174339,0.5487835479532647
TRAIN_1737,0.2578397799335469,0.2589788839849255,0.244857670250251
TRAIN_1738,0.5163816629090344,0.08098991893022667,0.08104962649456715
TRAIN_1739,0.5326440081702837,0.5208295706242286,0.5111084723108938
TRAIN_1740,0.5115637079877551,0.4702773917490223,0.4850653447144594
TRAIN_1741,0.34889128327601426,0.58212730534668,0.33862906941617876
TRAIN_1742,0.3695753185016417,0.37288606310824635,0.3709182364974295
TRAIN_1743,0.7309690267610889,0.7288811462409779,0.7360745968573243
TRAIN_1744,0.4618284350352643,0.40468918201431847,0.3992993360376741
TRAIN_1745,0.4890425655805958,0.5025592785816562,0.4994571313823696
TRAIN_1746,0.47884793362231765,0.6518948004405306,0.6595675281603665
TRAIN_1747,0.490912790763927,0.5073606997627498,0.49835893053756414
TRAIN_1748,0.49108407110040264,0.506564288057859,0.4986921895493115
TRAIN_1749,0.38468476199043067,0.40271840615058746,0.3528840449464272
TRAIN_1750,0.4072610623064668,0.4259111267491516,0.40663438327815243
TRAIN_1751,0.5902506765144614,0.5523582077638611,0.5256029692438856
TRAIN_1752,0.47523239561575614,0.4708895367018759,0.47354951636292075
TRAIN_1753,0.5045512011990656,0.7305698944191144,0.7462720590002787
TRAIN_1754,0.11052034044504727,0.1108113196928216,0.10990279544780518
TRAIN_1755,0.3802024678328797,0.42520446475008206,0.3945331535565406
TRAIN_1756,0.7860882157976607,0.4621979722329985,0.7905133792495975
TRAIN_1757,0.5221490450743587,0.5268162876949799,0.42750378168013003
TRAIN_1758,0.3795675521573435,0.3798520635223407,0.5034770728798249
TRAIN_1759,0.32626781823811635,0.3289717952561846,0.3275242578750764
TRAIN_1760,0.47674819087797843,0.48200123747471796,0.4791493028461723
TRAIN_1761,0.7880300368721211,0.7833864404273363,0.7732463042761202
TRAIN_1762,0.40677778444872686,0.45509241547414725,0.4766775220005481
TRAIN_1763,0.459606375351424,0.49386241781457785,0.5238809714685801
TRAIN_1764,0.5209554465931707,0.5407484750197896,0.5470325381590446
TRAIN_1765,0.4956355482501182,0.280151564304306,0.4997282386592933
TRAIN_1766,0.45861365643053975,0.45596850867064864,0.47039622275095827
TRAIN_1767,0.3737143332305712,0.49262911758817374,0.36728567647761085
TRAIN_1768,0.6310706147874976,0.6139243442413134,0.6380208833958747
TRAIN_1769,0.5684963301628683,0.5720041635385525,0.5693715992353148
TRAIN_1770,0.49240333988482615,0.518469427372997,0.4820055645770023
TRAIN_1771,0.48676000009820536,0.4679118327537541,0.4652855270683983
TRAIN_1772,0.4584262688335306,0.44350789778119337,0.45738334148689624
TRAIN_1773,0.06754251504490011,0.06893921165071237,0.06731722872214851
TRAIN_1774,0.49978859147446875,0.11131107507069221,0.10375564658845232
TRAIN_1775,0.5271821937383054,0.5208313302392027,0.5298065043787797
TRAIN_1776,0.5429279600247079,0.5414008030902154,0.5517775088270946
TRAIN_1777,0.5991049637595328,0.5554918250162443,0.5940826289946236
TRAIN_1778,0.5928958484504846,0.5926232343956872,0.5911560092743027
TRAIN_1779,0.4809541395360047,0.5031690028032799,0.4786730831109845
TRAIN_1780,0.2659071628463989,0.26508315043162745,0.264918364828261
TRAIN_1781,0.6199329974336484,0.6199683537269806,0.5030658770377374
TRAIN_1782,0.45514038195809603,0.4898485162025833,0.5222505702254229
TRAIN_1783,0.6636206592480111,0.6251113230083888,0.665914346185978
TRAIN_1784,0.5075851411309121,0.23282060465319582,0.2320085010441016
TRAIN_1785,0.20791139989647434,0.20103130626288507,0.5111767870089472
TRAIN_1786,0.5475653774248782,0.5397995682927323,0.5400838326042203
TRAIN_1787,0.33663477334208325,0.49507151892716095,0.5084949418438244
TRAIN_1788,0.5060359293473577,0.4953842796613041,0.502201183423384
TRAIN_1789,0.5235223564857255,0.5008133436880708,0.5367644322359523
TRAIN_1790,0.47661472961300416,0.5368576619518985,0.48164589396850455
TRAIN_1791,0.4866903453776687,0.4643428837792049,0.5403016102659729
TRAIN_1792,0.5146206461571743,0.5150446055365919,0.5203308949858969
TRAIN_1793,0.4410675396370959,0.48643410611943694,0.4865281608606618
TRAIN_1794,0.6734503658322161,0.6780405037210082,0.6778335340820751
TRAIN_1795,0.4976840537426093,0.4983799778544883,0.5226817383281154
TRAIN_1796,0.40671750103346566,0.4156344355455759,0.3257817734602262
TRAIN_1797,0.5144318248481528,0.5210350595538565,0.5107183501137887
TRAIN_1798,0.8211546117341646,0.7495504517013301,0.5259058753428093
TRAIN_1799,0.5535267874927512,0.5552677623013923,0.5467043651586504
TRAIN_1800,0.495051110642747,0.47985249372842526,0.48770400851680973
TRAIN_1801,0.4610557055439193,0.5031873575432101,0.5158894127573723
TRAIN_1802,0.530610468165211,0.5601543450587687,0.5187488185683973
TRAIN_1803,0.450371605914828,0.31019842806919684,0.44799751782914854
TRAIN_1804,0.5801778313948269,0.580244240437097,0.5799803872712705
TRAIN_1805,0.5881020053014379,0.5887687940601282,0.5271875360093486
TRAIN_1806,0.4836756154935773,0.6170842043329525,0.48428853437177366
TRAIN_1807,0.5086509544808592,0.50067180377712,0.5209463371938649
TRAIN_1808,0.6026176116195405,0.5985805462600311,0.6014362455441964
TRAIN_1809,0.5326656893120563,0.5355164138935088,0.5294712477386166
TRAIN_1810,0.4473386185810805,0.4465324105589744,0.3535323921652386
TRAIN_1811,0.15374746970765124,0.15536309921318647,0.15392587905229432
TRAIN_1812,0.40273719221877086,0.4004635957902957,0.8172226462154892
TRAIN_1813,0.3749307087555419,0.39768055760704596,0.3991051853673864
TRAIN_1814,0.978464125865088,0.9776955606025245,0.5302228376441258
TRAIN_1815,0.10628567825877694,0.10677583992303019,0.5525425565430995
TRAIN_1816,0.433411631076625,0.4346818389696388,0.4686422560549791
TRAIN_1817,0.40444279599046196,0.4674636732970574,0.5537316641440604
TRAIN_1818,0.01668594278710217,0.016819266813133227,0.02055629106729273
TRAIN_1819,0.4884791940036682,0.4738782977674998,0.5121703262239822
TRAIN_1820,0.4794358306875802,0.5031942893434226,0.5012319133749358
TRAIN_1821,0.2711240349284753,0.18320039315403192,0.22202197479559788
TRAIN_1822,0.18723970464869671,0.1787906236402016,0.18212570722146687
TRAIN_1823,0.4851717817481876,0.19360791262226157,0.19356192848659898
TRAIN_1824,0.46874320300367983,0.4504039284464488,0.4591813160509201
TRAIN_1825,0.5723911064692626,0.3985310250132912,0.5735276129988663
TRAIN_1826,0.5205790035412251,0.5181609375398089,0.5493782726422403
TRAIN_1827,0.626640717350077,0.620581961723437,0.6108328834594339
TRAIN_1828,0.19006954234618184,0.1920764076887016,0.19262170476581675
TRAIN_1829,0.4296309892385146,0.43190739950703794,0.42152813820521123
TRAIN_1830,0.5278105577914706,0.5430046117378844,0.5582729353185192
TRAIN_1831,0.5247302756767693,0.5276069148681559,0.5262253357667902
TRAIN_1832,0.2704699060181561,0.2655880571574305,0.5705527435224467
TRAIN_1833,0.3045607585384056,0.3059005255718785,0.3022103493453785
TRAIN_1834,0.46961661784646513,0.4827723875157336,0.4736717543432505
TRAIN_1835,0.48928309878099857,0.4974230490066545,0.4774523984652118
TRAIN_1836,0.49864502653603765,0.4960447751914698,0.49886013651678285
TRAIN_1837,0.2972263005580775,0.29680036278755484,0.32578052917216144
TRAIN_1838,0.5167902834415627,0.5105399276066207,0.5008048828085846
TRAIN_1839,0.4895808236992419,0.4847914059698624,0.4899758215945701
TRAIN_1840,0.2846648437924397,0.284534178358498,0.28974714603853535
TRAIN_1841,0.30024292973377775,0.29845522462881524,0.29838984155315595
TRAIN_1842,0.12040813669541583,0.12042692517439224,0.4901355382926538
TRAIN_1843,0.2389494691880632,0.47653944470793497,0.33801950775584216
TRAIN_1844,0.49108446993035615,0.48017317779404267,0.49415972475508174
TRAIN_1845,0.4783601762406466,0.48533198548887957,0.4698746435164853
TRAIN_1846,0.37668670375779195,0.3563084247468215,0.3852205529852173
TRAIN_1847,0.5214170820218993,0.5205480736799922,0.5210010351644959
TRAIN_1848,0.514093199126917,0.5124448202222048,0.506314912346571
TRAIN_1849,0.4074096021702802,0.3102195012513163,0.30931440693256085
TRAIN_1850,0.49435627304314017,0.4827402007514889,0.4860418104981802
TRAIN_1851,0.4971240288828448,0.5022646407219002,0.47296999133175105
TRAIN_1852,0.4928451445632021,0.4894311660271615,0.4896169539893271
TRAIN_1853,0.5253337043745973,0.5915232789779161,0.5706528561142099
TRAIN_1854,0.34933793659084866,0.3681842945977047,0.34406355437756153
TRAIN_1855,0.49669103051426405,0.4929555292348038,0.4921706202097717
TRAIN_1856,0.5290443385600039,0.49345074820081364,0.5443951549451927
TRAIN_1857,0.5597673467770603,0.5160600164953096,0.5601023737553713
TRAIN_1858,0.5417179606095675,0.5154576854878918,0.5384483934498243
TRAIN_1859,0.39233828326874537,0.38916163088051886,0.421106436438634
TRAIN_1860,0.5144393448430148,0.5315166695901636,0.5204997263368983
TRAIN_1861,0.5087552180711165,0.5172616989256249,0.5180443898817926
TRAIN_1862,0.24064776859776066,0.46451399513567027,0.24040788322894668
TRAIN_1863,0.25991448574429965,0.2599685215799799,0.4900871340137916
TRAIN_1864,0.33025137044228314,0.5460419175633339,0.3299512183133212
TRAIN_1865,0.24926025686383432,0.24806838899691708,0.24793962749215195
TRAIN_1866,0.5172522968369413,0.499741868258593,0.521365135915709
TRAIN_1867,0.5351661979430894,0.5347559241241909,0.5511625678622221
TRAIN_1868,0.43834774163585233,0.5062064260951514,0.466445427738336
TRAIN_1869,0.43085095690048353,0.48011910249656886,0.42740027039378725
TRAIN_1870,0.4706631630812756,0.4643506460880711,0.44895186872319637
TRAIN_1871,0.47721839721129017,0.48433653910954866,0.48004930275624225
TRAIN_1872,0.49317564750426607,0.5272663578485034,0.5275110889548484
TRAIN_1873,0.431957658877839,0.42721650680154316,0.43126496187837887
TRAIN_1874,0.6213753644306445,0.6355290386104909,0.650289980663847
TRAIN_1875,0.38678348788967476,0.839431168899647,0.3601628478590676
TRAIN_1876,0.4537703705984203,0.46743275875928586,0.40594020056690766
TRAIN_1877,0.5660209204470459,0.5342053986693609,0.48041191440881587
TRAIN_1878,0.5312735818981471,0.5330611816393827,0.5287017170837581
TRAIN_1879,0.644971388748323,0.643632171206143,0.6447106287258741
TRAIN_1880,0.6488642877369901,0.6387440339413236,0.6556199427801028
TRAIN_1881,0.27368171096527016,0.280431687640754,0.28592195103699436
TRAIN_1882,0.3728130096857174,0.35372761888791526,0.3595072903234501
TRAIN_1883,0.3313544887807788,0.32995900492497066,0.3309146595551685
TRAIN_1884,0.4630271827826255,0.4832453961638164,0.5342313616257491
TRAIN_1885,0.5095609649671229,0.48915316056253844,0.45770755072064595
TRAIN_1886,0.5128635732284447,0.5124852302819894,0.5424620376921724
TRAIN_1887,0.38231826525069,0.4586967735612339,0.38071353263356084
TRAIN_1888,0.33627633187554845,0.3359744945785152,0.33619063842382213
TRAIN_1889,0.4306413156592996,0.4054058341985771,0.4369969658461815
TRAIN_1890,0.5321147365946884,0.597601274929166,0.5998969020149207
TRAIN_1891,0.508031780771982,0.5185835510772883,0.5413375346135078
TRAIN_1892,0.11866511771763522,0.11827717520385406,0.11841242429830579
TRAIN_1893,0.8946359093121188,0.895886420542036,0.8950110671522641
TRAIN_1894,0.6301245968673188,0.630016115070575,0.6300178745915379
TRAIN_1895,0.4599657731175028,0.4598188449185445,0.4603750606134521
TRAIN_1896,0.20500027758717676,0.2029401078905934,0.20190115460808994
TRAIN_1897,0.8363070260765417,0.7487691130224268,0.8381612023508479
TRAIN_1898,0.4170970678285305,0.42155845438892914,0.41436860343719295
TRAIN_1899,0.4967409902001831,0.4997523124692345,0.4745243301770995
TRAIN_1900,0.5263811484432973,0.5132769482163438,0.539858094907381
TRAIN_1901,0.5008617943199246,0.4930036095764534,0.49899037832671495
TRAIN_1902,0.4940324080975704,0.5451645548364399,0.47451803787013636
TRAIN_1903,0.4975864212590629,0.49289019673612894,0.49608671886712224
TRAIN_1904,0.4770807454810533,0.5312104782450222,0.4489613189376464
TRAIN_1905,0.6406374112411902,0.6339924484715618,0.6441927462425863
TRAIN_1906,0.4199531372510733,0.4054051174805222,0.44812162783468684
TRAIN_1907,0.3864392398556776,0.42347433116789696,0.5743749020900596
TRAIN_1908,0.610813047086064,0.6099609325007295,0.6110295078100927
TRAIN_1909,0.41909024301380915,0.4251652386394018,0.4304011797927764
TRAIN_1910,0.9039854367412488,0.5411783286834178,0.9036493975566515
TRAIN_1911,0.493057800032709,0.47406709286433296,0.4831083842280815
TRAIN_1912,0.49068906182663113,0.5071577454684963,0.5033348294444874
TRAIN_1913,0.48921655482413073,0.4395624829483924,0.43988860734709123
TRAIN_1914,0.5324797536686551,0.5328824323910122,0.5330565434895624
TRAIN_1915,0.5329115253789964,0.5086924147487228,0.5125228593459683
TRAIN_1916,0.5601837025709825,0.5544676261824416,0.5311162810103837
TRAIN_1917,0.5345775696510431,0.4905692882681441,0.4851875105289419
TRAIN_1918,0.5094721220104458,0.4931393235915737,0.5084032405632569
TRAIN_1919,0.027619936585342064,0.02970616028300077,0.549983723109279
TRAIN_1920,0.6634821206542193,0.505827731043583,0.5022599869207247
TRAIN_1921,0.4560313971581207,0.4941786618997965,0.45712785729284566
TRAIN_1922,0.4667162726939595,0.4534691900094601,0.4592872180163286
TRAIN_1923,0.6771272515414292,0.4233306475061166,0.6804363612228872
TRAIN_1924,0.7311396438698814,0.7300831012916742,0.6237932478714849
TRAIN_1925,0.7101048278724069,0.7095382271624036,0.5241096273702609
TRAIN_1926,0.824398710199759,0.8138095855647189,0.386089024582672
TRAIN_1927,0.39499530684720097,0.43077431913071723,0.483557032695901
TRAIN_1928,0.17085691951551552,0.1709337829836099,0.1702423359728919
TRAIN_1929,0.06452008328468112,0.0638142200730819,0.5977210731732254
TRAIN_1930,0.6003770759056013,0.23867773576488543,0.4643016728058616
TRAIN_1931,0.4907838193410774,0.41408439016354376,0.49287155450935677
TRAIN_1932,0.46450227479204165,0.45959188549542584,0.4648812901250642
TRAIN_1933,0.4942282024801174,0.46046948688941863,0.47350923406024714
TRAIN_1934,0.5190486188601122,0.7267755864091147,0.7087793493989207
TRAIN_1935,0.28425053993782656,0.28391177692411707,0.2834519629076515
TRAIN_1936,0.32656290864666937,0.3415063769265865,0.346616083339745
TRAIN_1937,0.14215173685594984,0.13141465928135193,0.12998578141152645
TRAIN_1938,0.46537985228297035,0.46505480233983093,0.4583705772956847
TRAIN_1939,0.5869769506797582,0.5894839385740088,0.590366717178356
TRAIN_1940,0.46071559661397454,0.4560260291504695,0.46500056520369437
TRAIN_1941,0.7642656090406541,0.7652702268199465,0.763660539349857
TRAIN_1942,0.10912764742921299,0.5207037604283556,0.10784180418453865
TRAIN_1943,0.47340371873739284,0.47956665467738435,0.4810380610086957
TRAIN_1944,0.42186819432695133,0.3965725819350652,0.46969982211815525
TRAIN_1945,0.4751965753155809,0.46904131517394027,0.46486263431041736
TRAIN_1946,0.29897293844183603,0.27537636816694944,0.2627154724010544
TRAIN_1947,0.42081838584088094,0.4760670336502132,0.4130772824455389
TRAIN_1948,0.5199399936893953,0.833464519735541,0.8300604788575264
TRAIN_1949,0.498772766412178,0.4983062013301825,0.4984074721560531
TRAIN_1950,0.4722006468451716,0.47078844372688233,0.4783354558598325
TRAIN_1951,0.5181060630641431,0.5126945389097215,0.44021251671861594
TRAIN_1952,0.019433372211928313,0.02105051136012559,0.01952531087203474
TRAIN_1953,0.16304127422594378,0.16532057284212642,0.16244100835378317
TRAIN_1954,0.5945626780584147,0.5545307741948988,0.5442563946707243
TRAIN_1955,0.5006056937639449,0.49464384158067537,0.5104887030402989
TRAIN_1956,0.9350440372109587,0.936128029220214,0.932463148333827
TRAIN_1957,0.5102071270865653,0.5096943882796003,0.5041571778523688
TRAIN_1958,0.13018033134277207,0.12890910475784267,0.13304691663292928
TRAIN_1959,0.4244068579270488,0.41207402715454183,0.47497596166014416
TRAIN_1960,0.8310186249934068,0.5122683410791744,0.8353584627510596
TRAIN_1961,0.3287968253603667,0.3080344375785806,0.326758150673293
TRAIN_1962,0.6203337606159014,0.5855952220742038,0.6126222679234582
TRAIN_1963,0.48615728801130875,0.4867056371960049,0.461619179777385
TRAIN_1964,0.500465268366617,0.43160655516780194,0.46235998828115105
TRAIN_1965,0.22997155674881592,0.23779882366672705,0.23022095481806365
TRAIN_1966,0.4055450853873612,0.4118089760178199,0.44334273948618386
TRAIN_1967,0.642379832091585,0.6149573347843368,0.5803815568611433
TRAIN_1968,0.45583709669227584,0.4905027889928691,0.373402825226461
TRAIN_1969,0.505367194397387,0.5139795922373782,0.5036612696968605
TRAIN_1970,0.4504355221176559,0.4516851152828736,0.4452744174766587
TRAIN_1971,0.5566411108906381,0.4837828323107961,0.5377264200879456
TRAIN_1972,0.15452762355789218,0.15333593590231737,0.4770727108470924
TRAIN_1973,0.17112719236959534,0.1705400471607984,0.17144100065790518
TRAIN_1974,0.409054899518166,0.4061399083034702,0.45835731756801384
TRAIN_1975,0.5147235079241833,0.514158919731783,0.5138704434383595
TRAIN_1976,0.3569538368194405,0.36117715378650206,0.3766128240272952
TRAIN_1977,0.5422984649694274,0.5178854002214937,0.502351943105739
TRAIN_1978,0.5508289963258216,0.5338517948785997,0.4540982042769739
TRAIN_1979,0.5031377247546396,0.4807062865134294,0.48809593631075016
TRAIN_1980,0.4584545653613234,0.4441480849409978,0.4447865499933168
TRAIN_1981,0.480313856455122,0.4917764928985015,0.5206975611763371
TRAIN_1982,0.349418945702489,0.3893509122692625,0.43583804834353934
TRAIN_1983,0.575823354780307,0.5713445975952375,0.517500168413486
TRAIN_1984,0.56106606347417,0.5477782561445137,0.5601090317079005
TRAIN_1985,0.32087654684992417,0.3340984436337694,0.570257236053559
TRAIN_1986,0.47308404228306145,0.4874791104925931,0.4797114756621489
TRAIN_1987,0.11097103827356858,0.10665184070034178,0.11282039995193616
TRAIN_1988,0.5307475933272346,0.49311608553084435,0.4310634549862187
TRAIN_1989,0.4320371132316442,0.4666481998735176,0.5030076947166223
TRAIN_1990,0.23103417248198382,0.23042367809776332,0.5474498893861324
TRAIN_1991,0.49658586247902803,0.5369182610122016,0.5470256876174271
TRAIN_1992,0.3658896471799763,0.36711458782050327,0.3697729171553019
TRAIN_1993,0.751029452303297,0.6339592861326657,0.7565877950157183
TRAIN_1994,0.7806625216523768,0.7820548900549866,0.7814620725132576
TRAIN_1995,0.5666473127897749,0.5678514792070791,0.567133349628458
TRAIN_1996,0.4819315747854408,0.19092215822177944,0.1902570971063378
TRAIN_1997,0.5121201167536651,0.5076736885583628,0.5107128993794489
TRAIN_1998,0.5189060920909263,0.5201403136505366,0.5200559710668362
TRAIN_1999,0.4967586741501026,0.41591977647902045,0.485526292024542
TRAIN_2000,0.5772240691571745,0.576494396862534,0.5930750573069974
TRAIN_2001,0.3818154164020305,0.46245174052597593,0.3828370675643361
TRAIN_2002,0.8910706038264461,0.8930446453362131,0.8884266080755883
TRAIN_2003,0.5234336780588315,0.5177131928938569,0.5197475206916393
TRAIN_2004,0.6113627877865663,0.6110885102233785,0.609943876075325
TRAIN_2005,0.5303930838158747,0.5113493560415608,0.531860947793943
TRAIN_2006,0.580058830713001,0.5801193899253267,0.5803705981818279
TRAIN_2007,0.46407479436726445,0.49684365146977555,0.45970794051873476
TRAIN_2008,0.39220421392068117,0.40436096976157077,0.4012961133504557
TRAIN_2009,0.21726260023427418,0.21387110555535926,0.21293588355019938
TRAIN_2010,0.5162109031328165,0.4708153849897718,0.5035488090597747
TRAIN_2011,0.6084352624610045,0.6077893213408126,0.6073430090471927
TRAIN_2012,0.5509946180910065,0.5445443698094042,0.5960511316905714
TRAIN_2013,0.5064764983952603,0.4879691605767847,0.48614198331153924
TRAIN_2014,0.180385695911977,0.17982182442933664,0.20111308344640727
TRAIN_2015,0.5140859717671806,0.519550251223955,0.5137280070430466
TRAIN_2016,0.5568825324959487,0.3959603115576533,0.42619068808456884
TRAIN_2017,0.2983311849496306,0.30214111079565364,0.29708435876696243
TRAIN_2018,0.5378964917026628,0.5330099820130549,0.3974900759087177
TRAIN_2019,0.4831851103691901,0.4835737115744167,0.4778797705054951
TRAIN_2020,0.13862171143861407,0.14027511912988005,0.142729993535733
TRAIN_2021,0.591372862019184,0.6044928138892253,0.5907398782616831
TRAIN_2022,0.4621593731073465,0.46191065690171346,0.48493858737035067
TRAIN_2023,0.4636927777367202,0.46216111327158865,0.4530654931016478
TRAIN_2024,0.09823201468454285,0.09835222838093116,0.09897635326686322
TRAIN_2025,0.30409921922121774,0.34705996247268306,0.4271200705224121
TRAIN_2026,0.5349041470694529,0.5245336753285711,0.4855209199314414
TRAIN_2027,0.28876538591804846,0.28949262714636337,0.284975421381497
TRAIN_2028,0.211108030855577,0.21127350824557883,0.21352842443106346
TRAIN_2029,0.26464363336218577,0.4995625199689767,0.27681359907412073
TRAIN_2030,0.5180408186605084,0.0838190600779955,0.0838383043983224
TRAIN_2031,0.5660284995747521,0.5461030303939559,0.5465092554273704
TRAIN_2032,0.5193020189551044,0.5146377903843699,0.5145754284221158
TRAIN_2033,0.7186540867305644,0.7103662143869757,0.6980224375986446
TRAIN_2034,0.6222605967306483,0.6190763603296786,0.6056948121798943
TRAIN_2035,0.8200065784049122,0.8186740382018897,0.8204279577518121
TRAIN_2036,0.7185168754450149,0.499732847005096,0.7152968217143034
TRAIN_2037,0.4935308770114117,0.4921512452802183,0.5001572603628736
TRAIN_2038,0.49975016437003367,0.5115757244559318,0.487042986733864
TRAIN_2039,0.5958460972519171,0.5936461479484061,0.5924671400288375
TRAIN_2040,0.5692599565490938,0.4804978847554815,0.5757919164383832
TRAIN_2041,0.6166389281178417,0.6155294948841936,0.6111803741982332
TRAIN_2042,0.7967801476532976,0.7970687703654902,0.8000499314945464
TRAIN_2043,0.13355360419524065,0.1340253904133254,0.1421964209120662
TRAIN_2044,0.5600996766822472,0.5155404727776874,0.5688397542966613
TRAIN_2045,0.4948293200941589,0.4816966083668395,0.4967120382259781
TRAIN_2046,0.54974546095199,0.5405123511273027,0.544963723791089
TRAIN_2047,0.5354496142293923,0.5384357520680189,0.5377654664543099
TRAIN_2048,0.5252247563686621,0.5253299708844102,0.3938561077223286
TRAIN_2049,0.6335289036141449,0.6297985809021016,0.6417507424410724
TRAIN_2050,0.4536109301782767,0.5391868906352442,0.5288224704427384
TRAIN_2051,0.4480237806395797,0.025752865636461064,0.019621503577563204
TRAIN_2052,0.7954488029145672,0.7957950456072405,0.7959790103929323
TRAIN_2053,0.4834286198310884,0.46652678713615753,0.12342524127598226
TRAIN_2054,0.7309471489153463,0.7317513809465463,0.7103170376419807
TRAIN_2055,0.44903182456483587,0.2332350384875485,0.2375601476894108
TRAIN_2056,0.9659211536923202,0.9660213319133657,0.9661789887266763
TRAIN_2057,0.418378906298233,0.40057737198588106,0.3902822072514265
TRAIN_2058,0.5083332098706896,0.4826532654239501,0.5421283999433452
TRAIN_2059,0.433173075831597,0.8396137278956292,0.8316679971744407
TRAIN_2060,0.5019015866601806,0.5167642093558564,0.5126957438996443
TRAIN_2061,0.7298467330430383,0.7292670681084834,0.7286566506318699
TRAIN_2062,0.6957951002122839,0.6637136972039853,0.6657387670549522
TRAIN_2063,0.7556188096232677,0.7557866089299912,0.7594742188165828
TRAIN_2064,0.47863252843814125,0.4933548204458765,0.5035006296271981
TRAIN_2065,0.9280950432177912,0.9278742579131224,0.9285586831045896
TRAIN_2066,0.2702513090134558,0.2720085638164286,0.2698835820360258
TRAIN_2067,0.4398836345929016,0.36134817007425246,0.3959063264666404
TRAIN_2068,0.6044655460088039,0.604701154550315,0.6053632210391316
TRAIN_2069,0.41691310579590335,0.41470485925053274,0.4073427182969046
TRAIN_2070,0.046232452279494574,0.04046519434626783,0.0460462938841833
TRAIN_2071,0.4864489056119515,0.4800823635380759,0.47537554595477843
TRAIN_2072,0.5342596348669902,0.5348416899081687,0.533992774538038
TRAIN_2073,0.24733055180634794,0.2574062016817408,0.25014056362159115
TRAIN_2074,0.5666573200535365,0.5693669289178985,0.5671384518669174
TRAIN_2075,0.5091607109397076,0.5303466319209738,0.5157112312002425
TRAIN_2076,0.5028302267136606,0.7006023902060139,0.6969320562657917
TRAIN_2077,0.6272892414761823,0.6375352989587335,0.6371257735724876
TRAIN_2078,0.5359553068697063,0.5470822103050628,0.5457091305279913
TRAIN_2079,0.5960499555038937,0.5977499235067116,0.5996294901102974
TRAIN_2080,0.7076827153944321,0.4711895126047343,0.4618426277559601
TRAIN_2081,0.43331867664235746,0.37160403223118044,0.3659560286785371
TRAIN_2082,0.42109845668957835,0.509862775359568,0.5368068185208509
TRAIN_2083,0.7565597387998423,0.7519558533163756,0.7433481558548846
TRAIN_2084,0.474027908286591,0.4406551728042433,0.4698167184105853
TRAIN_2085,0.3430523630220728,0.3339918282066614,0.540808786636041
TRAIN_2086,0.692031669077485,0.7062414298410762,0.4636798431165225
TRAIN_2087,0.5745198259867565,0.2920529282307025,0.31258897293093646
TRAIN_2088,0.4596380481524527,0.45400951762016306,0.4608231924092905
TRAIN_2089,0.5010530430164086,0.4650974302983545,0.48942576126957327
TRAIN_2090,0.2791476839629109,0.2804423874377961,0.27927229625688876
TRAIN_2091,0.5775091526992931,0.5675197310825738,0.5759575448695742
TRAIN_2092,0.5304842646786231,0.5342083960185816,0.5323798688473778
TRAIN_2093,0.020385460059701765,0.51175530502778,0.01995024964007147
TRAIN_2094,0.5139137582338623,0.4757224542732167,0.4847681089070696
TRAIN_2095,0.47430050264791224,0.4722526522156418,0.46532581614437185
TRAIN_2096,0.8568443984739971,0.8590907937671574,0.8542112044871127
TRAIN_2097,0.7641330827313233,0.762185064718493,0.7606590991803999
TRAIN_2098,0.6786228047497649,0.677355351775037,0.6774089848445224
TRAIN_2099,0.6404576041092291,0.6676373490299262,0.6454312639918023
TRAIN_2100,0.6454436929216276,0.6701208268678089,0.5280851949360572
TRAIN_2101,0.515133306185163,0.5223270050919799,0.5285541737594398
TRAIN_2102,0.6747005027046125,0.34819361776828894,0.687500622591125
TRAIN_2103,0.5774216248733077,0.37089814614646643,0.41237674478871617
TRAIN_2104,0.48987977821217776,0.45406744242736957,0.47186368147540825
TRAIN_2105,0.4620693455959331,0.4481127791862902,0.4580153974993323
TRAIN_2106,0.48569266093245383,0.49395893296209903,0.49475171628717723
TRAIN_2107,0.47947105501267984,0.4836097272798502,0.49354770314769986
TRAIN_2108,0.5203503397074445,0.49124439439434125,0.51096171710704
TRAIN_2109,0.8842978096904397,0.8769396906559558,0.8693463209953946
TRAIN_2110,0.5146023830243212,0.5309970832939982,0.4850402180280866
TRAIN_2111,0.37766594910232454,0.3743939693709313,0.38264894112832226
TRAIN_2112,0.10614538199322998,0.11849663749936229,0.1039903494921603
TRAIN_2113,0.5918602107990305,0.5928706457369896,0.5911259929551916
TRAIN_2114,0.38159962935052627,0.40252584755366205,0.41240839961519704
TRAIN_2115,0.750330060410614,0.7503040647470197,0.7500415892358832
TRAIN_2116,0.20127676220795432,0.17059113951886312,0.15077686123622547
TRAIN_2117,0.6958401944393061,0.6974149146026385,0.6974429386702842
TRAIN_2118,0.4764847643865686,0.4602395061965717,0.46246424160184235
TRAIN_2119,0.5735431102271122,0.5662003772168798,0.571005837811477
TRAIN_2120,0.45010654939700573,0.42249242082850397,0.4514468326193066
TRAIN_2121,0.3159679155571075,0.32630065161347144,0.5679416193832039
TRAIN_2122,0.23223167156231406,0.23221975834268682,0.23142812644160993
TRAIN_2123,0.4469333228878217,0.40810489772024705,0.3986909226826587
TRAIN_2124,0.5652565843757394,0.5657412406393586,0.5585588740965746
TRAIN_2125,0.8599615438648306,0.8595463586793132,0.8597580723424084
TRAIN_2126,0.48671301716051907,0.25838207556901094,0.26176006156955867
TRAIN_2127,0.5386852158821269,0.5430056059559846,0.5459278838309899
TRAIN_2128,0.4458132453503471,0.4000680142532135,0.4027636020783023
TRAIN_2129,0.5110536427522062,0.5548200032559243,0.5293647752987136
TRAIN_2130,0.4943573641591606,0.1298353245661954,0.5210894819643942
TRAIN_2131,0.5100712431175104,0.5472584945771428,0.5126160278625647
TRAIN_2132,0.29875170109032523,0.2981286290095114,0.30104393081374076
TRAIN_2133,0.31620913604543877,0.3179031740444655,0.31655077287431077
TRAIN_2134,0.3455335579011644,0.33547646353103183,0.343036138145648
TRAIN_2135,0.3597667879664075,0.5756884764879655,0.3682078354368533
TRAIN_2136,0.4933697957299253,0.5339145347651009,0.5838939847258724
TRAIN_2137,0.46369625235651946,0.46063580425444417,0.45738554024540545
TRAIN_2138,0.4641874113708385,0.30967964108965274,0.3043189282774192
TRAIN_2139,0.48760019398925436,0.48969920960792274,0.4975418872643322
TRAIN_2140,0.5368628394667029,0.4850986287823294,0.5314582060197479
TRAIN_2141,0.5564957557938081,0.5569922300101571,0.5456330975951675
TRAIN_2142,0.46579246508422656,0.4592979750002365,0.47802441434399795
TRAIN_2143,0.4285360188706553,0.3615829595886682,0.712339192766056
TRAIN_2144,0.46718215444703315,0.4674449716597842,0.5138604161561681
TRAIN_2145,0.45245127288756126,0.4392322551722425,0.42355782936964753
TRAIN_2146,0.49801048961082034,0.5090283016087945,0.5006962510285811
TRAIN_2147,0.48071818333530014,0.4594285677073226,0.490068280666822
TRAIN_2148,0.8124637830698292,0.8131654138020252,0.8123984710006551
TRAIN_2149,0.4533716382057632,0.4506047393693138,0.9446641540335613
TRAIN_2150,0.19268766712344326,0.1929305296985685,0.19150308573380653
TRAIN_2151,0.458866536702677,0.7379493823582124,0.7385412432389845
TRAIN_2152,0.48036597020736127,0.4633048707384429,0.485439894699916
TRAIN_2153,0.4667204047545292,0.5470948797125305,0.5266276017331875
TRAIN_2154,0.9899449145383936,0.5720372601739976,0.9875545761862464
TRAIN_2155,0.5298983566343874,0.529779467972041,0.4818937713012494
TRAIN_2156,0.5279894947213143,0.5148647314365234,0.523469801593895
TRAIN_2157,0.5069269079012412,0.5080892206251173,0.4818445495738897
TRAIN_2158,0.5162218419604999,0.5294119410814846,0.5313671581210855
TRAIN_2159,0.5805767506027595,0.5019272988706176,0.50164257213726
TRAIN_2160,0.3207511149309661,0.32751590416831367,0.33253855830183876
TRAIN_2161,0.4929711286947589,0.4925520699468505,0.4786632454496207
TRAIN_2162,0.5098735087018949,0.470933164630638,0.5064585351235704
TRAIN_2163,0.8961274037248689,0.8960751586017116,0.8972733623234007
TRAIN_2164,0.5004729309532588,0.4916224320274521,0.5037431392472137
TRAIN_2165,0.4676348745835434,0.42443787187391036,0.44810950139778216
TRAIN_2166,0.47488538825529597,0.4842164072576297,0.46721301825996603
TRAIN_2167,0.4790844834761258,0.47510765037957026,0.46318061591958387
TRAIN_2168,0.8499393988461137,0.8503701562855058,0.49209950155877746
TRAIN_2169,0.7908810629526868,0.7923509118611318,0.7964821599349339
TRAIN_2170,0.44514674119573594,0.4465461538407157,0.42242807733003634
TRAIN_2171,0.5520109284940911,0.5547487695233666,0.5423562629753637
TRAIN_2172,0.33087186344098185,0.7632176916712472,0.7691423557972752
TRAIN_2173,0.48326339116239897,0.4721177710212014,0.5006090296908275
TRAIN_2174,0.5041667194297714,0.5162117174036748,0.4169748824317348
TRAIN_2175,0.2876783883347137,0.2613147878480462,0.2682725069666962
TRAIN_2176,0.8744948215283617,0.8673372399343284,0.8666389742009888
TRAIN_2177,0.4939330741237132,0.5287197872759603,0.5247697786270309
TRAIN_2178,0.6665269132330881,0.6673627148797074,0.6691072349549038
TRAIN_2179,0.48089686852529745,0.4870335829286543,0.4774695812842408
TRAIN_2180,0.43780665290852677,0.4307847644800888,0.43868291460996006
TRAIN_2181,0.25548344410354773,0.24601149632370517,0.29943728774183387
TRAIN_2182,0.46741527741742567,0.49035288737170296,0.47302142438914163
TRAIN_2183,0.5971203461820507,0.5040427496066826,0.5999724856789947
TRAIN_2184,0.36183832227521384,0.7634322122594801,0.8095165185304389
TRAIN_2185,0.5135022741864099,0.4945168907790229,0.516724875047083
TRAIN_2186,0.3347795912850955,0.34198589533885093,0.3311897136582991
TRAIN_2187,0.49457556247629075,0.4966277470744639,0.5014884166802939
TRAIN_2188,0.5584474569802782,0.6142038430157867,0.5244451239697108
TRAIN_2189,0.9167796954268388,0.4850532514229746,0.9172514514256629
TRAIN_2190,0.5246621292766117,0.5328392331083333,0.532277532757547
TRAIN_2191,0.13063684135308623,0.13115949307597452,0.5026223999187782
TRAIN_2192,0.18455185157920123,0.46250946327303344,0.18171775342646446
TRAIN_2193,0.4916602379434871,0.4278787947574238,0.4297679857445425
TRAIN_2194,0.15370021624189695,0.15365845910585607,0.33448610953610336
TRAIN_2195,0.5317702877153524,0.5400051056976488,0.5464301925361295
TRAIN_2196,0.9034117644168549,0.5747483477269347,0.9065976741175585
TRAIN_2197,0.631950243661211,0.641795181562217,0.6237602659022091
TRAIN_2198,0.37374794320467497,0.374659086531828,0.3750495171116008
TRAIN_2199,0.7890860593445584,0.7856987439387005,0.7888834368908518
TRAIN_2200,0.8233534872694972,0.8213482170781967,0.8232890640365536
TRAIN_2201,0.5231781622942049,0.514463179324444,0.5153633179934582
TRAIN_2202,0.4141032857019536,0.4626541262196807,0.43974877555254815
TRAIN_2203,0.1791344067803739,0.1792722831177157,0.17936085243148364
TRAIN_2204,0.491146119751112,0.45961027246691766,0.45448895515413384
TRAIN_2205,0.5065492623925669,0.49621802217707317,0.49632892918310384
TRAIN_2206,0.6558284320111103,0.6263288988185627,0.43483557638945314
TRAIN_2207,0.5096256745814777,0.5379632860695216,0.5598545455002486
TRAIN_2208,0.4573848645014179,0.4606943330350989,0.4527513479807084
TRAIN_2209,0.5253142640184592,0.49504908614248566,0.47192277001055427
TRAIN_2210,0.5696066136686003,0.5761175305084153,0.5749455468028012
TRAIN_2211,0.7072972135527698,0.7125153107295765,0.7087759435372365
TRAIN_2212,0.1711873210765586,0.16351110633351595,0.08397374378446021
TRAIN_2213,0.5238892012151071,0.5353564155002135,0.5215490465597578
TRAIN_2214,0.7006542308618068,0.47749897738442054,0.47584642962354634
TRAIN_2215,0.4553730568370973,0.447494185367415,0.43521622759055273
TRAIN_2216,0.4920749798889505,0.4899387921358392,0.5028447657121584
TRAIN_2217,0.7528102147045148,0.7508338756620221,0.7502895034637236
TRAIN_2218,0.49162010343069473,0.525650837114212,0.4111618716079992
TRAIN_2219,0.4951516670094848,0.4677943874666803,0.4907634070204928
TRAIN_2220,0.2715604989601153,0.31907038091905937,0.29030752927106707
TRAIN_2221,0.8101927928837,0.8109658455636537,0.5268232557010902
TRAIN_2222,0.5468306877044968,0.5598261600791845,0.5439660052941035
TRAIN_2223,0.4816003994536121,0.5013614337906824,0.4742492792194968
TRAIN_2224,0.5056092585484875,0.5096710557186707,0.5174920520786139
TRAIN_2225,0.4829405137906387,0.4761813207651855,0.4768823450633698
TRAIN_2226,0.06313954304306596,0.503618638048768,0.06337758130844601
TRAIN_2227,0.6096699481824467,0.5119148724784028,0.6102130840180756
TRAIN_2228,0.441705396217323,0.4263342618575561,0.43883498812747657
TRAIN_2229,0.5223393400100131,0.542227366668663,0.5492517275338236
TRAIN_2230,0.3341209508258948,0.33405446561863683,0.3339227320585204
TRAIN_2231,0.4838135434818491,0.463820373075019,0.5016579416122297
TRAIN_2232,0.5333948307524503,0.557005610928281,0.5339249290621063
TRAIN_2233,0.09796927647030396,0.47461732838502896,0.09892359223947916
TRAIN_2234,0.68266539615505,0.6831667303581087,0.6825528279488773
TRAIN_2235,0.4332477052123204,0.4286068116184755,0.4222608731810348
TRAIN_2236,0.5423244349611701,0.5003645212108886,0.5077943123125231
TRAIN_2237,0.46399502575288204,0.4584970966651813,0.4658323873264437
TRAIN_2238,0.6418617029141445,0.5216455857708574,0.6406759717669865
TRAIN_2239,0.46906528826876315,0.483468963158968,0.4700496924944898
TRAIN_2240,0.5340718363152986,0.5136360547634515,0.5384829487180792
TRAIN_2241,0.39262157705348216,0.39313001456402846,0.39328162886510043
TRAIN_2242,0.689970729272549,0.6940963789235683,0.6911707723656022
TRAIN_2243,0.45854853495769327,0.45264840864398087,0.4495646611385526
TRAIN_2244,0.5447418458755965,0.5457623894855013,0.5524468292762198
TRAIN_2245,0.4274512275815998,0.25233778872088386,0.25197015018857244
TRAIN_2246,0.1028006761115442,0.1023779446954074,0.10216540445140909
TRAIN_2247,0.528469967556327,0.5533280603633766,0.5498382598539625
TRAIN_2248,0.8773180683932207,0.8768543661229586,0.8811311055095519
TRAIN_2249,0.4480606407548697,0.14774087511415773,0.14749805593847676
TRAIN_2250,0.4900440573912467,0.4902312733843586,0.4831221727976659
TRAIN_2251,0.49600906780925375,0.30647370926970446,0.3028294443559698
TRAIN_2252,0.35020187243496254,0.35008732558871913,0.4605924443671526
TRAIN_2253,0.4822777144272463,0.5031894286496383,0.4833471622963214
TRAIN_2254,0.6717169782513582,0.6714250590305323,0.682412443053958
TRAIN_2255,0.598440221770786,0.8191198470613535,0.8168875064461252
TRAIN_2256,0.6246636980599348,0.6250128518324208,0.49582629127500705
TRAIN_2257,0.6779157905712376,0.6783754222895471,0.6773554833629133
TRAIN_2258,0.2586150176297989,0.2566547622725833,0.25618382792990313
TRAIN_2259,0.43163495015467807,0.429645282994521,0.4139682261137513
TRAIN_2260,0.35555895417821765,0.3725448860045032,0.3616876968540297
TRAIN_2261,0.46054629505992706,0.4667038305108985,0.4605775643581232
TRAIN_2262,0.5773728533302431,0.5759057315974954,0.5897661006550259
TRAIN_2263,0.11451644924616372,0.1291522641122727,0.11187586704151525
TRAIN_2264,0.28638186042323216,0.4808314246532951,0.28492501523587527
TRAIN_2265,0.46358418340223706,0.5465095900121694,0.5470072469369709
TRAIN_2266,0.508138956216869,0.23390275828329787,0.23023864711945607
TRAIN_2267,0.2358109405712382,0.2522968284256929,0.5098316802061286
TRAIN_2268,0.06986958691428946,0.07962072834983186,0.07433798191080127
TRAIN_2269,0.49174678126074317,0.4351714693218427,0.43381131630310665
TRAIN_2270,0.5069729386124262,0.5130589056583165,0.5197318463569395
TRAIN_2271,0.5807025700779094,0.5728954470007972,0.5932601010166232
TRAIN_2272,0.09552118428391093,0.501433362836234,0.11371144704057701
TRAIN_2273,0.7056685638434901,0.7137821563919462,0.7097320941448984
TRAIN_2274,0.5079192213713487,0.8709617632825718,0.877039777786707
TRAIN_2275,0.0004449566568003327,0.0012024649568297963,0.00023392583079445695
TRAIN_2276,0.5022089883375086,0.6193089523743036,0.6189572621930411
TRAIN_2277,0.6304089238146636,0.4938127489766576,0.6332234518147994
TRAIN_2278,0.2332489126123356,0.23604508469860158,0.23791571272131795
TRAIN_2279,0.6353295402100321,0.6311221476580512,0.6331132736025374
TRAIN_2280,0.4704057665551264,0.45264531107908235,0.4646983806088109
TRAIN_2281,0.4760614309278598,0.48977179530795956,0.4967716119976695
TRAIN_2282,0.3795541157802933,0.41494648893938685,0.4214375798682311
TRAIN_2283,0.5169080353003075,0.4959902633024595,0.4796271880932018
TRAIN_2284,0.030830684544872144,0.02826945846387341,0.02975363649641788
TRAIN_2285,0.4353164769499839,0.42226249368717084,0.4209482600099667
TRAIN_2286,0.43573705743918184,0.46190512888481616,0.44867745520942776
TRAIN_2287,0.5865731636290943,0.4802410546142549,0.5652986191356709
TRAIN_2288,0.6433012402106058,0.5022149914479604,0.6493681634281642
TRAIN_2289,0.3417019721994498,0.31082685441993585,0.3151727335449376
TRAIN_2290,0.6421634422489944,0.6398151324891915,0.6467598753764956
TRAIN_2291,0.9371132354735412,0.9391854985166062,0.9342391747822352
TRAIN_2292,0.7900660072797041,0.7877514044928973,0.7910766345306515
TRAIN_2293,0.5767254660372102,0.5727577438759509,0.5255161074166922
TRAIN_2294,0.4082019390279716,0.35184412080251615,0.3400655457130009
TRAIN_2295,0.3840969895482425,0.4693937203352637,0.39005771066677736
TRAIN_2296,0.37812449075082527,0.3717979179725028,0.3674544401675168
TRAIN_2297,0.6715219862734509,0.6671505185668564,0.6735831344452763
TRAIN_2298,0.4110981477315331,0.4031439550272573,0.43630246371918024
TRAIN_2299,0.4950564650903076,0.4662018021733987,0.356425726014495
TRAIN_2300,0.5990696845895889,0.6143477307470766,0.596739222528906
TRAIN_2301,0.88326056917413,0.4635145917038714,0.8826809973726097
TRAIN_2302,0.7003331171020686,0.5301649574532469,0.6960114116088052
TRAIN_2303,0.3112096705628665,0.2899966094951676,0.3340211068355685
TRAIN_2304,0.6108942641289608,0.6063283141790935,0.5038465589143291
TRAIN_2305,0.5623611204882624,0.4688917808718673,0.6192878919932002
TRAIN_2306,0.5629389062260067,0.5198753449619943,0.5743022419204062
TRAIN_2307,0.7080838305654613,0.7082839021403302,0.5048057714497889
TRAIN_2308,0.6133614890932946,0.5886597495004433,0.5846860708316483
TRAIN_2309,0.5413893417100922,0.4357199239171152,0.45379466651736133
TRAIN_2310,0.4927486192614807,0.798432858115961,0.7982712095636222
TRAIN_2311,0.5639386837464271,0.5610761341025515,0.5657500851154234
TRAIN_2312,0.39294435961598795,0.4806767439559851,0.3770768003275699
TRAIN_2313,0.5974455716490451,0.5950796946220583,0.5994276388728712
TRAIN_2314,0.521962916189938,0.570167267246068,0.5238026550485649
TRAIN_2315,0.4995049431521486,0.5059955923734001,0.4927570164253292
TRAIN_2316,0.3246466616596646,0.3040525825207704,0.34185196597864387
TRAIN_2317,0.529525543444862,0.5241735908055518,0.5143524123960216
TRAIN_2318,0.7295124728023745,0.5063838524752038,0.7248380883622705
TRAIN_2319,0.485915695621408,0.0773523922613058,0.0770903964818509
TRAIN_2320,0.46204785909300056,0.41989903385322186,0.4249641621659701
TRAIN_2321,0.4673244460717741,0.4775373463470189,0.49288248314003846
TRAIN_2322,0.3426956663328028,0.3397827302977887,0.41185849247730166
TRAIN_2323,0.4979472977187477,0.22570588466302216,0.22682743916565906
TRAIN_2324,0.47362802374776647,0.46125131768587524,0.5307951043058073
TRAIN_2325,0.537094463724264,0.5582689735409949,0.5556577994249441
TRAIN_2326,0.472808316205353,0.46696449218328456,0.4738642848940001
TRAIN_2327,0.2660826826869031,0.2566174574328588,0.2689067130457947
TRAIN_2328,0.44863294246376334,0.44580967673600824,0.9304183672463365
TRAIN_2329,0.5251690348556861,0.5099313436865706,0.5051835617316366
TRAIN_2330,0.2611812066746029,0.2618194175246524,0.25901414239437365
TRAIN_2331,0.39360789035152716,0.4115609730493984,0.41985508617301187
TRAIN_2332,0.4816544911586153,0.47943818697744284,0.4855113410698662
TRAIN_2333,0.4250681785546005,0.4195290815145428,0.4416940794690686
TRAIN_2334,0.4999505170730828,0.4867610675491597,0.5068260715763588
TRAIN_2335,0.9340762696468139,0.9339286393624149,0.92845642092931
TRAIN_2336,0.4389584828704627,0.487213048254613,0.4365174366845777
TRAIN_2337,0.6149181981793688,0.6045840485993274,0.42917532178055423
TRAIN_2338,0.5070529441642042,0.5501773166875279,0.47088517455069856
TRAIN_2339,0.4405530880356087,0.41318826573748363,0.4591195043211389
TRAIN_2340,0.5492608342061548,0.5538056589657037,0.5387093955716552
TRAIN_2341,0.45705456209785783,0.49797789650002433,0.47537639443164253
TRAIN_2342,0.4730288182394089,0.4663336331550166,0.4731973368787593
TRAIN_2343,0.5242315624056437,0.5415663380653787,0.5621765672969703
TRAIN_2344,0.06158230281207544,0.06148903261280697,0.06211019071630802
TRAIN_2345,0.5290140766680943,0.5234570488757123,0.5370226158138901
TRAIN_2346,0.40397641922054256,0.4018796673649957,0.8226185209534759
TRAIN_2347,0.46968471142880047,0.4878689890020728,0.4772973394807075
TRAIN_2348,0.5701258984580657,0.5756414187371779,0.5855908676206922
TRAIN_2349,0.5759469975583862,0.6104608769338674,0.6152863652550786
TRAIN_2350,0.6399214114967847,0.640896795046719,0.6412063399033204
TRAIN_2351,0.5154529509100008,0.5322112454397386,0.5017457370661569
TRAIN_2352,0.18832839941485624,0.18782996228658577,0.5121602492538303
TRAIN_2353,0.4627471934216849,0.48174590777897713,0.46022793446333565
TRAIN_2354,0.5227055102702368,0.5417937317054627,0.481168977565176
TRAIN_2355,0.26047060984486115,0.2595350760447954,0.26237993791054076
TRAIN_2356,0.16170641454043472,0.16785298332643267,0.15886228760544574
TRAIN_2357,0.5085856188336512,0.5120944588236161,0.49761495409774187
TRAIN_2358,0.4601977341017037,0.46597836903260104,0.46050259476217503
TRAIN_2359,0.7183643321453077,0.7265254588699467,0.4480745309818478
TRAIN_2360,0.2908881688928584,0.2913181336855656,0.2908135591285842
TRAIN_2361,0.39727301546631233,0.4014959322092808,0.338284087814923
TRAIN_2362,0.49192442112498874,0.4905763739198085,0.5065851302973331
TRAIN_2363,0.470815483515206,0.47233863109701446,0.47276136345998715
TRAIN_2364,0.4329425148484774,0.43674754319956993,0.44122531255595193
TRAIN_2365,0.41035023093654244,0.4103772935149099,0.4105480367626111
TRAIN_2366,0.5825519173030191,0.45970469727298313,0.45917405276505846
TRAIN_2367,0.4680568611243898,0.384518048593965,0.39330008494050467
TRAIN_2368,0.4436379061672241,0.45468242359222466,0.4861189856803875
TRAIN_2369,0.8885512830645463,0.8882763186414235,0.8880519213257556
TRAIN_2370,0.49883991302200864,0.22768501660882878,0.22809396868962528
TRAIN_2371,0.47760406353102924,0.4801795352150281,0.47252261837685583
TRAIN_2372,0.5982075428131881,0.5758609525554722,0.5539068573268623
TRAIN_2373,0.45693846652653247,0.566939394214592,0.5608629062600629
TRAIN_2374,0.49584438125753283,0.49098440693952705,0.49690859985863733
TRAIN_2375,0.4835186134979574,0.4607745842497033,0.41950312724839145
TRAIN_2376,0.5959481149434963,0.5921865203765677,0.5980753610770896
TRAIN_2377,0.7879382919528021,0.7871705723121445,0.7785979489762558
TRAIN_2378,0.32463352203850515,0.3347305636216009,0.32981841636785997
TRAIN_2379,0.4149080459041171,0.4022007658421199,0.4382021186483194
TRAIN_2380,0.47042557933613216,0.4886286124033388,0.5036951400227007
TRAIN_2381,0.4731124315153131,0.45513586327958666,0.47067130618573727
TRAIN_2382,0.7692970674543371,0.7684512868715948,0.7682363047619183
TRAIN_2383,0.3900660950598202,0.42418308485332923,0.3868585908416934
TRAIN_2384,0.4943561548215686,0.4937578756500776,0.49185370973531195
TRAIN_2385,0.5225202261677362,0.5051930277865272,0.5137272451729289
TRAIN_2386,0.4679483597046888,0.47334602879364296,0.449793557638201
TRAIN_2387,0.42884385703014266,0.4552427837744246,0.4405866291128049
TRAIN_2388,0.6602928401669904,0.6603852342462029,0.5000862177063647
TRAIN_2389,0.49370272420266087,0.484496389706229,0.4948355345058837
TRAIN_2390,0.6699952960846352,0.6693157535528587,0.6697065221006244
TRAIN_2391,0.9297440584030847,0.4909046041698705,0.9218547322400077
TRAIN_2392,0.8427948196775517,0.8553663336527395,0.8748039824693684
TRAIN_2393,0.362721915242136,0.38595532278152533,0.3750205123681695
TRAIN_2394,0.45530890787307565,0.48132736719271335,0.4500281778766711
TRAIN_2395,0.4448439396201904,0.4954427240741432,0.3911074576445231
TRAIN_2396,0.6655030782816788,0.4420166800547202,0.6746087351007952
TRAIN_2397,0.7980295836405004,0.7989633931439866,0.7983890268414717
TRAIN_2398,0.5437932326621983,0.24814676404535474,0.22133426542729417
TRAIN_2399,0.5906754151453328,0.5905405422120233,0.4923893159966618
TRAIN_2400,0.4696147028978932,0.470324871752674,0.4687434673756023
TRAIN_2401,0.5496269873040451,0.5627500295930177,0.5796960629333499
TRAIN_2402,0.4099448408789144,0.44449870472987874,0.40317212774586825
TRAIN_2403,0.7994227288816729,0.8005928338784731,0.7996665188190557
TRAIN_2404,0.5023238565607292,0.48568496090912894,0.4810334382198123
TRAIN_2405,0.5281319160154447,0.5093447040147457,0.5315069252284541
TRAIN_2406,0.2609162939351118,0.2605568608980343,0.49017964233952865
TRAIN_2407,0.5277346237309566,0.5160738431929033,0.5337110347431625
TRAIN_2408,0.0,4.8951825192045106e-05,1.137823755992251e-06
TRAIN_2409,0.39956188554356953,0.4008665810291432,0.40151229563631663
TRAIN_2410,0.27949393083052987,0.28007398331493866,0.2804923543143691
TRAIN_2411,0.4675221539074713,0.47409124299492883,0.44613282268097554
TRAIN_2412,0.3101522635768035,0.4524074246113542,0.3101109267058878
TRAIN_2413,0.4783228725855747,0.4884685174319598,0.4886403058945639
TRAIN_2414,0.5099279192124826,0.5098996944514419,0.5079164591324924
TRAIN_2415,0.54990856996961,0.5286659394936761,0.5509364891220075
TRAIN_2416,0.5695542376642758,0.5663888543850446,0.5463614454460378
TRAIN_2417,0.9076945843873592,0.9078129034873977,0.9080015255818811
TRAIN_2418,0.5553239477565379,0.5068781402068181,0.5443746443715539
TRAIN_2419,0.5117908035095173,0.5043067593935379,0.507145838443721
TRAIN_2420,0.5455548550516064,0.5305622107654033,0.5301581646058233
TRAIN_2421,0.43994533457496693,0.48664457136810274,0.49604797443667
TRAIN_2422,0.9033143582372416,0.9010709969323762,0.9004444522121673
TRAIN_2423,0.5067485710780675,0.5141440387158173,0.5103667085263488
TRAIN_2424,0.44693320051486,0.4501445053484184,0.4487891025528183
TRAIN_2425,0.40067467482798447,0.4001050615886044,0.40099309459201526
TRAIN_2426,0.2813079035785464,0.4683281561536189,0.3519537973932828
TRAIN_2427,0.3928992052048954,0.3706542825389023,0.3964654910166369
TRAIN_2428,0.8399427284107762,0.8389766394799933,0.840232358573914
TRAIN_2429,0.5085958983543172,0.5110687655179762,0.5077452224380219
TRAIN_2430,0.4968767011501773,0.4976694978557677,0.5239617594501205
TRAIN_2431,0.47210823877458885,0.4713446305403215,0.5147875085971431
TRAIN_2432,0.38324064231838034,0.3888230606802285,0.38558131629214004
TRAIN_2433,0.48438876041690904,0.4553224232800561,0.45440152630118014
TRAIN_2434,0.5219979164601897,0.5257610321259497,0.5185547456934856
TRAIN_2435,0.5841088062325451,0.589180813003807,0.5027526808373975
TRAIN_2436,0.4111421925079347,0.44174546785826213,0.4440554039916301
TRAIN_2437,0.45724137290286004,0.5330888142432865,0.5356708344428787
TRAIN_2438,0.46401149027579514,0.30729298817873046,0.304057463055586
TRAIN_2439,0.6924452746458786,0.6977933623833362,0.6910651812004505
TRAIN_2440,0.4889064625742331,0.4363814932829068,0.4844535617606004
TRAIN_2441,0.7112115354653027,0.7210832664854258,0.7218266296120623
TRAIN_2442,0.5173814198192856,0.5119325877740178,0.5135502990860681
TRAIN_2443,0.5243351195466867,0.514441560248529,0.5048567165873147
TRAIN_2444,0.5271159282305783,0.7576050753492432,0.756196678601318
TRAIN_2445,0.46481561036857166,0.4823758896424988,0.4574757557501735
TRAIN_2446,0.48491427060379044,0.47977181825856224,0.4732295688651179
TRAIN_2447,0.4417462326040446,0.4186565793907542,0.45214560884397204
TRAIN_2448,0.1246127787843655,0.12289784247946439,0.12255952881866727
TRAIN_2449,0.5124794579937073,0.5066191361821107,0.4113189233811798
TRAIN_2450,0.46164197555514824,0.4812326522059593,0.42961757043728627
TRAIN_2451,0.36346056999768395,0.4654634779607232,0.5167479581486859
TRAIN_2452,0.49044689913217615,0.5041255734427302,0.5020002051820157
TRAIN_2453,0.505094524224427,0.26050923896851336,0.2604978973951523
TRAIN_2454,0.4879064857903043,0.5347697005245166,0.5160008267756826
TRAIN_2455,0.8499858491516648,0.8499248031666087,0.49209950155877746
TRAIN_2456,0.275060813680282,0.5916389983337269,0.5935142221262916
TRAIN_2457,0.9564995382703259,0.9561877894645745,0.9559996022626663
TRAIN_2458,0.510922419349443,0.5021336822352261,0.46852243671397814
TRAIN_2459,0.40764287871662863,0.41117252615216154,0.40875756806017943
TRAIN_2460,0.6269717980890808,0.22132893959560873,0.5339145764278883
TRAIN_2461,0.3728997169961301,0.3816453848405721,0.37354191881753096
TRAIN_2462,0.625847504905276,0.6343288350749698,0.5887314924730384
TRAIN_2463,0.42541847581474207,0.41852854746785756,0.44456823133613016
TRAIN_2464,0.5478536061297489,0.5359552720356345,0.5614352823303674
TRAIN_2465,0.9705148452234846,0.9692857647983517,0.9674572276314397
TRAIN_2466,0.47679892808125035,0.6716671179780631,0.4755804201521928
TRAIN_2467,0.5259549116887069,0.5310711972554064,0.5277986769589861
TRAIN_2468,0.4585634803959592,0.44902941383106687,0.4612925505518297
TRAIN_2469,0.7480727305267759,0.7476473980424369,0.7481696274709136
TRAIN_2470,0.47113644258861137,0.46853714018404163,0.46908256533145093
TRAIN_2471,0.43178044517265946,0.3947556025021,0.4273997947463102
TRAIN_2472,0.4928222716531839,0.5305402353515948,0.4964159467149618
TRAIN_2473,0.12496430378885731,0.12259695608292459,0.12165224262464125
TRAIN_2474,0.4374126481813243,0.46027457444370445,0.4466475113884536
TRAIN_2475,0.2749646103348393,0.27368176925042526,0.265952075878275
TRAIN_2476,0.4800923241744405,0.4721308126747248,0.47683102185093
TRAIN_2477,0.47721095565075305,0.5117862589669105,0.5104877931711129
TRAIN_2478,0.5343595062954961,0.5258767399557998,0.538212762622273
TRAIN_2479,0.19037010314176606,0.19167796220584593,0.18806421150163555
TRAIN_2480,0.5509478555161713,0.5509331622296373,0.5609544048079295
TRAIN_2481,0.4587637055490785,0.4511017336341854,0.469088812767614
TRAIN_2482,0.45219458022558057,0.44971267681899274,0.4582412623031841
TRAIN_2483,0.5029246537770945,0.5002451553863525,0.5040634636230263
TRAIN_2484,0.537703729823804,0.5447219888307314,0.5349148800394031
TRAIN_2485,0.4420388254676413,0.7532750904753166,0.761840725902333
TRAIN_2486,0.4543684064057227,0.04042714162009653,0.03112752744140046
TRAIN_2487,0.3819826241263824,0.412293359482378,0.4129501024901946
TRAIN_2488,0.5040394300138454,0.4918537666899358,0.4948470055330491
TRAIN_2489,0.580503603261744,0.5774596950140081,0.5706378800675996
TRAIN_2490,0.5047555252278144,0.49959724555816026,0.5088651988476294
TRAIN_2491,0.48961640396095485,0.44719191246774004,0.43800149961773577
TRAIN_2492,0.1372003784587733,0.13626877960940625,0.1474217187557253
TRAIN_2493,0.4091167575496021,0.4054196185678904,0.4194817239977505
TRAIN_2494,0.5036313589556315,0.027105044758135577,0.024981983119931883
TRAIN_2495,0.5419038022756101,0.5011096383967624,0.5056667741997982
TRAIN_2496,0.6268526706176286,0.47411078619134156,0.4994543039129485
TRAIN_2497,0.4896575193612356,0.49580152837031505,0.4906059804691265
TRAIN_2498,0.45870571616624667,0.23104245898620135,0.22910321730179795
TRAIN_2499,0.48038813823674253,0.19105080208745928,0.1826295985514963
TRAIN_2500,0.957726250485698,0.5170340131388499,0.9587200658455297
TRAIN_2501,0.2908756608238773,0.38957906079480886,0.2679324816263067
TRAIN_2502,0.4802736945406991,0.48976769407089843,0.4835957962216519
TRAIN_2503,0.8426521603976367,0.4455000839276145,0.8420237635343147
TRAIN_2504,0.1152650313255773,0.12230457622801183,0.4073665815428694
TRAIN_2505,0.5520667664181996,0.5754843945134648,0.5906093783588432
TRAIN_2506,0.3351711654237197,0.5077736058541495,0.45535548501777956
TRAIN_2507,0.20348755873808072,0.20053208955141072,0.19600092115319145
TRAIN_2508,0.3554885163936542,0.36504112088488067,0.356020754861761
TRAIN_2509,0.40710245080520624,0.5183765589814157,0.4212718429718374
TRAIN_2510,0.6019973146691201,0.6055593990708192,0.5835142864524311
TRAIN_2511,0.5226721825246176,0.5221339945718855,0.4836078238554969
TRAIN_2512,0.42961580493229623,0.16106433812522913,0.16037956107657975
TRAIN_2513,0.5119980213218723,0.48125072347245945,0.4555232805310662
TRAIN_2514,0.7316948041823381,0.7263181582696188,0.7292035166448625
TRAIN_2515,0.48520986421554585,0.4773666338882652,0.4787611623316403
TRAIN_2516,0.5654336500572434,0.5016145288096316,0.5515660975907397
TRAIN_2517,0.5181573674314699,0.5180075648290676,0.5176384521191856
TRAIN_2518,0.5087522054584415,0.5352379583798667,0.5393563454650644
TRAIN_2519,0.2393962894202198,0.2331441208143491,0.2317230562944278
TRAIN_2520,0.4768005041254231,0.44775578267294946,0.4495444403185082
TRAIN_2521,0.4516528796985094,0.48051705455469174,0.46420190167235187
TRAIN_2522,0.33615840270420827,0.34162290201379963,0.3410516881241792
TRAIN_2523,0.541758817055316,0.5113193120873548,0.5328993694542179
TRAIN_2524,0.2699750794388409,0.2806192320706937,0.2567341261408704
TRAIN_2525,0.48521251456483455,0.6706449642587452,0.48631473476456744
TRAIN_2526,0.4559525554552345,0.439036817540671,0.4667880810836791
TRAIN_2527,0.8594970741894752,0.8601527350184939,0.8604090554979307
TRAIN_2528,0.4775601510952169,0.47247466194019044,0.47945275270403837
TRAIN_2529,0.4894250913031857,0.4807911013760823,0.48251824182290676
TRAIN_2530,0.4843614697201259,0.471305085736338,0.4968657943934017
TRAIN_2531,0.4509395231506532,0.42715198331980275,0.49260239837532416
TRAIN_2532,0.5056386591828832,0.4430172871481981,0.46824571936777354
TRAIN_2533,0.5544221138322226,0.5424373454085606,0.5237861325132459
TRAIN_2534,0.4552178848181042,0.6423528944091375,0.42536147515897854
TRAIN_2535,0.33353238822764375,0.3271345764527074,0.3283659168468007
TRAIN_2536,0.5019117478509733,0.5049855575493282,0.49080362059212074
TRAIN_2537,0.8508735123177984,0.8514580094527778,0.8510927610160224
TRAIN_2538,0.26498796404382663,0.26228817093591894,0.26509449244222205
TRAIN_2539,0.4827933415170653,0.47545364557287245,0.4739918503364201
TRAIN_2540,0.49972381404140254,0.5243703497438251,0.49009401049604007
TRAIN_2541,0.6634466440290568,0.6651454828158362,0.5056898065149662
TRAIN_2542,0.5994789041976712,0.6174884533424478,0.5958494717486331
TRAIN_2543,0.5185058054577015,0.47655896166750933,0.5348425479351109
TRAIN_2544,0.4961818363316515,0.4838893222863092,0.4841937790986257
TRAIN_2545,0.46776428756926475,0.07397977128484251,0.07086461309892922
TRAIN_2546,0.4989607618456582,0.5617200279208594,0.5360631929543446
TRAIN_2547,0.5175168459509761,0.8926808830333927,0.8938146105824276
TRAIN_2548,0.4827083107490327,0.4652048247890074,0.4804705737705995
TRAIN_2549,0.10224131947189213,0.50914318808176,0.5086522826198543
TRAIN_2550,0.5973809426387218,0.5059964623161508,0.5980912186261921
TRAIN_2551,0.9700393788289075,0.9698885734126563,0.9696903544168871
TRAIN_2552,0.5142844335368651,0.41031179593456546,0.49320062905664136
TRAIN_2553,0.5061106418389535,0.503157660679577,0.5097693411120695
TRAIN_2554,0.43419534157821077,0.40272109317402316,0.4370682669913149
TRAIN_2555,0.5399710329492875,0.5323700708322676,0.542030232587666
TRAIN_2556,0.43818709072485007,0.37594826506698864,0.4275637297321552
TRAIN_2557,0.5016368181819605,0.15046785562430637,0.15020038792782187
TRAIN_2558,0.3265843111781733,0.34201388132418176,0.3391112037489433
TRAIN_2559,0.0008008934872272278,0.0007675133110207621,0.0015069131741000663
TRAIN_2560,0.536494509289896,0.46108745720758754,0.4675183140705949
TRAIN_2561,0.45733059931182074,0.4540595536931391,0.49215951595243734
TRAIN_2562,0.5431681986511455,0.5296337180596643,0.6270260633881877
TRAIN_2563,0.4808057113232124,0.807830692702826,0.4838985122833348
TRAIN_2564,0.5273694174332262,0.5479626023166742,0.49806608612971043
TRAIN_2565,0.17383342895293347,0.15881067285274575,0.3492790195133575
TRAIN_2566,0.4390830625454803,0.24120796310205894,0.2517827647364167
TRAIN_2567,0.6497235086177967,0.6490780097179428,0.6688258782292515
TRAIN_2568,0.4949506044743389,0.5028071359963773,0.5082845244878336
TRAIN_2569,0.45204279964738336,0.4500639870229558,0.4453619964570019
TRAIN_2570,0.348529815337571,0.34949866420197284,0.34259311846894946
TRAIN_2571,0.7986776663944061,0.7974578251073186,0.7976087130963552
TRAIN_2572,0.8285146487344974,0.46494369171949523,0.8476992728813181
TRAIN_2573,0.45043298529968917,0.46177182295919095,0.46734526812581423
TRAIN_2574,0.9593829519284491,0.9597824128928545,0.9585221351997806
TRAIN_2575,0.4730830394995768,0.4740306236379439,0.4819132107609643
TRAIN_2576,0.761334017899583,0.48798170744776587,0.7617095890781219
TRAIN_2577,0.49700056634973117,0.43378582674773036,0.4156284792517182
TRAIN_2578,0.19300020448770216,0.1486841272838792,0.31151717860649697
TRAIN_2579,0.37966692471491603,0.37351307969307307,0.48980218414489174
TRAIN_2580,0.22195315569063728,0.21741360912164592,0.49250416705078803
TRAIN_2581,0.5071405798329943,0.5334757871790979,0.5013167933660456
TRAIN_2582,0.49100417862524737,0.5104727424179364,0.4897673874168519
TRAIN_2583,0.3100603471086807,0.45232703949937947,0.309954451990362
TRAIN_2584,0.5173321882064279,0.5358966050586178,0.5059413027229045
TRAIN_2585,0.4523056646031938,0.47080704554921493,0.45425073541779154
TRAIN_2586,0.8026214104872419,0.7978539225751593,0.3604176303403149
TRAIN_2587,0.5765653748619184,0.42521747182109604,0.5833131690830147
TRAIN_2588,0.8368203351790466,0.4428843570422924,0.8367444522235167
TRAIN_2589,0.4490877890870108,0.4234198219516532,0.4476087994980815
TRAIN_2590,0.5767126818247649,0.4946449215664004,0.5375012108262393
TRAIN_2591,0.5161441089300602,0.1003612182062022,0.1003288313477938
TRAIN_2592,0.4694052893703759,0.4501113528267641,0.45091702096218955
TRAIN_2593,0.4386302580252788,0.5509990725427871,0.5645444187002331
TRAIN_2594,0.23594551797204677,0.2401597601972813,0.22413056309165474
TRAIN_2595,0.522579622788378,0.5256273501084291,0.5338564650382925
TRAIN_2596,0.6511727789519893,0.6514471907367065,0.6655972232350558
TRAIN_2597,0.5125390129301167,0.5251429533857429,0.50757616294001
TRAIN_2598,0.5868811234845158,0.5610028040168453,0.6185847301133031
TRAIN_2599,0.6813085644505681,0.6918147510268803,0.6894012548351272
TRAIN_2600,0.6158764316744458,0.6216268663601109,0.6245923795553814
TRAIN_2601,0.2107799602841942,0.21169460002323676,0.21184208949763994
TRAIN_2602,0.4931226109151363,0.48801043476561085,0.4789621662213754
TRAIN_2603,0.5209787665114364,0.5027043747174992,0.5253939631127399
TRAIN_2604,0.3923745322551817,0.3923033273359694,0.39008741325778634
TRAIN_2605,0.5191072041038558,0.722004821477843,0.7117094415910745
TRAIN_2606,0.4909878935188775,0.49514626284115154,0.5333520339788408
TRAIN_2607,0.9447150211849685,0.9438279947061889,0.9441715831544965
TRAIN_2608,0.49041601131304424,0.39778526473501696,0.3952858634391275
TRAIN_2609,0.49973005919607294,0.5416520249539715,0.5292523487349055
TRAIN_2610,0.22432215094731572,0.22558387915134365,0.22485357279881785
TRAIN_2611,0.7722274951745213,0.7523229400294517,0.7717128157231452
TRAIN_2612,0.4573476158070347,0.48006125133349054,0.4701347310612903
TRAIN_2613,0.48770277707174514,0.49337462347090016,0.49579171201557637
TRAIN_2614,0.47086903589795887,0.5944705259171812,0.42678918101697505
TRAIN_2615,0.2702295937689464,0.2611084934888432,0.2621352898666931
TRAIN_2616,0.5172652633543748,0.5888528628828382,0.5304921175668069
TRAIN_2617,0.503517695897767,0.5134175854361884,0.5134917845716108
TRAIN_2618,0.41559400969410687,0.40752651926750494,0.46089202595068834
TRAIN_2619,0.7920225366259166,0.7922758027182215,0.7926097663717045
TRAIN_2620,0.008110786236188383,0.002119356301672204,0.002382347453252942
TRAIN_2621,0.5887629468631688,0.5788222663026693,0.5824711270554854
TRAIN_2622,0.5852893919488156,0.5858649082861068,0.5980888162676553
TRAIN_2623,0.1802053929192764,0.1803704251474103,0.18019598083945443
TRAIN_2624,0.6197337947533035,0.6194609681133195,0.5030087465148425
TRAIN_2625,0.6563879757223586,0.6438344779529167,0.6481068061962394
TRAIN_2626,0.6306253355579547,0.6223951446147107,0.625920215268392
TRAIN_2627,0.4904903468914097,0.44990223704416277,0.49631825983412853
TRAIN_2628,0.5025317313157324,0.49494159262844,0.5023969625340844
TRAIN_2629,0.28341060053213196,0.2825717127461199,0.29069615674832666
TRAIN_2630,0.24269957225392086,0.2423355571497496,0.5567046651669164
TRAIN_2631,0.5011709904413736,0.502462998648061,0.5057083265589912
TRAIN_2632,0.46343628099535117,0.4639899950472639,0.49253303702663215
TRAIN_2633,0.4761245286124112,0.4687526890555869,0.4770607649877881
TRAIN_2634,0.40051588109787956,0.3997308059788773,0.40002114708622355
TRAIN_2635,0.3370952897144298,0.34617478675808255,0.34871470295291335
TRAIN_2636,0.22229128146183524,0.22224662240845855,0.4939942852537985
TRAIN_2637,0.2874967353096136,0.2836085102608269,0.2848355340776871
TRAIN_2638,0.4966790357415302,0.508738034956672,0.4949277688879885
TRAIN_2639,0.4942154889403345,0.5031721735301821,0.3000407448028912
TRAIN_2640,0.4728493183540229,0.4651758417755292,0.4720927553194606
TRAIN_2641,0.49111670662882584,0.4931196267032982,0.4936621703886857
TRAIN_2642,0.4512310967307044,0.43644006980353794,0.4362307546981843
TRAIN_2643,0.5803483551871988,0.5186047142043181,0.523004371828219
TRAIN_2644,0.09956508700948902,0.09971727151149612,0.10030232335813472
TRAIN_2645,0.9658963606821003,0.9678434519652714,0.9677540047687809
TRAIN_2646,0.7596430000659858,0.7636555172679665,0.7669976402379164
TRAIN_2647,0.6303653710018914,0.6103615706264958,0.5123140047394718
TRAIN_2648,0.484229193381617,0.5304307841822306,0.46710388982128426
TRAIN_2649,0.5799654217331149,0.5870575785107827,0.4998722056610159
TRAIN_2650,0.730335609203879,0.49959650040348547,0.7306780171258105
TRAIN_2651,0.3760558407509772,0.36730100590361847,0.37493414617616366
TRAIN_2652,0.13941407256476718,0.14702075753052168,0.16545153833038306
TRAIN_2653,0.5021374480031199,0.5018633606208069,0.5015268627303039
TRAIN_2654,0.5906474707676389,0.8794443040355936,0.590054023456283
TRAIN_2655,0.40749501017018364,0.3853953876018116,0.40475982117055886
TRAIN_2656,0.7149920330302852,0.48227953091664666,0.486256281737407
TRAIN_2657,0.40851445725964225,0.45250417495176376,0.46486097471062154
TRAIN_2658,0.2358170131131354,0.2390895534947946,0.2393145094810541
TRAIN_2659,0.5453826400490204,0.5457353609498478,0.5436069832867073
TRAIN_2660,0.4987646428480044,0.5018241382282121,0.5069739051742387
TRAIN_2661,0.5119473678253736,0.5061228415691157,0.5198776054553751
TRAIN_2662,0.5709320787520236,0.5828850691164034,0.569155298376312
TRAIN_2663,0.35294150717000017,0.3542340936076005,0.34997767013069486
TRAIN_2664,0.0791934274952083,0.08584493704533025,0.0747244119975653
TRAIN_2665,0.5302466448703147,0.5296415355417741,0.5296132253903334
TRAIN_2666,0.44404500324566293,0.3710036918777434,0.4414694774503547
TRAIN_2667,0.5477191163761979,0.45476550376167457,0.5503949998470434
TRAIN_2668,0.22446741582274676,0.2235383428360383,0.22378897527053992
TRAIN_2669,0.19983486641394227,0.19965719579668323,0.1999006600455852
TRAIN_2670,0.5266491056595264,0.5579027497364469,0.5673886184990876
TRAIN_2671,0.7037435346785699,0.7019729936607799,0.7085504277058501
TRAIN_2672,0.38776762896282585,0.40914937737681567,0.3753161427818818
TRAIN_2673,0.33971313447448537,0.34016685614343595,0.3403058206679399
TRAIN_2674,0.5020354869225768,0.8464388229581845,0.8469861366996246
TRAIN_2675,0.7669829966994042,0.7674148156882235,0.7671919117180108
TRAIN_2676,0.5240889275013558,0.5296968890140238,0.5237989629849386
TRAIN_2677,0.5023464553075835,0.5107774106659829,0.48090592105654256
TRAIN_2678,0.6539276890015225,0.6761155629904407,0.4637702597737175
TRAIN_2679,0.4242934888004325,0.44516905788370587,0.4285115044340142
TRAIN_2680,0.6269156816334713,0.8463042931280642,0.8029339541882206
TRAIN_2681,0.3174517726138406,0.39303256494238525,0.35901074283045964
TRAIN_2682,0.35755625733339713,0.36207490457809544,0.18705202092896955
TRAIN_2683,0.5342247493056634,0.5591375171227816,0.5637618195473841
TRAIN_2684,0.5921604266352956,0.6157300358641862,0.5176969512852089
TRAIN_2685,0.5564230147648623,0.5241594975895947,0.5112117922710302
TRAIN_2686,0.4060923130789372,0.46342009952681934,0.47602854701058495
TRAIN_2687,0.2286427932503341,0.23068214744532112,0.5247347251921151
TRAIN_2688,0.501889991568272,0.4648774954082178,0.5106705265766032
TRAIN_2689,0.401951476478705,0.45516951739241596,0.4358676317296053
TRAIN_2690,0.4531018926571426,0.4527879352751729,0.4455642072797335
TRAIN_2691,0.44945989552187104,0.4928927954972852,0.49096986171420404
TRAIN_2692,0.2641350415161611,0.2642841650938191,0.26419892501925324
TRAIN_2693,0.4087675111051641,0.46057553379271243,0.42496170718520476
TRAIN_2694,0.4804549244303611,0.4819974589530373,0.4813111361879848
TRAIN_2695,0.5638001627483648,0.559250416369403,0.5604986457708397
TRAIN_2696,0.5238270222734743,0.53459422772954,0.527025722823264
TRAIN_2697,0.3803019006557538,0.3794676760954978,0.3502549466026778
TRAIN_2698,0.5997284505740101,0.607366769746352,0.6001460284632276
TRAIN_2699,0.7960963235223961,0.49306104151784946,0.8028101973967017
TRAIN_2700,0.7473353271998071,0.7425273359234821,0.7466193820232561
TRAIN_2701,0.47878712058764766,0.4759926442158378,0.4754917801566437
TRAIN_2702,0.5257391969157141,0.5455775744017898,0.5327199797955856
TRAIN_2703,0.2520886579026913,0.2945017640803715,0.2707675712718819
TRAIN_2704,0.5359839039907245,0.5199785401884349,0.5399853907815353
TRAIN_2705,0.41353041053625395,0.5775053305218042,0.5746822716156528
TRAIN_2706,0.5076809604380897,0.517811819401705,0.5104507785341363
TRAIN_2707,0.5925213422702208,0.5569622189861738,0.566003546757827
TRAIN_2708,0.4686495374674178,0.46698413488585955,0.42578915025765685
TRAIN_2709,0.490025867211771,0.4899701940788266,0.4896218257535768
TRAIN_2710,0.6062369381950399,0.608295846629611,0.6062541270302713
TRAIN_2711,0.48403659934280235,0.4710068648218373,0.4687390808725232
TRAIN_2712,0.4982041637723685,0.45590726830672285,0.4671586388876295
TRAIN_2713,0.5143493928692845,0.4760992975151624,0.508022390401723
TRAIN_2714,0.22287115604964175,0.22408517516344117,0.5314566884463673
TRAIN_2715,0.09127345566814266,0.08996627176100513,0.5490047222749667
TRAIN_2716,0.5267104906967467,0.5569983415939354,0.5108824924091109
TRAIN_2717,0.5479807735931186,0.5896275379711793,0.548214320405334
TRAIN_2718,0.38830145236808344,0.41967774614807396,0.39072942140887845
TRAIN_2719,0.4624131279002384,0.4648444532042379,0.445666151186539
TRAIN_2720,0.5027069537217322,0.5640518037367117,0.6281281364333056
TRAIN_2721,0.07560908687990164,0.07441928415483917,0.07529079088275964
TRAIN_2722,0.7987794973177871,0.8025395071455221,0.7984600112548381
TRAIN_2723,0.30005343087948255,0.2572888246943477,0.26001656853402
TRAIN_2724,0.13073930288017266,0.1307475968656152,0.13074398238380547
TRAIN_2725,0.38311844504691395,0.39123985855447097,0.38827703528413254
TRAIN_2726,0.6520581758650015,0.660998209451676,0.6437807166053711
TRAIN_2727,0.48219607186652286,0.49421933276478874,0.48886379806219493
TRAIN_2728,0.43367383057760867,0.4398015453712819,0.3441413178031204
TRAIN_2729,0.4972346477740795,0.5507209820038861,0.5575483528335934
TRAIN_2730,0.451180496333522,0.4722273157700906,0.47264099126947007
TRAIN_2731,0.42031032966922666,0.4195229712546779,0.4079249110582143
TRAIN_2732,0.3062516044218829,0.32158840642442166,0.3155371277022566
TRAIN_2733,0.9295406312195493,0.5832448672141455,0.9304879990363646
TRAIN_2734,0.4883361729681481,0.48424938090037534,0.4777937575302912
TRAIN_2735,0.4659799461404769,0.4692023018117411,0.4623820340034718
TRAIN_2736,0.25922749772377307,0.26194347605373247,0.2681274362900967
TRAIN_2737,0.5200793144719142,0.5202190551772169,0.520868327675137
TRAIN_2738,0.1925290053508274,0.19075617483717983,0.37994315843417803
TRAIN_2739,0.4663744072826399,0.4820075805239293,0.48180819203578856
TRAIN_2740,0.603017606247562,0.7101347801831334,0.6034794512746896
TRAIN_2741,0.49879488484723417,0.4917416797633594,0.49427853208174904
TRAIN_2742,0.19429666997001566,0.194285406357664,0.19281944653998917
TRAIN_2743,0.49759277323972345,0.5515179578626929,0.536452823647276
TRAIN_2744,0.6101632241344102,0.7331315287182847,0.7379420977556317
TRAIN_2745,0.4928773761829253,0.7985991990453108,0.7996534970128243
TRAIN_2746,0.4540754106627752,0.45029331760463687,0.4424814364950795
TRAIN_2747,0.023819057874241212,0.023701072968080383,0.02609915350709957
TRAIN_2748,0.5244945294801062,0.6042700485583736,0.5893735984818652
TRAIN_2749,0.33731744804191566,0.3473849701865821,0.367929294329402
TRAIN_2750,0.2805855489806611,0.2815084428190355,0.2797788457630528
TRAIN_2751,0.7073515248252995,0.7086806297744892,0.7082341727753488
TRAIN_2752,0.4906297000641872,0.49410418475714957,0.5051666357889433
TRAIN_2753,0.5392582258118578,0.464987923094775,0.4629148493950136
TRAIN_2754,0.32567613281500185,0.3056656943160769,0.3157486724465175
TRAIN_2755,0.5105808878642577,0.5874136503970583,0.5886713629349242
TRAIN_2756,0.7693452682865789,0.7690305483945916,0.7690942606040498
TRAIN_2757,0.4440502473434722,0.5267761575481914,0.5276022158219019
TRAIN_2758,0.5360458599310902,0.5158700831251603,0.5266345472100065
TRAIN_2759,0.5135279275396009,0.48378443136753624,0.43032962132080155
TRAIN_2760,0.4742339629603639,0.4879649977063374,0.48439611022165624
TRAIN_2761,0.5257072730502947,0.4726771731706326,0.5146124936775585
TRAIN_2762,0.342735353286206,0.3448368971788702,0.342106916519917
TRAIN_2763,0.47054902946647303,0.4466339374285196,0.4604301594165153
TRAIN_2764,0.3074265521964077,0.3105465388294084,0.3055804475052306
TRAIN_2765,0.23892873426803746,0.23489808032066933,0.2535344790692459
TRAIN_2766,0.40510966192560294,0.3685545241347006,0.4075602196093736
TRAIN_2767,0.5002336297013987,0.5157427228158411,0.5058181640551183
TRAIN_2768,0.4426521343733382,0.48624968474628105,0.4433524262553563
TRAIN_2769,0.836504585556743,0.44346663625276833,0.8411923530459204
TRAIN_2770,0.5689014647533901,0.5797881178083716,0.5584421302505622
TRAIN_2771,0.48336920261829786,0.508165545799599,0.51259795980996
TRAIN_2772,0.7498169915112115,0.7497975135187912,0.7498357506890808
TRAIN_2773,0.5178868606972147,0.867689686735931,0.5181560985432394
TRAIN_2774,0.43086206333902116,0.49491876705042936,0.4522588896171896
TRAIN_2775,0.23396134098950594,0.4711966639916922,0.25947978429781954
TRAIN_2776,0.4832639547300488,0.5227565126729247,0.42839630210804214
TRAIN_2777,0.5365541249741989,0.5108258938098114,0.4732863207546395
TRAIN_2778,0.5412522346876527,0.5567574633355603,0.5214237561665424
TRAIN_2779,0.709831718423511,0.7099282641413491,0.7102365498885501
TRAIN_2780,0.4596972600735229,0.4830242965287936,0.4571107045243151
TRAIN_2781,0.9046323073790518,0.9029528156054965,0.46493395411930216
TRAIN_2782,0.5177513727551954,0.5030261559871562,0.519654559223572
TRAIN_2783,0.49789430579167354,0.49871276683781485,0.505558108311497
TRAIN_2784,0.44856366477843174,0.44075299094876585,0.4507468750108843
TRAIN_2785,0.8939847944573112,0.8931739952346558,0.47530053549432816
TRAIN_2786,0.4118318420139583,0.4112158878276354,0.5232096987665151
TRAIN_2787,0.023658209270816632,0.02409631864331463,0.5189260271125539
TRAIN_2788,0.4793272753236728,0.4712437208383615,0.48550086178181084
TRAIN_2789,0.433586647956134,0.4348341558759279,0.9598617644022895
TRAIN_2790,0.4791719842583502,0.5222569794759179,0.4419124307067391
TRAIN_2791,0.29742988286012473,0.4129706353916005,0.4173098387988204
TRAIN_2792,0.5017269041661087,0.48357260554522935,0.4934146167510764
TRAIN_2793,0.4665623710511408,0.48087605636280817,0.470651354989948
TRAIN_2794,0.52220922757003,0.5138962232032701,0.5376002511928394
TRAIN_2795,0.5329099568072072,0.4676249136979633,0.5377336435260622
TRAIN_2796,0.4667996184455278,0.4584942573016703,0.47317852008771205
TRAIN_2797,0.5046914456456313,0.5345192737002687,0.5375593982023005
TRAIN_2798,0.7302653812130875,0.7294816554175345,0.7294711654316042
TRAIN_2799,0.5234867419295309,0.5856659044740679,0.5456019017533419
TRAIN_2800,0.20010537024552938,0.20055970410445717,0.20027243004475737
TRAIN_2801,0.3782581226411006,0.8273166098922459,0.8268310207248717
TRAIN_2802,0.5428911763094995,0.5440980207104978,0.5390641468669901
TRAIN_2803,0.5040835263529181,0.5190524206876908,0.5907504603627278
TRAIN_2804,0.09987649704412466,0.11063542137839166,0.10626442803083763
TRAIN_2805,0.405323302117485,0.44340472811409176,0.4516846259474246
TRAIN_2806,0.48166577785597453,0.4427862627545606,0.5199220198920336
TRAIN_2807,0.028598184999759746,0.0277453323710255,0.03345273913174063
TRAIN_2808,0.079650726738837,0.0798131811230477,0.07893594726465486
TRAIN_2809,0.5292325951031067,0.5127801975401038,0.5367957458636872
TRAIN_2810,0.48434053686500717,0.4731354513857221,0.4929219926171977
TRAIN_2811,0.4705964227588433,0.4711555359274934,0.46023089018058033
TRAIN_2812,0.44349509365470946,0.4438054764506792,0.4383574945331209
TRAIN_2813,0.7569019285983992,0.5419977465225414,0.7625351592843899
TRAIN_2814,0.731300743554355,0.7325309719967972,0.7333504628784648
TRAIN_2815,0.5742459003730516,0.6886454066357226,0.5793578586817829
TRAIN_2816,0.5182145372989856,0.5113418557205399,0.514476547805012
TRAIN_2817,0.5356020552726669,0.4686542726436357,0.548633541552382
TRAIN_2818,0.5121850277770033,0.5157107414856631,0.48246048611534703
TRAIN_2819,0.5533259421921823,0.4361699389441753,0.43098234005210967
TRAIN_2820,0.4925748964284754,0.48806062417933044,0.49502436694970886
TRAIN_2821,0.46592495242560844,0.4775548003324228,0.4388743278473928
TRAIN_2822,0.7576698924113598,0.7660155182651243,0.7611727353207913
TRAIN_2823,0.30138852841633756,0.29739629776895016,0.3126519811606788
TRAIN_2824,0.5022609166272541,0.7386459746646964,0.5011479778562234
TRAIN_2825,0.4705520150440552,0.40278856849489486,0.4677993504334583
TRAIN_2826,0.16315972347295643,0.5382439452467331,0.15935739438557311
TRAIN_2827,0.44466197819515946,0.44058492487056095,0.4463518599656447
TRAIN_2828,0.6044832631211866,0.6196766843737933,0.6194077044576903
TRAIN_2829,0.5468875180266609,0.5267371005671577,0.5689624948138843
TRAIN_2830,0.5253522706971573,0.5606511926704312,0.5358152011776213
TRAIN_2831,0.6129480004481784,0.6161689582684111,0.6435954476390452
TRAIN_2832,0.3386362424484394,0.33655082665726244,0.33812840495204843
TRAIN_2833,0.3541276312986673,0.49577061271122086,0.36087434964541576
TRAIN_2834,0.5429361779140135,0.5302487240022377,0.5522249077554574
TRAIN_2835,0.40018163367376924,0.3856633837559262,0.4389373266851912
TRAIN_2836,0.5313430306958873,0.5230465800917473,0.5237532635599651
TRAIN_2837,0.5989018520675453,0.025119286992660694,0.02673921886597813
TRAIN_2838,0.2753499387881887,0.4685579693112037,0.2759686215886442
TRAIN_2839,0.36128097837684403,0.5093946986490361,0.36132353332380296
TRAIN_2840,0.46293977048934365,0.44925510787607,0.46296320473570934
TRAIN_2841,0.34644245517293937,0.3689354993979821,0.3922701608731522
TRAIN_2842,0.7175706969406576,0.7149868537609572,0.7115134858378502
TRAIN_2843,0.5160678635229696,0.30989627767128525,0.3103246407233463
TRAIN_2844,0.6260149900159829,0.6319346529564198,0.6280115709728507
TRAIN_2845,0.24161576109874922,0.46365915348793707,0.2413233549651005
TRAIN_2846,0.5434017552091718,0.5804923771326438,0.5742130835767826
TRAIN_2847,0.5185678463258436,0.5096574505523633,0.5202122817555166
TRAIN_2848,0.49355038145153807,0.486695908186402,0.49080272695077437
TRAIN_2849,0.499193731108095,0.4658168163414793,0.4467151371482813
TRAIN_2850,0.45461545349808835,0.2433505718531937,0.2465745476173916
TRAIN_2851,0.49661318485077804,0.489914307714072,0.4612218446188896
TRAIN_2852,0.5240115950319717,0.47644114891979855,0.5184044012905108
TRAIN_2853,0.4905719802919379,0.5173914553562172,0.5116184270311427
TRAIN_2854,0.2616933943301635,0.26261326134161145,0.266430646915619
TRAIN_2855,0.7500151259751019,0.750484119730909,0.7491744705186749
TRAIN_2856,0.2316934089451596,0.20843957374796918,0.216471885403208
TRAIN_2857,0.0030590393095909496,0.023282768419546573,0.06641516148187826
TRAIN_2858,0.508677602842033,0.33584598750752415,0.3404721929976545
TRAIN_2859,0.49501160680361644,0.4740671611116454,0.47376248887017475
TRAIN_2860,0.5988064805261647,0.24335049175748855,0.468080388191324
TRAIN_2861,0.2416075985502178,0.23977168032795387,0.2389685668883882
TRAIN_2862,0.434669650348346,0.43387558347832084,0.43525542257298405
TRAIN_2863,0.4228793796527219,0.43554582711773965,0.44434554675238186
TRAIN_2864,0.41453855846653637,0.4232059550790749,0.4140226697661723
TRAIN_2865,0.5436824589455473,0.5093404510494297,0.5178322895857803
TRAIN_2866,0.5016274914991613,0.46754200182076533,0.44731264813354066
TRAIN_2867,0.5501396120940089,0.5212157067527627,0.5567077236914282
TRAIN_2868,0.44449577354690434,0.46786560162405183,0.46574872072169876
TRAIN_2869,0.9998601866923795,0.9999438769818729,0.9998831059957053
TRAIN_2870,0.5183543032890542,0.5271568436037706,0.5389677371975893
TRAIN_2871,0.1461662275014024,0.1442110942418034,0.4130222803662868
TRAIN_2872,0.9269357047712915,0.583317649779408,0.927603020832364
TRAIN_2873,0.15780122689064707,0.1585835413524686,0.157189748723162
TRAIN_2874,0.46784670314089727,0.4715328312522616,0.45827234621648943
TRAIN_2875,0.5242320457665613,0.5189656966557795,0.5390043325279624
TRAIN_2876,0.4316430103500545,0.47260424245526794,0.44422902186251273
TRAIN_2877,0.9705047846812227,0.9702284867581348,0.9700926766722285
TRAIN_2878,0.5280193244260319,0.5061377505076704,0.5374714356366089
TRAIN_2879,0.47753729161533925,0.4800893238049753,0.48696903469858926
TRAIN_2880,0.5283201010721021,0.5254080145113548,0.5146287244921832
TRAIN_2881,0.5991122993690237,0.4995061972316618,0.409406032041176
TRAIN_2882,0.45037575765327653,0.441212582396056,0.45828065091561476
TRAIN_2883,0.07345461725585034,0.09160742915199521,0.09555154480955891
TRAIN_2884,0.17343951424417242,0.17232989326763953,0.37513238206483734
TRAIN_2885,0.21128593270111778,0.21840773545610137,0.21770611211618485
TRAIN_2886,0.5567983792761104,0.5670366442727033,0.5819459948180266
TRAIN_2887,0.5502730826033824,0.5541220762449175,0.55143505755441
TRAIN_2888,0.5098316816240784,0.032042348946445975,0.031158140130807588
TRAIN_2889,0.503268807821266,0.5174123601832683,0.5032222139759128
TRAIN_2890,0.6025602222340318,0.7485636132144471,0.7827024776500304
TRAIN_2891,0.18778522148781218,0.2009411694003997,0.4784574364614605
TRAIN_2892,0.5227497338966338,0.5155241413096068,0.49701050448412176
TRAIN_2893,0.5052672853547308,0.4841886188954211,0.4965462987907577
TRAIN_2894,0.839651740511911,0.8399155634173882,0.83947675755143
TRAIN_2895,0.5844797629933215,0.35636750432471154,0.36365583981538757
TRAIN_2896,0.5884800068553029,0.5777389018419469,0.3614006985360956
TRAIN_2897,0.4607474354890868,0.7361502049466375,0.7351821248288211
TRAIN_2898,0.32729391963388577,0.3250372016401435,0.5192075697171239
TRAIN_2899,0.41609215641780195,0.41989595548240394,0.42132796292849745
TRAIN_2900,0.10198054596222045,0.1467545884525348,0.1484884251870907
TRAIN_2901,0.4466140210688549,0.4470996144081158,0.4429565018237594
TRAIN_2902,0.4260381971379792,0.7058525936473863,0.7088507606219585
TRAIN_2903,0.1613194711026963,0.19359184228746296,0.15250373343021123
TRAIN_2904,0.5958336575102394,0.5954211716013981,0.5559109216105241
TRAIN_2905,0.4103424312388214,0.20401622023347182,0.218934021773798
TRAIN_2906,0.31201748058637324,0.3443855827642476,0.49055241934160965
TRAIN_2907,0.5038160356409921,0.5087178485158714,0.5157879357494535
TRAIN_2908,0.9596470055142938,0.9597461706034854,0.9599171416741215
TRAIN_2909,0.4288694734893779,0.4273904417384897,0.42829962882104966
TRAIN_2910,0.4305544296847547,0.4471221104205354,0.4872679730627653
TRAIN_2911,0.49862052988383004,0.5447341375547535,0.5385345903397512
TRAIN_2912,0.18919812536970632,0.18916092786172334,0.3783903746107745
TRAIN_2913,0.917160146553772,0.460945661770653,0.5263767893049075
TRAIN_2914,0.5034657405279328,0.5310131945473077,0.5110221580410733
TRAIN_2915,0.470499847424838,0.8993329403689181,0.9022176932561328
TRAIN_2916,0.3005822113789103,0.2987839028958646,0.3075390666648137
TRAIN_2917,0.4762071522791609,0.45086173016121156,0.4635096871006459
TRAIN_2918,0.518004662031704,0.8678758265955069,0.5183969720536644
TRAIN_2919,0.6055461314242213,0.6040520471818911,0.6008644475897675
TRAIN_2920,0.8946851976134241,0.8943004517175592,0.8962077125828748
TRAIN_2921,0.4167273452684399,0.4563274475026461,0.4423697248389874
TRAIN_2922,0.17587143742537054,0.1792499239365387,0.507815523360263
TRAIN_2923,0.5072630200661549,0.5695514886333817,0.5673740487405237
TRAIN_2924,0.7545689847751311,0.7543275986076772,0.5687200713847231
TRAIN_2925,0.49581412155861565,0.4933564679172326,0.49446298024441127
TRAIN_2926,0.27084242233396116,0.26839297296713893,0.5681839994296091
TRAIN_2927,0.4452397866566282,0.7456568977221882,0.7451753539130004
TRAIN_2928,0.6505589996595604,0.6409495502641274,0.6648029659275558
TRAIN_2929,0.5227230757803795,0.5263595544916635,0.505034431048986
TRAIN_2930,0.3392699119383748,0.3518737873762011,0.332248317431143
TRAIN_2931,0.48690246436372964,0.5037148519913602,0.4969256498234526
TRAIN_2932,0.1436967812452558,0.15989693913000852,0.14392569982363201
TRAIN_2933,0.5857226621108578,0.4929500706292588,0.6164665917672323
TRAIN_2934,0.8190186546139946,0.4825677333397271,0.8184918700662047
TRAIN_2935,0.6259817835178689,0.6277070128192319,0.6298061469492602
TRAIN_2936,0.5144487947571215,0.5155254135858658,0.5524283624225974
TRAIN_2937,0.42811198687699775,0.4244950786907707,0.41891466299891544
TRAIN_2938,0.5054495483327764,0.531688221459617,0.49450628456447054
TRAIN_2939,0.4452803558845466,0.34818112878733054,0.31652658848295123
TRAIN_2940,0.4054084548759863,0.38700387387975105,0.38857866504681093
TRAIN_2941,0.501931324426798,0.212879857717446,0.21455872160564687
TRAIN_2942,0.19470140404014347,0.18968816238306518,0.1823836377544243
TRAIN_2943,0.5111584250136882,0.5146235202917684,0.5028893912896555
TRAIN_2944,0.5371593585657232,0.5420491049916133,0.5356366550461557
TRAIN_2945,0.5915123983229106,0.5945558545251542,0.5860630626985528
TRAIN_2946,0.17666760581458285,0.18317960131550265,0.1813971648786723
TRAIN_2947,0.5129214199445215,0.5363887657456947,0.5207385429756256
TRAIN_2948,0.45615254137635525,0.4343396066715838,0.4453236432175216
TRAIN_2949,0.3111013166422889,0.3023571923169285,0.2872410098566619
TRAIN_2950,0.27058946942878037,0.49287305664880215,0.2629139064008366
TRAIN_2951,0.29321807653768395,0.30021071716819714,0.5253862672308305
TRAIN_2952,0.030787465401704406,0.030288870163907633,0.030158612569368304
TRAIN_2953,0.4304073123310662,0.4350207451052469,0.43218311261280135
TRAIN_2954,0.5887801090932814,0.6330721620571872,0.6081773033521495
TRAIN_2955,0.2694130728680595,0.2716905815061895,0.26341584611629143
TRAIN_2956,0.11006460901357085,0.11021587554571943,0.11053331073102574
TRAIN_2957,0.6188936097350783,0.6017363254917603,0.6453004526623867
TRAIN_2958,0.13566017889735887,0.13226540497023215,0.3850775079724298
TRAIN_2959,0.40012470475635675,0.40951437818928504,0.38070053948202237
TRAIN_2960,0.1503274284037306,0.15002434191801967,0.15046734429818232
TRAIN_2961,0.40589912872991857,0.5005442681057921,0.45426849610051057
TRAIN_2962,0.30825006416359135,0.313756123091287,0.32857459219438834
TRAIN_2963,0.02246394669075391,0.025709668924087103,0.025424420291240535
TRAIN_2964,0.4479886551740866,0.4985416920464212,0.4553850050697524
TRAIN_2965,0.5595263701811034,0.5697053317135212,0.5662925151497062
TRAIN_2966,0.46087789418732583,0.46816398373403906,0.4612626029102235
TRAIN_2967,0.5601903341451029,0.5530975985674491,0.5581412202721298
TRAIN_2968,0.1496293442552531,0.15407382978452078,0.14376730166094415
TRAIN_2969,0.48664594489930807,0.08271262961509707,0.08411738556840265
TRAIN_2970,0.5240563657117825,0.4906217364845039,0.49020880827325214
TRAIN_2971,0.15219518991370545,0.15156342194267852,0.1522891828902253
TRAIN_2972,0.44883871913106127,0.47647169434206926,0.44847396608377943
TRAIN_2973,0.025461683014727565,0.01728464302131555,0.025407438528880832
TRAIN_2974,0.5593656371630626,0.5859699941391682,0.5839198156533841
TRAIN_2975,0.5418496907601883,0.5620138523063218,0.5634266743887456
TRAIN_2976,0.08593505859355366,0.4404152981439879,0.36385691066269427
TRAIN_2977,0.27507815699406807,0.2786321066618794,0.3701962947981303
TRAIN_2978,0.25809840312550936,0.2582175852883923,0.2564708402517699
TRAIN_2979,0.4829986402766486,0.19356895691295045,0.19467912906028195
TRAIN_2980,0.47149766031397383,0.5109414851890641,0.49863661668817527
TRAIN_2981,0.0811558842988232,0.08145858364242825,0.08292104456509136
TRAIN_2982,0.46830813942287397,0.1135840886040978,0.11383225355599286
TRAIN_2983,0.4570016086281633,0.035948044038399074,0.03585651395595446
TRAIN_2984,0.27115976229855826,0.4102437866550872,0.4023632636578073
TRAIN_2985,0.5301846422298181,0.5606445955543304,0.5420846928913714
TRAIN_2986,0.09959063474481605,0.09979718524114023,0.09612200648970703
TRAIN_2987,0.5690757024844496,0.5810671333983075,0.547313926291843
TRAIN_2988,0.15241257147514392,0.5033591634092619,0.5256520467946935
TRAIN_2989,0.18846915565883676,0.1831132547822063,0.15013961311667617
TRAIN_2990,0.4605021554546252,0.45293325155609615,0.4646806792508015
TRAIN_2991,0.20538299230380724,0.2023287685288197,0.19939403681755058
TRAIN_2992,0.5493352880930554,0.1617439090288258,0.16288944607921696
TRAIN_2993,0.4128980158287682,0.4017984200978946,0.4279964119521976
TRAIN_2994,0.4312052635407637,0.4552048502247459,0.4443078385846047
TRAIN_2995,0.4770251164867541,0.47072667296610443,0.48086793841278136
TRAIN_2996,0.1672472523991142,0.1686554920443047,0.15625747425905884
TRAIN_2997,0.18566448091226734,0.1862426532624421,0.1847306020568898
TRAIN_2998,0.5477931149698425,0.5227769596049106,0.5159990346455727
TRAIN_2999,0.5381369823764909,0.035684243417388295,0.03552714259273326
